citing_dir	citing_fam	target_dir	target_fam	cross
A-Capacity-Criterion-for-Four-State-Potts-Reconstruction-on-Trees-October-5-2026	229	The-Reconstruction-Threshold-for-the-Ferromagnetic-Four-State-Potts-Model-October-5-2026	229	0
A-Charged-Reduction-of-the-Spacetime-Penrose-Inequality-in-Spatial-Dimensions-at-Least-Four-October-5-2026	260	The-spacetime-Penrose-inequality-and-enclosing-area-September-27-2026	260	0
A-Charged-Reduction-of-the-Spacetime-Penrose-Inequality-in-Spatial-Dimensions-at-Least-Four-October-5-2026	260	The-spacetime-Penrose-inequality-with-charge-and-original-data-rigidity-October-5-2026	260	0
A-Codimension-One-Bound-for-the-Singular-Set-of-a-Stationary-Integral-Varifold-October-5-2026	346	Almost-everywhere-regularity-of-stationary-integral-varifolds-September-23-2026	346	0
A-Counterexample-to-Kaplanskys-Direct-Finiteness-Conjecture-in-Characteristic-Two-September-23-2026	197	A-Counterexample-to-the-Group-Ring-Determinant-Conjecture-September-23-2026	197	0
A-Counterexample-to-Kaplanskys-Direct-Finiteness-Conjecture-in-Characteristic-Two-September-23-2026	197	A-universal-group-of-type-F-infinity-September-23-2026	250	1
A-Counterexample-to-Kaplanskys-Direct-Finiteness-Conjecture-in-Odd-Characteristic-September-26-2026	197	A-Counterexample-to-Kaplanskys-Direct-Finiteness-Conjecture-in-Characteristic-Two-September-23-2026	197	0
A-Counterexample-to-Rysers-Covering-Conjecture-September-23-2026	162	Balanced-Counterexamples-to-Rysers-Conjecture-at-Prime-Orders-September-27-2026	162	0
A-Counterexample-to-the-Group-Ring-Determinant-Conjecture-September-23-2026	197	A-Counterexample-to-Kaplanskys-Direct-Finiteness-Conjecture-in-Characteristic-Two-September-23-2026	197	0
A-Logarithmic-Independence-Bound-for-Clique-Free-Graphs-September-25-2026	184	Sharp-Logarithmic-Exponents-for-Fixed-Off-Diagonal-Ramsey-Numbers-September-24-2026	170	1
A-Logarithmic-Independence-Bound-for-Clique-Free-Graphs-September-25-2026	184	The-Sharp-Logarithmic-Exponent-of-r-5-t-September-24-2026	170	1
A-Power-Saving-for-Polynomial-Differences-at-Prime-Arguments-October-5-2026	182	A-power-saving-for-intersective-polynomial-differences-with-an-exponent-depending-only-on-the-degree-October-5-2026	182	0
A-Power-Saving-for-Polynomial-Differences-at-Prime-Arguments-October-5-2026	182	A-power-saving-for-square-difference-free-sets-September-24-2026	182	0
A-Power-Saving-for-Polynomial-Differences-at-Prime-Arguments-October-5-2026	182	The-Quasi-Riemann-Hypothesis-September-30-2026	003	1
A-Torsion-Free-Counterexample-to-Reduced-Baum-Connes-Injectivity-September-23-2026	285	A-Torsion-Free-Counterexample-to-the-Kadison-Kaplansky-Projection-Conjecture-September-23-2026	285	0
A-Torsion-Free-Counterexample-to-the-Kadison-Kaplansky-Projection-Conjecture-September-23-2026	285	The-Bass-trace-conjecture-for-complex-group-rings-September-24-2026	207	1
A-Torsion-Free-Group-Algebra-That-Is-Not-Directly-Finite-October-4-2026	197	A-Counterexample-to-Kaplanskys-Direct-Finiteness-Conjecture-in-Characteristic-Two-September-23-2026	197	0
A-Torsion-Free-Group-Algebra-That-Is-Not-Directly-Finite-October-4-2026	197	A-Torsion-Free-Group-Algebra-with-Zero-Divisors-September-23-2026	196	1
A-boundary-field-gap-for-the-spin-one-Heisenberg-chain-September-24-2026	268	The-periodic-spin-one-Haldane-gap-September-24-2026	268	0
A-conditional-abelianity-theorem-for-special-fourfold-pairs-with-a-half-weight-divisor-October-5-2026	057	The-abelianity-conjecture-for-special-compact-Kahler-manifolds-September-23-2026	057	0
A-continuum-temperature-singularity-for-a-radial-pair-potential-September-24-2026	228	A-radial-continuum-phase-transition-with-algebraic-decay-September-24-2026	228	0
A-counterexample-to-Hadwigers-conjecture-September-23-2026	157	A-counterexample-to-the-Colin-de-Verdiere-chromatic-conjecture-September-23-2026	157	0
A-counterexample-to-Tachikawas-second-conjecture-September-23-2026	199	An-algebra-of-infinite-little-finitistic-dimension-September-23-2026	198	1
A-counterexample-to-Tachikawas-second-conjecture-September-23-2026	199	An-explicit-counterexample-to-the-Auslander-Reiten-conjecture-September-23-2026	199	0
A-counterexample-to-the-Colin-de-Verdiere-chromatic-conjecture-September-23-2026	157	A-counterexample-to-Hadwigers-conjecture-September-23-2026	157	0
A-counterexample-to-the-Colin-de-Verdiere-chromatic-conjecture-September-23-2026	157	A-linear-list-coloring-bound-in-terms-of-the-Hadwiger-number-September-23-2026	157	0
A-counterexample-to-the-coarse-Novikov-conjecture-September-23-2026	307	A-Torsion-Free-Counterexample-to-Reduced-Baum-Connes-Injectivity-September-23-2026	285	1
A-linear-list-coloring-bound-in-terms-of-the-Hadwiger-number-September-23-2026	157	A-counterexample-to-Hadwigers-conjecture-September-23-2026	157	0
A-negatively-pinched-Kahler-threefold-without-bounded-holomorphic-coordinates-September-25-2026	359	One-sided-negative-sectional-curvature-and-the-holomorphic-Liouville-property-September-25-2026	359	0
A-pointwise-2-converse-for-elliptic-curves-with-rational-two-torsion-September-24-2026	004	Goldfelds-analytic-density-conjecture-and-the-2-converse-for-elliptic-curves-September-23-2026	006	1
A-polynomial-time-construction-of-strong-thin-trees-September-23-2026	174	The-strong-thin-tree-conjecture-September-23-2026	174	0
A-power-saving-for-intersective-polynomial-differences-with-an-exponent-depending-only-on-the-degree-October-5-2026	182	A-power-saving-for-square-difference-free-sets-September-24-2026	182	0
A-radial-continuum-phase-transition-with-algebraic-decay-September-24-2026	228	A-continuum-temperature-singularity-for-a-radial-pair-potential-September-24-2026	228	0
A-smooth-three-torus-diffeomorphism-with-simple-Lebesgue-spectrum-September-23-2026	144	Rokhlins-multiple-mixing-problem-for-one-transformation-September-23-2026	145	1
A-stable-coordinate-that-is-not-a-coordinate-in-four-variables-October-5-2026	049	An-explicit-failure-of-complex-affine-space-cancellation-September-23-2026	047	1
A-strict-inverse-first-power-bound-for-univalent-functions-September-24-2026	072	Brennans-conjecture-and-sharp-inverse-square-integral-means-September-24-2026	072	0
A-surface-counterexample-to-Shafarevich-holomorphic-convexity-September-23-2026	046	Semialgebraic-universal-covers-of-normal-projective-varieties-September-24-2026	058	1
A-surface-counterexample-to-Shafarevich-holomorphic-convexity-September-23-2026	046	The-abelianity-conjecture-for-special-compact-Kahler-manifolds-September-23-2026	057	1
A-two-dimensional-area-law-from-a-global-spectral-gap-September-24-2026	265	Polynomial-PEPS-approximation-of-gapped-square-grid-ground-states-September-24-2026	265	0
Abundance-after-nonvanishing-for-compact-Kahler-fourfolds-September-27-2026	034	Lifting-sections-from-the-reduced-support-of-an-adjoint-September-27-2026	034	0
Abundance-after-nonvanishing-for-compact-Kahler-fourfolds-September-27-2026	034	Log-abundance-in-characteristic-zero-September-24-2026	034	0
Almost-everywhere-regularity-of-stationary-integral-varifolds-September-23-2026	346	The-Solomon-Yau-least-volume-theorem-September-23-2026	349	1
Ambiently-homeomorphic-isolated-hypersurface-germs-in-C4-with-multiplicities-four-and-five-September-27-2026	059	Ambiently-homeomorphic-isolated-hypersurfaces-of-multiplicities-two-and-three-September-24-2026	059	0
Ambiently-homeomorphic-isolated-hypersurfaces-of-multiplicities-two-and-three-September-24-2026	059	Topological-triviality-of-mu-constant-families-of-surface-singularities-September-24-2026	064	1
An-Almost-Linear-Approximation-Scheme-for-Edit-Distance-September-24-2026	121	Edit-Distance-in-l1-Matching-Bounds-up-to-Constants-in-the-Exponent-September-27-2026	099	1
An-Exact-Semidefinite-Lift-of-a-Nonspectrahedral-Hyperbolicity-Cone-October-5-2026	095	A-Nonspectrahedral-Hyperbolicity-Cone-September-24-2026	095	0
An-FPRAS-for-Cell-Bounded-Contingency-Tables-September-24-2026	115	Approximate-counting-of-common-bases-of-two-matroids-September-23-2026	114	1
An-FPRAS-for-Cell-Bounded-Contingency-Tables-September-24-2026	115	Exact-Uniform-Sampling-of-Contingency-Tables-with-Arbitrary-Margins-September-24-2026	115	0
An-FPRAS-for-Common-Integer-Polymatroid-Bases-with-Binary-Capacities-October-5-2026	114	An-FPRAS-for-Cell-Bounded-Contingency-Tables-September-24-2026	115	1
An-FPRAS-for-Common-Integer-Polymatroid-Bases-with-Binary-Capacities-October-5-2026	114	Approximate-counting-of-common-bases-of-two-matroids-September-23-2026	114	0
An-Integral-Counterexample-to-Gerstens-Conjecture-September-25-2026	209	An-Integral-Degree-Three-Gersten-Counterexample-September-26-2026	209	0
An-Integral-Degree-Three-Gersten-Counterexample-September-26-2026	209	An-Integral-Counterexample-to-Gerstens-Conjecture-September-25-2026	209	0
An-Isolated-Particle-Pole-for-the-Two-Dimensional-O3-Spin-Field-October-4-2026	215	The-canonical-massive-continuum-limit-of-the-two-dimensional-O3-model-October-4-2026	215	0
An-L2-Einstein-Gap-for-Nonnegatively-Curved-Four-Manifolds-October-5-2026	348	Zero-Plane-Rigidity-for-Einstein-Four-Manifolds-October-4-2026	348	0
An-L3-bound-for-the-dyadic-triangular-Hilbert-form-October-5-2026	082	The-maximal-triangular-Hilbert-transform-at-the-symmetric-point-September-24-2026	082	0
An-algebra-of-infinite-little-finitistic-dimension-September-23-2026	198	A-counterexample-to-Tachikawas-second-conjecture-September-23-2026	199	1
An-asymptotic-formula-for-the-number-of-totients-September-25-2026	024	Weighted-Dilation-Graphs-Smooth-Shifted-Primes-and-Totient-Fibers-September-24-2026	011	1
An-atomic-certificate-for-triangular-lattice-universal-optimality-September-26-2026	090	A-sharp-Fourier-certificate-for-planar-circle-packing-September-23-2026	090	0
An-atomic-certificate-for-triangular-lattice-universal-optimality-September-26-2026	090	Universal-optimality-of-the-triangular-lattice-September-23-2026	090	0
An-exact-Hausdorff-gauge-for-SLE-September-25-2026	230	An-explicit-exact-Hausdorff-gauge-for-SLE-September-26-2026	230	0
An-explicit-counterexample-to-the-Auslander-Reiten-conjecture-September-23-2026	199	A-counterexample-to-Tachikawas-second-conjecture-September-23-2026	199	0
An-explicit-exact-Hausdorff-gauge-for-SLE-September-26-2026	230	An-exact-Hausdorff-gauge-for-SLE-September-25-2026	230	0
An-explicit-power-saving-for-the-exact-discrete-Fourier-transform-September-25-2026	130	Finite-tensor-savings-and-exact-Fourier-circuits-September-25-2026	130	0
An-explicit-power-saving-for-the-exact-discrete-Fourier-transform-September-25-2026	130	Integer-multiplication-below-n-log-n-September-23-2026	109	1
An-exponential-state-lower-bound-for-two-way-nondeterministic-complementation-September-25-2026	129	An-exponential-two-way-deterministic-state-lower-bound-for-one-way-liveness-September-25-2026	129	0
An-exponential-two-way-deterministic-state-lower-bound-for-one-way-liveness-September-25-2026	129	An-exponential-state-lower-bound-for-two-way-nondeterministic-complementation-September-25-2026	129	0
Arithmeticity-of-twisted-finite-correspondences-for-lattices-over-local-fields-September-23-2026	286	The-arithmetic-category-and-stable-recovery-of-lattice-factors-September-23-2026	286	0
Asymptotically-minimal-maxima-of-real-Littlewood-polynomials-September-23-2026	076	A-smooth-three-torus-diffeomorphism-with-simple-Lebesgue-spectrum-September-23-2026	144	1
Backward-intertwiners-and-a-transitive-commutant-September-27-2026	293	Invariant-projection-counterexamples-for-every-irrational-rotation-September-27-2026	293	0
Balanced-Counterexamples-to-Rysers-Conjecture-at-Prime-Orders-September-27-2026	162	A-Counterexample-to-Rysers-Covering-Conjecture-September-23-2026	162	0
Baumslag-Solitar-free-one-relator-groups-are-hyperbolic-September-25-2026	258	Virtual-compact-specialness-of-hyperbolic-one-relator-groups-September-25-2026	258	0
Bi-Lipschitz-Absorption-of-c0-Without-a-Linear-Copy-of-c0-September-26-2026	324	Lipschitz-Equivalent-Separable-Banach-Spaces-Need-Not-Be-Linearly-Isomorphic-September-24-2026	324	0
Bochner-Riesz-Multipliers-in-Three-Dimensions-September-24-2026	078	Critical-local-smoothing-for-the-three-dimensional-wave-equation-September-24-2026	079	1
Bochner-Riesz-Multipliers-in-Three-Dimensions-September-24-2026	078	Diagonal-Fourier-extension-for-positively-curved-surfaces-in-three-dimensions-September-24-2026	077	1
Bochner-Riesz-Multipliers-in-Three-Dimensions-September-24-2026	078	Elliptic-capacity-propagation-and-Fourier-restriction-to-the-sphere-September-24-2026	077	1
Bose-Einstein-condensation-at-positive-temperature-in-the-dilute-hard-sphere-gas-October-5-2026	267	A-density-uniform-condensate-bound-for-dilute-Bose-gases-September-27-2026	267	0
Bose-Einstein-condensation-at-positive-temperature-in-the-dilute-hard-sphere-gas-October-5-2026	267	Ground-state-condensation-in-the-dilute-hard-sphere-gas-September-24-2026	267	0
Boundary-graph-deformations-for-the-spacetime-Penrose-inequality-September-27-2026	260	Conformal-flow-and-the-Riemannian-Penrose-inequality-with-minimizing-frontiers-September-27-2026	260	0
Boundary-graph-deformations-for-the-spacetime-Penrose-inequality-September-27-2026	260	The-spacetime-Penrose-inequality-and-enclosing-area-September-27-2026	260	0
Bounded-anticanonical-metrics-on-klt-pairs-and-torus-quotients-September-26-2026	068	Anticanonical-nonvanishing-from-smooth-semipositivity-September-26-2026	068	0
Bounded-klt-complements-for-Fano-contractions-September-25-2026	066	Uniform-Cartier-sections-for-Fano-type-contractions-September-25-2026	066	0
Bounded-scalar-curvature-and-smooth-extension-of-four-dimensional-Ricci-flow-September-24-2026	351	Path-selection-and-an-elliptic-inequality-on-degenerating-Ricci-flat-trees-September-24-2026	351	0
Brennans-conjecture-and-sharp-inverse-square-integral-means-September-24-2026	072	A-strict-inverse-first-power-bound-for-univalent-functions-September-24-2026	072	0
Canonical-ampleness-of-compact-hyperbolic-Kahler-manifolds-September-23-2026	051	Fujitas-freeness-conjecture-September-23-2026	038	1
Canonical-ampleness-of-compact-hyperbolic-Kahler-manifolds-September-23-2026	051	Semialgebraic-universal-covers-of-normal-projective-varieties-September-24-2026	058	1
Canonical-conformal-limits-of-subcritical-FK-planar-maps-September-24-2026	211	Metric-measure-limits-of-subcritical-FK-and-spanning-tree-planar-maps-September-24-2026	211	0
Cardys-formula-for-critical-Poisson-Voronoi-percolation-September-23-2026	224	Square-lattice-FK-interfaces-and-nested-loops-for-1-leq-q-lt-4-September-23-2026	223	1
Cohomological-transfer-and-equivariant-anticanonical-sections-September-26-2026	068	Anticanonical-nonvanishing-from-smooth-semipositivity-September-26-2026	068	0
Cohomological-transfer-and-equivariant-anticanonical-sections-September-26-2026	068	Invariant-anticanonical-indices-and-conversion-of-twisted-differentials-September-26-2026	068	0
Compatibility-entropy-and-the-spectrum-of-a-Thorp-sweep-September-26-2026	238	Optimal-order-mixing-of-the-Thorp-shuffle-September-26-2026	238	0
Compatibility-entropy-and-the-spectrum-of-a-Thorp-sweep-September-26-2026	238	Routing-densities-and-representation-contraction-for-Thorp-sweeps-September-26-2026	238	0
Computing-the-Random-3-SAT-Threshold-September-27-2026	235	A-Limiting-Satisfiability-Threshold-for-Every-Fixed-Clause-Size-September-25-2026	235	0
Computing-the-Random-3-SAT-Threshold-September-27-2026	235	The-Mezard-Parisi-formula-for-diluted-spin-glasses-September-23-2026	221	1
Conditional-good-minimal-models-for-compact-Kahler-fourfolds-October-5-2026	034	Abundance-after-nonvanishing-for-compact-Kahler-fourfolds-September-27-2026	034	0
Conditional-good-minimal-models-for-compact-Kahler-fourfolds-October-5-2026	034	Finite-ordinary-minimal-model-programs-on-compact-Kahler-fourfolds-October-5-2026	056	1
Conditional-good-minimal-models-for-compact-Kahler-fourfolds-October-5-2026	034	Orbifold-and-logarithmic-Iitaka-subadditivity-September-26-2026	033	1
Conformal-flow-and-the-Riemannian-Penrose-inequality-with-minimizing-frontiers-September-27-2026	260	Boundary-graph-deformations-for-the-spacetime-Penrose-inequality-September-27-2026	260	0
Conformal-flow-and-the-Riemannian-Penrose-inequality-with-minimizing-frontiers-September-27-2026	260	Equality-and-rigidity-in-the-spacetime-Penrose-inequality-September-27-2026	260	0
Conformal-flow-and-the-Riemannian-Penrose-inequality-with-minimizing-frontiers-September-27-2026	260	The-spacetime-Penrose-inequality-and-enclosing-area-September-27-2026	260	0
Constant-factor-hardness-of-uniform-sparsest-cut-September-24-2026	117	The-Unique-Games-Theorem-September-23-2026	102	1
Constructible-tame-Hecke-eigensheaves-in-positive-characteristic-October-5-2026	014	The-Restricted-Geometric-Langlands-Equivalence-in-Positive-Characteristic-September-24-2026	014	0
Continuous-Phase-Foliations-Create-Analytic-Caustic-Collars-September-24-2026	147	Rigidity-of-Smooth-Billiards-with-a-Continuous-Caustic-Collar-September-24-2026	147	0
Continuum-Coulomb-hardness-with-binary-nuclear-charges-September-24-2026	275	QMA-hardness-of-continuum-Coulomb-energy-with-unit-nuclear-charges-September-24-2026	275	0
Continuum-Coulomb-hardness-with-binary-nuclear-charges-September-24-2026	275	Uniform-excess-charge-for-Coulomb-molecules-and-the-outer-radius-of-neutral-atoms-September-24-2026	263	1
Critical-Center-Magnetization-in-the-Planar-XY-Model-October-5-2026	216	BKT-universality-for-height-and-planar-spin-fields-September-24-2026	216	0
Critical-Center-Magnetization-in-the-Planar-XY-Model-October-5-2026	216	The-Critical-Spin-Field-of-the-Planar-XY-Model-October-5-2026	216	0
Critical-Center-Magnetization-in-the-Planar-XY-Model-October-5-2026	216	The-critical-correlation-exponent-of-the-planar-XY-model-September-24-2026	216	0
Critical-local-smoothing-for-the-three-dimensional-wave-equation-September-24-2026	079	Bochner-Riesz-Multipliers-in-Three-Dimensions-September-24-2026	078	1
Critical-mixing-in-the-Sherrington-Kirkpatrick-model-September-25-2026	227	A-spectral-gap-throughout-the-high-temperature-Sherrington-Kirkpatrick-phase-September-24-2026	227	0
Critical-mixing-in-the-Sherrington-Kirkpatrick-model-September-25-2026	227	Critical-slowing-down-in-the-Sherrington-Kirkpatrick-model-September-24-2026	227	0
Critical-slowing-down-in-the-Sherrington-Kirkpatrick-model-September-24-2026	227	A-spectral-gap-throughout-the-high-temperature-Sherrington-Kirkpatrick-phase-September-24-2026	227	0
Critical-slowing-down-in-the-Sherrington-Kirkpatrick-model-September-24-2026	227	Critical-mixing-in-the-Sherrington-Kirkpatrick-model-September-25-2026	227	0
Cutoff-throughout-the-high-temperature-Sherrington-Kirkpatrick-phase-September-24-2026	227	A-spectral-gap-throughout-the-high-temperature-Sherrington-Kirkpatrick-phase-September-24-2026	227	0
Deforming-hypersymplectic-four-manifolds-to-hyperkahler-triples-September-23-2026	341	Taming-implies-compatibility-on-four-manifolds-September-23-2026	342	1
Determination-of-a-metric-and-a-unitary-connection-from-one-boundary-patch-October-5-2026	365	Smooth-Anisotropic-Uniqueness-in-the-Calderon-Problem-from-One-Boundary-Patch-September-24-2026	365	0
Deterministic-quasipolynomial-time-mean-payoff-games-September-25-2026	104	Randomized-quasipolynomial-time-mean-payoff-games-September-25-2026	104	0
Diagonal-Fourier-extension-for-positively-curved-surfaces-in-three-dimensions-September-24-2026	077	Elliptic-capacity-propagation-and-Fourier-restriction-to-the-sphere-September-24-2026	077	0
Diagonal-Fourier-extension-for-positively-curved-surfaces-in-three-dimensions-September-24-2026	077	The-Kakeya-maximal-conjecture-in-three-dimensions-September-23-2026	074	1
Diamond-distortion-from-midpoint-and-tree-energies-September-27-2026	331	Midpoint-convexity-from-bounded-tree-potentials-and-path-costs-September-27-2026	331	0
Diamond-distortion-from-midpoint-and-tree-energies-September-27-2026	331	Midpoint-convexity-from-two-recursive-potentials-September-27-2026	331	0
Diamond-distortion-from-midpoint-and-tree-energies-September-27-2026	331	Midpoint-lenses-in-segment-spaces-September-27-2026	331	0
Directional-transience-implies-ballisticity-September-23-2026	220	A-directional-zero-one-law-under-strict-ellipticity-September-23-2026	220	0
Elliptic-Squares-and-Zilber-Pink-for-Curves-in-A2-September-24-2026	016	Quaternionic-Division-Points-on-Curves-in-the-Siegel-Threefold-September-24-2026	016	0
Elliptic-Squares-and-Zilber-Pink-for-Curves-in-A2-September-24-2026	016	The-E-times-CM-Component-of-Zilber-Pink-for-Curves-in-A2-September-24-2026	016	0
Elliptic-capacity-propagation-and-Fourier-restriction-to-the-sphere-September-24-2026	077	Bochner-Riesz-Multipliers-in-Three-Dimensions-September-24-2026	078	1
Elliptic-capacity-propagation-and-Fourier-restriction-to-the-sphere-September-24-2026	077	Diagonal-Fourier-extension-for-positively-curved-surfaces-in-three-dimensions-September-24-2026	077	0
Elliptic-capacity-propagation-and-Fourier-restriction-to-the-sphere-September-24-2026	077	The-Kakeya-maximal-conjecture-in-three-dimensions-September-23-2026	074	1
Endpoint-pointwise-convergence-for-the-Schrodinger-equation-in-higher-dimensions-September-24-2026	080	Endpoint-convergence-for-the-planar-Schrodinger-equation-September-24-2026	080	0
Entropy-and-Face-Dimension-of-the-Perfect-Matching-Polytope-September-23-2026	113	A-Fully-Polynomial-Randomized-Approximation-Scheme-for-Perfect-Matchings-in-General-Graphs-September-23-2026	113	0
Equality-and-rigidity-in-the-spacetime-Penrose-inequality-September-27-2026	260	Conformal-flow-and-the-Riemannian-Penrose-inequality-with-minimizing-frontiers-September-27-2026	260	0
Equality-and-rigidity-in-the-spacetime-Penrose-inequality-September-27-2026	260	The-spacetime-Penrose-inequality-and-enclosing-area-September-27-2026	260	0
Equidistribution-of-Primitive-Quartic-Torus-Packets-for-Arbitrary-Orders-October-5-2026	015	Equidistribution-of-Prime-Degree-Torus-Packets-with-Arbitrary-Local-Type-September-24-2026	015	0
Equidistribution-of-Primitive-Sextic-Torus-Packets-October-5-2026	015	Equidistribution-of-Prime-Degree-Torus-Packets-with-Arbitrary-Local-Type-September-24-2026	015	0
Equidistribution-of-Primitive-Sextic-Torus-Packets-October-5-2026	015	Equidistribution-of-Primitive-Quartic-Torus-Packets-for-Arbitrary-Orders-October-5-2026	015	0
Eventual-Categoricity-for-Abstract-Elementary-Classes-September-24-2026	240	A-CH-Obstruction-to-a-Prescribed-Categoricity-Threshold-September-24-2026	240	0
Every-complex-K3-surface-is-Oka-September-23-2026	042	Global-Spherical-Shells-on-Minimal-Surfaces-of-Class-VII-September-24-2026	060	1
Every-four-dimensional-Kakeya-set-has-full-Hausdorff-dimension-September-24-2026	074	The-Kakeya-maximal-conjecture-in-three-dimensions-September-23-2026	074	0
Exact-Fourier-certificates-for-complex-Hadamard-matrices-of-order-six-September-24-2026	266	The-maximum-number-of-mutually-unbiased-bases-in-dimension-six-September-24-2026	266	0
Exact-mass-asymptotics-for-the-two-dimensional-O4-lattice-model-October-5-2026	215	An-Isolated-Particle-Pole-for-the-Two-Dimensional-O3-Spin-Field-October-4-2026	215	0
Exact-mass-asymptotics-for-the-two-dimensional-O4-lattice-model-October-5-2026	215	Sharp-mass-bounds-for-the-two-dimensional-O4-model-September-23-2026	215	0
Exact-mass-asymptotics-for-the-two-dimensional-O4-lattice-model-October-5-2026	215	The-canonical-massive-continuum-limit-of-the-two-dimensional-O3-model-October-4-2026	215	0
Exact-orders-and-invariant-anticanonical-linear-systems-September-26-2026	068	Anticanonical-nonvanishing-from-smooth-semipositivity-September-26-2026	068	0
Exact-orders-and-invariant-anticanonical-linear-systems-September-26-2026	068	Integrable-metrics-and-effectivity-with-controlled-boundary-September-26-2026	068	0
Exact-orders-and-invariant-anticanonical-linear-systems-September-26-2026	068	Invariant-anticanonical-indices-and-conversion-of-twisted-differentials-September-26-2026	068	0
Exact-orders-and-invariant-anticanonical-linear-systems-September-26-2026	068	Metric-descent-and-rank-preserving-contractions-September-26-2026	068	0
Failure-of-finite-assembly-for-a-chromatic-overlap-at-the-prime-three-September-25-2026	318	A-rational-obstruction-to-strong-chromatic-splitting-at-height-three-September-25-2026	318	0
Failure-of-finite-assembly-for-a-chromatic-overlap-at-the-prime-three-September-25-2026	318	Filtered-chromatic-splitting-at-generic-primes-September-25-2026	318	0
Filtered-products-and-boundary-preserving-compression-in-complex-cobordism-September-25-2026	302	Radius-of-comparison-equals-half-the-mean-dimension-September-25-2026	302	0
Finite-ordinary-minimal-model-programs-on-compact-Kahler-fourfolds-October-5-2026	056	Termination-of-generalized-log-canonical-flips-on-compact-Kahler-fourfolds-October-5-2026	056	0
Finite-tensor-savings-and-exact-Fourier-circuits-September-25-2026	130	An-explicit-power-saving-for-the-exact-discrete-Fourier-transform-September-25-2026	130	0
Finite-triangular-approximation-of-radial-sweeps-September-27-2026	100	Finite-cylinder-approximation-of-ruled-sets-September-27-2026	100	0
Fontaine-Mazur-modularity-at-the-prime-2-September-23-2026	010	Hilberts-tenth-problem-over-the-rational-numbers-September-24-2026	004	1
Foulkes-Conjecture-for-the-Sixth-Symmetric-Power-September-25-2026	210	Quadratic-Stabilization-of-the-Canonical-Foulkes-Howe-Map-September-25-2026	210	0
Functional-universality-of-critical-SK-autocorrelations-October-5-2026	227	Critical-mixing-in-the-Sherrington-Kirkpatrick-model-September-25-2026	227	0
Functional-universality-of-critical-SK-autocorrelations-October-5-2026	227	Critical-slowing-down-in-the-Sherrington-Kirkpatrick-model-September-24-2026	227	0
Gaussian-free-field-limits-of-weighted-integer-Lipschitz-heights-September-25-2026	232	The-Gaussian-free-field-limit-of-integer-Lipschitz-heights-with-two-arc-boundary-data-September-25-2026	232	0
Gaussian-free-field-limits-of-weighted-integer-Lipschitz-heights-September-25-2026	232	The-Gaussian-free-field-limit-of-the-balanced-six-vertex-model-with-variance-multiplier-1-over-arcsin-c-over-2-September-23-2026	225	1
Generalized-Star-Height-at-Most-Four-September-25-2026	134	Finite-Monoid-Computations-and-a-Uniform-Generalized-Star-Height-Bound-September-25-2026	134	0
Generalized-Star-Height-at-Most-Four-September-25-2026	134	Generalized-Star-Height-at-Most-Three-September-25-2026	134	0
Generalized-Star-Height-at-Most-Three-September-25-2026	134	Finite-Monoid-Computations-and-a-Uniform-Generalized-Star-Height-Bound-September-25-2026	134	0
Generalized-Star-Height-at-Most-Three-September-25-2026	134	Generalized-Star-Height-at-Most-Four-September-25-2026	134	0
Generalized-ionization-energies-for-full-Coulomb-atoms-September-24-2026	263	Uniform-excess-charge-for-Coulomb-molecules-and-the-outer-radius-of-neutral-atoms-September-24-2026	263	0
Generic-C1-Future-Inextendibility-Near-Rotating-Subextremal-Kerr-Spacetimes-September-23-2026	264	Generic-Future-Inextendibility-with-Square-Integrable-Connection-Near-a-Fixed-Kerr-Spacetime-September-23-2026	264	0
Generic-C1-Future-Inextendibility-Near-Rotating-Subextremal-Kerr-Spacetimes-September-23-2026	264	Quantitative-Near-Kerr-Evolution-and-Generic-C2-Future-Inextendibility-September-23-2026	264	0
Generic-Future-Inextendibility-with-Square-Integrable-Connection-Near-a-Fixed-Kerr-Spacetime-September-23-2026	264	Generic-C1-Future-Inextendibility-Near-Rotating-Subextremal-Kerr-Spacetimes-September-23-2026	264	0
Generic-Future-Inextendibility-with-Square-Integrable-Connection-Near-a-Fixed-Kerr-Spacetime-September-23-2026	264	Quantitative-Near-Kerr-Evolution-and-Generic-C2-Future-Inextendibility-September-23-2026	264	0
Giglis-distributional-curvature-characterization-of-Alexandrov-spaces-September-24-2026	356	Weak-Hessian-bounds-along-every-geodesic-in-RCD-spaces-September-24-2026	356	0
Goldfelds-analytic-density-conjecture-and-the-2-converse-for-elliptic-curves-September-23-2026	006	The-Selmer-converse-for-elliptic-curves-at-every-prime-September-24-2026	002	1
Goldfelds-analytic-density-conjecture-and-the-2-converse-for-elliptic-curves-September-23-2026	006	The-mean-analytic-rank-of-quadratic-twists-of-elliptic-curves-September-23-2026	006	0
Goldfelds-analytic-density-conjecture-and-the-2-converse-for-elliptic-curves-September-23-2026	006	The-two-primary-Birch-Swinnerton-Dyer-formula-in-Selmer-corank-at-most-one-September-24-2026	002	1
Graph-Decompositions-at-the-Integral-Expectation-Threshold-October-5-2026	175	Talagrands-discrete-convexity-conjecture-September-23-2026	175	0
Ground-state-condensation-in-the-dilute-hard-sphere-gas-September-24-2026	267	A-density-uniform-condensate-bound-for-dilute-Bose-gases-September-27-2026	267	0
Hardness-of-finding-large-independent-sets-in-three-colorable-graphs-September-24-2026	106	Perfect-completeness-for-2-to-1-games-September-23-2026	105	1
Hilberts-tenth-problem-over-the-rational-numbers-September-24-2026	004	A-pointwise-2-converse-for-elliptic-curves-with-rational-two-torsion-September-24-2026	004	0
Hilberts-tenth-problem-over-the-rational-numbers-September-24-2026	004	Fontaine-Mazur-modularity-at-the-prime-2-September-23-2026	010	1
Hilberts-tenth-problem-over-the-rational-numbers-September-24-2026	004	Goldfelds-analytic-density-conjecture-and-the-2-converse-for-elliptic-curves-September-23-2026	006	1
Incompressible-Box-Transport-and-Finite-Computation-September-27-2026	376	Finite-Instructions-and-Solenoidal-Shear-Flows-September-27-2026	376	0
Incompressible-Box-Transport-and-Finite-Computation-September-27-2026	376	Prefix-Instructions-and-Incompressible-Flows-September-27-2026	376	0
Incompressible-Box-Transport-and-Finite-Computation-September-27-2026	376	Universal-Computation-with-Eventually-Stationary-Navier-Stokes-Forcing-September-27-2026	376	0
Incompressible-Box-Transport-and-Finite-Computation-September-27-2026	376	Velocity-Field-Detection-of-Computation-in-Forced-Navier-Stokes-Flows-September-27-2026	376	0
Integer-multiplication-below-n-log-n-September-23-2026	109	An-explicit-power-saving-for-the-exact-discrete-Fourier-transform-September-25-2026	130	1
Integrable-metrics-and-effectivity-with-controlled-boundary-September-26-2026	068	Anticanonical-nonvanishing-from-smooth-semipositivity-September-26-2026	068	0
Integrable-metrics-and-effectivity-with-controlled-boundary-September-26-2026	068	Invariant-anticanonical-indices-and-conversion-of-twisted-differentials-September-26-2026	068	0
Integrable-metrics-and-effectivity-with-controlled-boundary-September-26-2026	068	Metric-descent-and-rank-preserving-contractions-September-26-2026	068	0
Integral-Donovan-Finiteness-over-Witt-Vectors-September-25-2026	203	Donovans-Conjecture-over-Algebraic-Closures-of-Prime-Fields-September-24-2026	203	0
Integral-Donovan-Finiteness-over-Witt-Vectors-September-25-2026	203	The-Blockwise-Alperin-Weight-Conjecture-September-23-2026	202	1
Invariant-anticanonical-indices-and-conversion-of-twisted-differentials-September-26-2026	068	Anticanonical-nonvanishing-from-smooth-semipositivity-September-26-2026	068	0
Invariant-projection-counterexamples-for-every-irrational-rotation-September-27-2026	293	Backward-intertwiners-and-a-transitive-commutant-September-27-2026	293	0
Kadisons-similarity-theorem-through-uniform-derivation-estimates-September-23-2026	288	Unitarizability-Implies-Amenability-for-Countable-Groups-September-23-2026	251	1
Linear-Variance-of-the-Random-3-SAT-Hitting-Time-October-5-2026	235	Variance-of-the-Random-k-SAT-Hitting-Time-September-27-2026	235	0
Lipschitz-Equivalent-Separable-Banach-Spaces-Need-Not-Be-Linearly-Isomorphic-September-24-2026	324	A-positive-solution-to-Tingleys-problem-September-23-2026	322	1
Localization-costs-and-information-growth-for-exact-Gaussian-observations-September-27-2026	140	Posterior-replicas-and-conditional-information-in-Gaussian-regression-September-27-2026	140	0
Localization-costs-and-information-growth-for-exact-Gaussian-observations-September-27-2026	140	Replacing-Gaussian-observations-in-memory-constrained-inference-September-27-2026	140	0
Log-abundance-for-compact-Kahler-spaces-under-logarithmic-Iitaka-subadditivity-October-4-2026	034	Abundance-after-nonvanishing-for-compact-Kahler-fourfolds-September-27-2026	034	0
Log-abundance-for-compact-Kahler-spaces-under-logarithmic-Iitaka-subadditivity-October-4-2026	034	Conditional-good-minimal-models-for-compact-Kahler-fourfolds-October-5-2026	034	0
Log-abundance-for-compact-Kahler-spaces-under-logarithmic-Iitaka-subadditivity-October-4-2026	034	Log-abundance-in-characteristic-zero-September-24-2026	034	0
Log-abundance-for-compact-Kahler-spaces-under-logarithmic-Iitaka-subadditivity-October-4-2026	034	Minimal-models-and-Mori-fibre-spaces-for-generalized-log-canonical-Q-pairs-September-24-2026	036	1
Log-abundance-for-compact-Kahler-spaces-under-logarithmic-Iitaka-subadditivity-October-4-2026	034	Orbifold-and-logarithmic-Iitaka-subadditivity-September-26-2026	033	1
Log-abundance-in-characteristic-zero-September-24-2026	034	Minimal-models-and-Mori-fibre-spaces-for-generalized-log-canonical-Q-pairs-September-24-2026	036	1
Log-abundance-in-characteristic-zero-September-24-2026	034	Orbifold-and-logarithmic-Iitaka-subadditivity-September-26-2026	033	1
Logarithmic-Kodaira-dimension-and-whole-fiber-variation-September-26-2026	033	Log-abundance-in-characteristic-zero-September-24-2026	034	1
Logarithmic-Kodaira-dimension-and-whole-fiber-variation-September-26-2026	033	Orbifold-and-logarithmic-Iitaka-subadditivity-September-26-2026	033	0
Logarithmic-Kodaira-dimension-and-whole-fiber-variation-September-26-2026	033	Projective-Hodge-lines-and-ordinary-Iitaka-subadditivity-September-27-2026	033	0
Logarithmic-Kodaira-dimension-and-whole-fiber-variation-September-26-2026	033	The-reverse-logarithmic-Kodaira-inequality-and-additivity-September-26-2026	033	0
Maximal-Multipoint-Seshadri-Constants-in-Higher-Dimensions-October-5-2026	039	Maximal-Seshadri-Constants-on-Arbitrary-Polarized-Surfaces-September-23-2026	039	0
Maximal-Seshadri-Constants-on-Arbitrary-Polarized-Surfaces-September-23-2026	039	Nagatas-Conjecture-for-Plane-Curves-September-23-2026	039	0
Maximal-multipoint-Seshadri-constants-in-positive-characteristic-October-5-2026	039	Maximal-Multipoint-Seshadri-Constants-in-Higher-Dimensions-October-5-2026	039	0
Maximal-multipoint-Seshadri-constants-in-positive-characteristic-October-5-2026	039	Maximal-Seshadri-Constants-on-Arbitrary-Polarized-Surfaces-September-23-2026	039	0
Mean-payoff-parity-games-in-quasipolynomial-time-October-5-2026	104	Deterministic-quasipolynomial-time-mean-payoff-games-September-25-2026	104	0
Metric-descent-and-rank-preserving-contractions-September-26-2026	068	Anticanonical-nonvanishing-from-smooth-semipositivity-September-26-2026	068	0
Metric-descent-and-rank-preserving-contractions-September-26-2026	068	Cohomological-transfer-and-equivariant-anticanonical-sections-September-26-2026	068	0
Metric-descent-and-rank-preserving-contractions-September-26-2026	068	Integrable-metrics-and-effectivity-with-controlled-boundary-September-26-2026	068	0
Midpoint-lenses-in-segment-spaces-September-27-2026	331	Diamond-distortion-from-midpoint-and-tree-energies-September-27-2026	331	0
Midpoint-lenses-in-segment-spaces-September-27-2026	331	Midpoint-convexity-from-bounded-tree-potentials-and-path-costs-September-27-2026	331	0
Midpoint-lenses-in-segment-spaces-September-27-2026	331	Midpoint-convexity-from-two-recursive-potentials-September-27-2026	331	0
Midpoint-lenses-in-segment-spaces-September-27-2026	331	Midpoint-lenses-in-segment-spaces-September-27-2026	331	0
Minimal-models-and-Mori-fibre-spaces-for-generalized-log-canonical-Q-pairs-September-24-2026	036	Log-abundance-in-characteristic-zero-September-24-2026	034	1
Minimal-models-in-numerical-dimension-one-September-24-2026	036	Log-abundance-in-characteristic-zero-September-24-2026	034	1
Natural-Occupation-Measures-for-Critical-Square-Lattice-FK-Interfaces-October-5-2026	223	Square-lattice-FK-interfaces-and-nested-loops-for-1-leq-q-lt-4-September-23-2026	223	0
Natural-Occupation-Measures-for-Critical-Square-Lattice-FK-Interfaces-October-5-2026	223	The-Gaussian-free-field-limit-of-the-balanced-six-vertex-model-with-variance-multiplier-1-over-arcsin-c-over-2-September-23-2026	225	1
Nearly-minimal-maxima-and-positive-minima-of-Littlewood-polynomials-October-5-2026	076	Asymptotically-minimal-maxima-of-real-Littlewood-polynomials-September-23-2026	076	0
Nonuniqueness-with-local-conservation-for-the-hard-sphere-Boltzmann-equation-October-5-2026	363	Nonuniqueness-for-the-periodic-hard-sphere-Boltzmann-equation-September-23-2026	363	0
Numerical-semiampleness-of-nef-adjoint-classes-on-compact-Kahler-manifolds-October-4-2026	036	Log-abundance-for-compact-Kahler-spaces-under-logarithmic-Iitaka-subadditivity-October-4-2026	034	1
Numerical-semiampleness-of-nef-adjoint-classes-on-compact-Kahler-manifolds-October-4-2026	036	Log-abundance-in-characteristic-zero-September-24-2026	034	1
Numerical-semiampleness-of-nef-adjoint-classes-on-compact-Kahler-manifolds-October-4-2026	036	Minimal-models-and-Mori-fibre-spaces-for-generalized-log-canonical-Q-pairs-September-24-2026	036	0
Numerical-semiampleness-of-nef-adjoint-classes-on-compact-Kahler-manifolds-October-4-2026	036	Numerical-Semiampleness-of-Nef-Adjoint-Divisors-October-3-2026	036	0
Numerical-semiampleness-of-nef-adjoint-classes-on-compact-Kahler-manifolds-October-4-2026	036	Orbifold-and-logarithmic-Iitaka-subadditivity-September-26-2026	033	1
One-Rational-Matrix-Hitting-Point-for-Noncommutative-Formulas-September-24-2026	116	Polynomial-Hitting-Lists-for-Noncommutative-Rational-Formulas-September-24-2026	116	0
One-sided-negative-sectional-curvature-and-the-holomorphic-Liouville-property-September-25-2026	359	A-negatively-pinched-Kahler-threefold-without-bounded-holomorphic-coordinates-September-25-2026	359	0
Orbifold-and-logarithmic-Iitaka-subadditivity-September-26-2026	033	Log-abundance-in-characteristic-zero-September-24-2026	034	1
Orbifold-and-logarithmic-Iitaka-subadditivity-September-26-2026	033	Logarithmic-Kodaira-dimension-and-whole-fiber-variation-September-26-2026	033	0
Orbifold-and-logarithmic-Iitaka-subadditivity-September-26-2026	033	Projective-Hodge-lines-and-ordinary-Iitaka-subadditivity-September-27-2026	033	0
Orbifold-and-logarithmic-Iitaka-subadditivity-September-26-2026	033	The-reverse-logarithmic-Kodaira-inequality-and-additivity-September-26-2026	033	0
Parity-lifts-and-bounded-treewidth-witnesses-for-Weisfeiler-Leman-equivalence-September-25-2026	133	Unconditional-time-lower-bounds-for-Weisfeiler-Leman-equivalence-September-25-2026	133	0
Perfect-completeness-for-2-to-1-games-September-23-2026	105	Hardness-of-finding-large-independent-sets-in-three-colorable-graphs-September-24-2026	106	1
Planar-Graph-Metrics-Embed-into-L1-with-Constant-Distortion-September-23-2026	089	L1-Embeddings-of-Graphs-of-Bounded-Treewidth-September-23-2026	089	0
Pointwise-Multiple-Ergodic-Averages-for-Mixing-Transformations-October-4-2026	154	Pointwise-convergence-of-fourfold-ergodic-averages-for-mixing-transformations-October-4-2026	154	0
Pointwise-Multiple-Ergodic-Averages-for-Mixing-Transformations-October-4-2026	154	Rokhlins-multiple-mixing-problem-for-one-transformation-September-23-2026	145	1
Pointwise-Multiple-Ergodic-Averages-for-Mixing-Transformations-October-4-2026	154	Triple-ergodic-averages-with-distinct-integer-slopes-October-4-2026	154	0
Pointwise-convergence-of-triple-ergodic-averages-for-mixing-transformations-October-4-2026	154	An-L3-bound-for-the-trilinear-Hilbert-transform-October-5-2026	086	1
Polynomial-PEPS-approximation-of-gapped-square-grid-ground-states-September-24-2026	265	A-two-dimensional-area-law-from-a-global-spectral-gap-September-24-2026	265	0
Positive-scalar-curvature-and-uniform-codimension-two-width-September-23-2026	336	Positive-scalar-curvature-forces-rational-inessentiality-September-23-2026	335	1
Posterior-replicas-and-conditional-information-in-Gaussian-regression-September-27-2026	140	Memory-and-precision-in-noiseless-Gaussian-regression-September-27-2026	140	0
Posterior-replicas-and-conditional-information-in-Gaussian-regression-September-27-2026	140	Replacing-Gaussian-observations-in-memory-constrained-inference-September-27-2026	140	0
Power-law-violations-of-Yaus-nodal-upper-bound-September-23-2026	350	Smooth-counterexamples-to-Yaus-nodal-upper-bound-in-dimensions-three-and-four-September-23-2026	350	0
Prefix-Instructions-and-Incompressible-Flows-September-27-2026	376	Finite-Instructions-and-Solenoidal-Shear-Flows-September-27-2026	376	0
Projective-Space-Bases-of-Lagrangian-Fibrations-September-23-2026	041	The-Strong-Hyperkahler-SYZ-Conjecture-September-23-2026	041	0
Quantitative-Near-Kerr-Evolution-and-Generic-C2-Future-Inextendibility-September-23-2026	264	Generic-C1-Future-Inextendibility-Near-Rotating-Subextremal-Kerr-Spacetimes-September-23-2026	264	0
Quantitative-Near-Kerr-Evolution-and-Generic-C2-Future-Inextendibility-September-23-2026	264	Generic-Future-Inextendibility-with-Square-Integrable-Connection-Near-a-Fixed-Kerr-Spacetime-September-23-2026	264	0
Quantitative-Superexponential-Bounds-for-van-der-Waerden-Numbers-September-23-2026	160	Quasipolynomial-Bounds-for-Arithmetic-Progressions-September-23-2026	159	1
Quantum-Depletion-for-Fixed-Bounded-Repulsive-Potentials-October-5-2026	267	A-density-uniform-condensate-bound-for-dilute-Bose-gases-September-27-2026	267	0
Quantum-Depletion-for-Fixed-Bounded-Repulsive-Potentials-October-5-2026	267	Quantum-Depletion-and-Momentum-Distribution-in-the-Dilute-Hard-Sphere-Bose-Gas-October-5-2026	267	0
Radius-of-comparison-equals-half-the-mean-dimension-September-25-2026	302	Filtered-products-and-boundary-preserving-compression-in-complex-cobordism-September-25-2026	302	0
Ramanujan-Arthur-Decompositions-of-Cuspidal-Functions-at-Full-Finite-Level-September-24-2026	014	Rationality-of-the-Canonical-Unramified-Arthur-Filtration-September-24-2026	014	0
Random-Walks-on-Critical-FK-Ising-Maps-and-Liouville-Brownian-Motion-October-5-2026	211	Spectral-convergence-for-critical-FK-Ising-planar-maps-October-5-2026	211	0
Random-subspace-tests-and-trace-smoothing-for-coordinate-sweeps-September-26-2026	238	Routing-densities-and-representation-contraction-for-Thorp-sweeps-September-26-2026	238	0
Randomized-quasipolynomial-time-mean-payoff-games-September-25-2026	104	Deterministic-quasipolynomial-time-mean-payoff-games-September-25-2026	104	0
Regular-trajectories-pruning-and-quantum-parity-September-24-2026	274	Product-projection-localization-and-the-QAC0-parity-lower-bound-September-24-2026	274	0
Relative-generation-and-the-generator-problem-for-finite-factors-September-23-2026	296	An-isomorphism-of-the-free-group-factors-September-23-2026	287	1
Removable-Boundaries-and-Rigidity-of-Circle-Domains-September-23-2026	071	Koebes-Circle-Domain-Conjecture-September-23-2026	071	0
Routing-densities-and-representation-contraction-for-Thorp-sweeps-September-26-2026	238	Compatibility-entropy-and-the-spectrum-of-a-Thorp-sweep-September-26-2026	238	0
Routing-densities-and-representation-contraction-for-Thorp-sweeps-September-26-2026	238	Optimal-order-mixing-of-the-Thorp-shuffle-September-26-2026	238	0
Routing-densities-and-representation-contraction-for-Thorp-sweeps-September-26-2026	238	Random-subspace-tests-and-trace-smoothing-for-coordinate-sweeps-September-26-2026	238	0
Routing-densities-and-representation-contraction-for-Thorp-sweeps-September-26-2026	238	Row-column-symmetry-and-contraction-of-coordinate-sweeps-September-26-2026	238	0
Routing-densities-and-representation-contraction-for-Thorp-sweeps-September-26-2026	238	Signed-tensor-densities-and-diagram-budgets-for-coordinate-sweeps-September-26-2026	238	0
Row-column-symmetry-and-contraction-of-coordinate-sweeps-September-26-2026	238	Random-subspace-tests-and-trace-smoothing-for-coordinate-sweeps-September-26-2026	238	0
Row-column-symmetry-and-contraction-of-coordinate-sweeps-September-26-2026	238	Routing-densities-and-representation-contraction-for-Thorp-sweeps-September-26-2026	238	0
SLE3-universality-for-weak-finite-range-Ising-interactions-September-23-2026	218	Buffered-comparison-and-stopping-band-resolution-in-critical-Ising-September-23-2026	218	0
Scalar-Potentials-and-Slow-Clocks-for-Forced-Fluid-Computation-September-27-2026	376	Velocity-Field-Detection-of-Computation-in-Forced-Navier-Stokes-Flows-September-27-2026	376	0
Schnell-fiber-spaces-and-good-canonical-models-September-24-2026	034	Log-abundance-in-characteristic-zero-September-24-2026	034	0
Self-dual-random-cluster-interfaces-below-one-September-23-2026	223	Conformal-Limits-of-Critical-Square-Lattice-Random-Cluster-Interfaces-October-5-2026	223	0
Self-dual-random-cluster-interfaces-below-one-September-23-2026	223	Square-lattice-FK-interfaces-and-nested-loops-for-1-leq-q-lt-4-September-23-2026	223	0
Semialgebraic-universal-covers-of-normal-projective-varieties-September-24-2026	058	Log-abundance-in-characteristic-zero-September-24-2026	034	1
Semialgebraic-universal-covers-of-normal-projective-varieties-September-24-2026	058	The-abelianity-conjecture-for-special-compact-Kahler-manifolds-September-23-2026	057	1
Sharp-Logarithmic-Exponents-for-Fixed-Off-Diagonal-Ramsey-Numbers-September-24-2026	170	The-Sharp-Logarithmic-Exponent-of-r-5-t-September-24-2026	170	0
Sharp-mass-bounds-for-the-two-dimensional-O4-model-September-23-2026	215	Exponential-decay-in-two-dimensional-classical-On-models-September-23-2026	215	0
Sharpness-of-the-Cyclic-Integral-Floer-Bound-Below-the-Stable-Morse-Number-October-5-2026	347	Hamiltonian-Fixed-Points-Below-the-Stable-Morse-Number-October-5-2026	347	0
Simple-F-infinity-overgroups-of-groups-with-decidable-word-problem-September-23-2026	250	Finite-algebraic-envelopes-and-the-Boone-Higman-conjecture-September-23-2026	250	0
Single-Exponential-Recovery-and-Bounded-Price-Strictness-for-Metric-k-Median-September-24-2026	125	The-Approximation-Threshold-for-Metric-k-Median-September-24-2026	125	0
Slope-field-perturbations-of-the-two-cylinder-covering-September-27-2026	100	Finite-cylinder-approximation-of-ruled-sets-September-27-2026	100	0
Smooth-Anisotropic-Uniqueness-in-the-Calderon-Problem-from-One-Boundary-Patch-September-24-2026	365	Nonuniqueness-for-Bounded-Measurable-Scalar-Conductivities-in-Three-Dimensions-September-23-2026	365	0
Smooth-isometric-immersions-of-closed-surfaces-into-Euclidean-four-space-September-23-2026	333	A-Smooth-Metric-with-No-Local-Isometric-Immersion-into-Three-Space-September-24-2026	334	1
Spacetime-Penrose-inequalities-enclosing-area-charge-and-rigidity-October-5-2026	260	The-spacetime-Penrose-inequality-with-charge-and-original-data-rigidity-October-5-2026	260	0
Spectral-convergence-for-critical-FK-Ising-planar-maps-October-5-2026	211	Canonical-conformal-limits-of-subcritical-FK-planar-maps-September-24-2026	211	0
Spectral-convergence-for-critical-FK-Ising-planar-maps-October-5-2026	211	Metric-measure-limits-of-subcritical-FK-and-spanning-tree-planar-maps-September-24-2026	211	0
Spectral-scalar-curvature-and-uniform-Urysohn-width-October-5-2026	336	Positive-scalar-curvature-and-uniform-codimension-two-width-September-23-2026	336	0
Square-lattice-FK-interfaces-and-nested-loops-for-1-leq-q-lt-4-September-23-2026	223	Cardys-formula-for-critical-Poisson-Voronoi-percolation-September-23-2026	224	1
Strict-convexity-and-differentiability-of-the-planar-exponential-first-passage-limit-shape-September-24-2026	212	No-bigeodesics-in-planar-first-passage-percolation-September-24-2026	212	0
Strong-diffeomorphic-approximation-in-three-dimensions-for-1-le-p-le-2-September-24-2026	368	Strong-diffeomorphic-approximation-in-three-dimensions-for-p-gt-2-September-24-2026	368	0
Strong-diffeomorphic-approximation-in-three-dimensions-for-p-gt-2-September-24-2026	368	Strong-diffeomorphic-approximation-in-three-dimensions-for-1-le-p-le-2-September-24-2026	368	0
Symplectic-Balls-in-Symmetric-Polar-Products-September-22-2026	087	Symplectic-Ball-Packings-in-Higher-Dimensions-September-23-2026	343	1
Symplectic-Balls-in-Symmetric-Polar-Products-September-22-2026	087	The-symmetric-Mahler-conjecture-and-its-equality-cases-September-22-2026	087	0
Taming-implies-compatibility-on-four-manifolds-September-23-2026	342	Deforming-hypersymplectic-four-manifolds-to-hyperkahler-triples-September-23-2026	341	1
Termination-for-projective-log-canonical-fourfolds-with-rational-boundary-September-24-2026	056	Bounded-klt-complements-for-Fano-contractions-September-25-2026	066	1
Termination-for-projective-log-canonical-fourfolds-with-rational-boundary-September-24-2026	056	Log-abundance-in-characteristic-zero-September-24-2026	034	1
Termination-for-projective-log-canonical-fourfolds-with-rational-boundary-September-24-2026	056	Uniform-Cartier-sections-for-Fano-type-contractions-September-25-2026	066	1
The-Approximation-Threshold-for-Metric-k-Median-September-24-2026	125	Single-Exponential-Recovery-and-Bounded-Price-Strictness-for-Metric-k-Median-September-24-2026	125	0
The-Falconer-distance-conjecture-in-all-dimensions-September-23-2026	073	The-higher-dimensional-Erdos-distinct-distances-conjecture-September-23-2026	166	1
The-Gaussian-free-field-limit-of-integer-Lipschitz-heights-with-two-arc-boundary-data-September-25-2026	232	Gaussian-free-field-limits-of-weighted-integer-Lipschitz-heights-September-25-2026	232	0
The-Gaussian-free-field-limit-of-integer-Lipschitz-heights-with-two-arc-boundary-data-September-25-2026	232	The-Gaussian-free-field-limit-of-the-balanced-six-vertex-model-with-variance-multiplier-1-over-arcsin-c-over-2-September-23-2026	225	1
The-Kakeya-maximal-conjecture-in-three-dimensions-September-23-2026	074	Elliptic-capacity-propagation-and-Fourier-restriction-to-the-sphere-September-24-2026	077	1
The-Kerr-Newman-Penrose-Inequality-for-Axisymmetric-Electrovacuum-Exteriors-October-5-2026	260	Equality-and-rigidity-in-the-spacetime-Penrose-inequality-September-27-2026	260	0
The-Kerr-Newman-Penrose-Inequality-for-Axisymmetric-Electrovacuum-Exteriors-October-5-2026	260	Spacetime-Penrose-inequalities-enclosing-area-charge-and-rigidity-October-5-2026	260	0
The-Mahler-Conjecture-for-General-Convex-Bodies-September-22-2026	087	The-symmetric-Mahler-conjecture-and-its-equality-cases-September-22-2026	087	0
The-Margulis-Platonov-conjecture-over-global-function-fields-October-5-2026	018	The-Margulis-Platonov-conjecture-over-number-fields-September-23-2026	018	0
The-Mezard-Parisi-formula-for-diluted-spin-glasses-September-23-2026	221	Computing-the-Random-3-SAT-Threshold-September-27-2026	235	1
The-Poisson-Dirichlet-Law-for-Prime-Predecessors-September-24-2026	011	Weighted-Dilation-Graphs-Smooth-Shifted-Primes-and-Totient-Fibers-September-24-2026	011	0
The-Selmer-converse-for-elliptic-curves-at-every-prime-September-24-2026	002	Goldfelds-analytic-density-conjecture-and-the-2-converse-for-elliptic-curves-September-23-2026	006	1
The-Singer-conjecture-in-dimension-four-September-25-2026	315	A-PD4-group-without-an-aspherical-manifold-model-September-24-2026	305	1
The-Singer-conjecture-in-dimension-four-September-25-2026	315	Global-Spherical-Shells-on-Minimal-Surfaces-of-Class-VII-September-24-2026	060	1
The-Strong-Hyperkahler-SYZ-Conjecture-September-23-2026	041	Projective-Space-Bases-of-Lagrangian-Fibrations-September-23-2026	041	0
The-Unique-Games-Theorem-September-23-2026	102	Constant-factor-hardness-of-uniform-sparsest-cut-September-24-2026	117	1
The-Unique-Games-Theorem-September-23-2026	102	Perfect-completeness-for-2-to-1-games-September-23-2026	105	1
The-Unique-Games-Theorem-September-23-2026	102	The-Gaussian-Propeller-Bound-in-Every-Dimension-September-24-2026	096	1
The-abelianity-conjecture-for-special-compact-Kahler-manifolds-September-23-2026	057	A-surface-counterexample-to-Shafarevich-holomorphic-convexity-September-23-2026	046	1
The-abelianity-conjecture-for-special-compact-Kahler-manifolds-September-23-2026	057	Orbifold-and-logarithmic-Iitaka-subadditivity-September-26-2026	033	1
The-arithmetic-category-and-stable-recovery-of-lattice-factors-September-23-2026	286	An-isomorphism-of-the-free-group-factors-September-23-2026	287	1
The-arithmetic-category-and-stable-recovery-of-lattice-factors-September-23-2026	286	Arithmeticity-of-twisted-finite-correspondences-for-lattices-over-local-fields-September-23-2026	286	0
The-canonical-massive-continuum-limit-of-the-two-dimensional-O3-model-October-4-2026	215	Sharp-mass-bounds-for-the-two-dimensional-O4-model-September-23-2026	215	0
The-crossing-number-of-complete-graphs-September-23-2026	165	The-crossing-number-of-complete-bipartite-graphs-September-23-2026	165	0
The-free-energy-of-the-Ising-random-perceptron-September-24-2026	222	The-free-energy-of-the-spherical-random-perceptron-September-24-2026	222	0
The-free-uniform-spanning-forest-is-a-factor-of-IID-September-25-2026	231	The-sharp-factor-of-IID-threshold-for-the-free-Ising-model-on-regular-trees-September-26-2026	236	1
The-height-three-chromatic-overlap-an-explicit-filtration-and-its-attachments-September-27-2026	318	A-rational-obstruction-to-strong-chromatic-splitting-at-height-three-September-25-2026	318	0
The-height-three-chromatic-overlap-an-explicit-filtration-and-its-attachments-September-27-2026	318	Filtered-chromatic-splitting-at-generic-primes-September-25-2026	318	0
The-joint-scaling-limit-of-critical-Ashkin-Teller-currents-September-25-2026	233	The-Gaussian-free-field-limit-of-integer-Lipschitz-heights-with-two-arc-boundary-data-September-25-2026	232	1
The-joint-scaling-limit-of-critical-Ashkin-Teller-currents-September-25-2026	233	The-Gaussian-free-field-limit-of-the-balanced-six-vertex-model-with-variance-multiplier-1-over-arcsin-c-over-2-September-23-2026	225	1
The-l1-Bass-Conjecture-for-Discrete-Groups-October-5-2026	207	The-Bass-trace-conjecture-for-complex-group-rings-September-24-2026	207	0
The-low-temperature-Sherrington-Kirkpatrick-fluctuation-scale-September-24-2026	217	The-low-temperature-Sherrington-Kirkpatrick-free-energy-limiting-law-September-24-2026	217	0
The-low-temperature-Sherrington-Kirkpatrick-free-energy-limiting-law-September-24-2026	217	The-low-temperature-Sherrington-Kirkpatrick-fluctuation-scale-September-24-2026	217	0
The-nonmaximal-anti-de-Sitter-Penrose-Inequality-and-original-data-rigidity-October-5-2026	260	A-local-Penrose-inequality-for-conformal-perturbations-of-Schwarzschild-anti-de-Sitter-data-October-5-2026	260	0
The-nonmaximal-anti-de-Sitter-Penrose-Inequality-and-original-data-rigidity-October-5-2026	260	Equality-and-rigidity-in-the-spacetime-Penrose-inequality-September-27-2026	260	0
The-ordinary-double-point-gap-in-every-dimension-September-24-2026	037	The-normalized-volume-gap-in-dimension-four-September-24-2026	037	0
The-p-adic-section-conjecture-September-24-2026	019	The-Selmer-converse-for-elliptic-curves-at-every-prime-September-24-2026	002	1
The-periodic-spin-one-Haldane-gap-September-24-2026	268	A-boundary-field-gap-for-the-spin-one-Heisenberg-chain-September-24-2026	268	0
The-rational-Hodge-conjecture-for-CM-abelian-varieties-September-30-2026	032	Milnes-rationality-conjecture-for-abelian-varieties-September-23-2026	001	1
The-rational-Hodge-conjecture-for-products-of-K3-surfaces-October-4-2026	032	A-Conditional-Reduction-for-Algebraic-Kuga-Satake-Correspondences-September-10-2026	032	0
The-rational-Hodge-conjecture-for-products-of-K3-surfaces-October-4-2026	032	Algebraic-Kuga-Satake-correspondences-and-Hodge-conjectures-on-a-K3-quadratic-locus-September-30-2026	032	0
The-rational-Hodge-conjecture-for-products-of-K3-surfaces-October-4-2026	032	Algebraicity-of-Weil-classes-on-split-abelian-eightfolds-September-18-2026	032	0
The-rational-Hodge-conjecture-for-products-of-K3-surfaces-October-4-2026	032	The-rational-Hodge-conjecture-for-CM-abelian-varieties-September-30-2026	032	0
The-reverse-logarithmic-Kodaira-inequality-and-additivity-September-26-2026	033	Orbifold-and-logarithmic-Iitaka-subadditivity-September-26-2026	033	0
The-sharp-factor-of-IID-threshold-for-the-free-Ising-model-on-regular-trees-September-26-2026	236	The-free-uniform-spanning-forest-is-a-factor-of-IID-September-25-2026	231	1
The-spacetime-Penrose-inequality-and-enclosing-area-September-27-2026	260	Boundary-graph-deformations-for-the-spacetime-Penrose-inequality-September-27-2026	260	0
The-spacetime-Penrose-inequality-and-enclosing-area-September-27-2026	260	Conformal-flow-and-the-Riemannian-Penrose-inequality-with-minimizing-frontiers-September-27-2026	260	0
The-spacetime-Penrose-inequality-and-enclosing-area-September-27-2026	260	Equality-and-rigidity-in-the-spacetime-Penrose-inequality-September-27-2026	260	0
The-spacetime-Penrose-inequality-with-charge-and-original-data-rigidity-October-5-2026	260	The-spacetime-Penrose-inequality-and-enclosing-area-September-27-2026	260	0
The-spherical-magnetization-law-for-the-three-dimensional-quantum-Heisenberg-ferromagnet-October-5-2026	271	Blochs-Law-for-Finite-Range-Heisenberg-Ferromagnets-in-Three-Dimensions-October-5-2026	271	0
The-spherical-magnetization-law-for-the-three-dimensional-quantum-Heisenberg-ferromagnet-October-5-2026	271	Spontaneous-magnetization-in-the-quantum-Heisenberg-ferromagnet-September-24-2026	271	0
The-strong-thin-tree-conjecture-September-23-2026	174	A-polynomial-time-construction-of-strong-thin-trees-September-23-2026	174	0
The-symmetric-Mahler-conjecture-and-its-equality-cases-September-22-2026	087	The-Mahler-Conjecture-for-General-Convex-Bodies-September-22-2026	087	0
The-trace-cone-classifies-Razak-Jacelon-stabilizations-September-25-2026	301	Nuclear-dimension-and-Jiang-Su-stability-without-elementary-subquotients-September-23-2026	291	1
Thomason-Model-Structures-in-Every-Strict-Higher-Dimension-September-25-2026	317	The-Grothendieck-homotopy-hypothesis-via-elementary-expansions-September-24-2026	312	1
Thompsons-group-F-is-nonamenable-September-23-2026	248	Nonuniqueness-of-percolation-on-nonamenable-quasi-transitive-graphs-September-24-2026	214	1
Thompsons-group-F-is-nonamenable-September-23-2026	248	Unitarizability-Implies-Amenability-for-Countable-Groups-September-23-2026	251	1
Translative-covering-densities-of-order-n-log-n-September-23-2026	092	A-single-lattice-covering-bound-of-order-n-log-n-September-23-2026	092	0
Triangular-minimality-for-planar-Coulomb-renormalized-energy-September-23-2026	090	Universal-optimality-of-the-triangular-lattice-September-23-2026	090	0
Turn-Based-Stochastic-Mean-Payoff-Games-in-Deterministic-Quasipolynomial-Time-October-5-2026	104	Deterministic-quasipolynomial-time-mean-payoff-games-September-25-2026	104	0
Two-step-monodromy-of-special-quasi-projective-varieties-September-24-2026	057	The-abelianity-conjecture-for-special-compact-Kahler-manifolds-September-23-2026	057	0
Ultraflat-real-Littlewood-polynomials-October-5-2026	076	Asymptotically-minimal-maxima-of-real-Littlewood-polynomials-September-23-2026	076	0
Ultraflat-real-Littlewood-polynomials-October-5-2026	076	Nearly-minimal-maxima-and-positive-minima-of-Littlewood-polynomials-October-5-2026	076	0
Uniform-Bi-Holder-Transport-from-Weak-MTW-September-25-2026	360	Global-Support-and-Convex-Injectivity-Domains-under-Weak-MTW-September-25-2026	360	0
Uniform-Cartier-sections-for-Fano-type-contractions-September-25-2026	066	Bounded-klt-complements-for-Fano-contractions-September-25-2026	066	0
Uniform-Cartier-sections-for-Fano-type-contractions-September-25-2026	066	Minimal-models-and-Mori-fibre-spaces-for-generalized-log-canonical-Q-pairs-September-24-2026	036	1
Uniform-Cartier-sections-for-Fano-type-contractions-September-25-2026	066	The-ordinary-double-point-gap-in-every-dimension-September-24-2026	037	1
Uniform-Matrix-Hitting-Points-in-Every-Positive-Characteristic-October-4-2026	116	One-Rational-Matrix-Hitting-Point-for-Noncommutative-Formulas-September-24-2026	116	0
Uniform-Permanence-in-Weakly-Reversible-Mass-Action-Systems-October-5-2026	149	Boundedness-and-persistence-of-weakly-reversible-mass-action-systems-September-25-2026	149	0
Uniform-computation-of-the-squared-logarithmic-k-server-bound-September-24-2026	110	Squared-logarithmic-randomized-k-server-on-arbitrary-metrics-September-24-2026	110	0
Uniform-excess-charge-for-Coulomb-molecules-and-the-outer-radius-of-neutral-atoms-September-24-2026	263	Generalized-ionization-energies-for-full-Coulomb-atoms-September-24-2026	263	0
Uniform-excess-charge-for-Coulomb-molecules-and-the-outer-radius-of-neutral-atoms-September-24-2026	263	Generalized-outer-electron-radii-of-neutral-Coulomb-atoms-September-24-2026	263	0
Uniform-indices-for-semi-log-canonical-log-Calabi-Yau-pairs-October-5-2026	034	Log-abundance-in-characteristic-zero-September-24-2026	034	0
Uniform-indices-for-semi-log-canonical-log-Calabi-Yau-pairs-October-5-2026	034	Uniform-Pluricanonical-Iitaka-Fibrations-October-3-2026	034	0
Uniform-indices-for-semi-log-canonical-log-Calabi-Yau-pairs-October-5-2026	034	Uniform-effective-log-Iitaka-fibrations-for-fourfolds-September-26-2026	034	0
Uniform-indices-for-semi-log-canonical-log-Calabi-Yau-pairs-October-5-2026	034	Uniform-log-Iitaka-fibrations-and-bounded-moduli-denominators-October-4-2026	034	0
Unitarizability-Implies-Amenability-for-Countable-Groups-September-23-2026	251	Kadisons-similarity-theorem-through-uniform-derivation-estimates-September-23-2026	288	1
Universal-optimality-of-the-triangular-lattice-September-23-2026	090	A-sharp-Fourier-certificate-for-planar-circle-packing-September-23-2026	090	0
Universal-optimality-of-the-triangular-lattice-September-23-2026	090	An-atomic-certificate-for-triangular-lattice-universal-optimality-September-26-2026	090	0
Universal-optimality-of-the-triangular-lattice-September-23-2026	090	Triangular-minimality-for-planar-Coulomb-renormalized-energy-September-23-2026	090	0
Universal-strong-Kadison-Kastler-stability-September-23-2026	289	Kadisons-similarity-theorem-through-uniform-derivation-estimates-September-23-2026	288	1
Universality-of-critical-quench-autocorrelations-in-the-Sherrington-Kirkpatrick-model-October-5-2026	227	A-spectral-gap-throughout-the-high-temperature-Sherrington-Kirkpatrick-phase-September-24-2026	227	0
Universality-of-critical-quench-autocorrelations-in-the-Sherrington-Kirkpatrick-model-October-5-2026	227	Critical-mixing-in-the-Sherrington-Kirkpatrick-model-September-25-2026	227	0
Universality-of-critical-quench-autocorrelations-in-the-Sherrington-Kirkpatrick-model-October-5-2026	227	Critical-slowing-down-in-the-Sherrington-Kirkpatrick-model-September-24-2026	227	0
Universality-of-critical-quench-autocorrelations-in-the-Sherrington-Kirkpatrick-model-October-5-2026	227	Functional-universality-of-critical-SK-autocorrelations-October-5-2026	227	0
Unrestricted-pro-modularity-at-the-prime-two-October-4-2026	010	Fontaine-Mazur-modularity-at-the-prime-2-September-23-2026	010	0
Unrestricted-pro-modularity-at-the-prime-two-October-4-2026	010	The-Dimension-of-the-Two-Adic-Hecke-Algebra-at-Odd-Level-October-5-2026	010	0
Variable-dimension-Weisfeiler-Leman-equivalence-on-general-and-subcubic-graphs-September-25-2026	133	The-complexity-of-identifying-a-graph-by-Weisfeiler-Leman-refinement-September-25-2026	133	0
Variable-dimension-Weisfeiler-Leman-equivalence-on-general-and-subcubic-graphs-September-25-2026	133	Unconditional-time-lower-bounds-for-Weisfeiler-Leman-equivalence-September-25-2026	133	0
Variance-of-the-Random-k-SAT-Hitting-Time-September-27-2026	235	A-Limiting-Satisfiability-Threshold-for-Every-Fixed-Clause-Size-September-25-2026	235	0
Variance-of-the-Random-k-SAT-Hitting-Time-September-27-2026	235	Computing-the-Random-3-SAT-Threshold-September-27-2026	235	0
Variance-of-the-Random-k-SAT-Hitting-Time-September-27-2026	235	Linear-Variance-of-the-Random-3-SAT-Hitting-Time-October-5-2026	235	0
Velocity-Field-Detection-of-Computation-in-Forced-Navier-Stokes-Flows-September-27-2026	376	A-Fixed-Particle-Test-for-Computation-in-a-Forced-Viscous-Flow-September-27-2026	376	0
Velocity-Field-Detection-of-Computation-in-Forced-Navier-Stokes-Flows-September-27-2026	376	Scalar-Potentials-and-Slow-Clocks-for-Forced-Fluid-Computation-September-27-2026	376	0
Velocity-Field-Detection-of-Computation-in-Forced-Navier-Stokes-Flows-September-27-2026	376	Universal-Computation-with-Eventually-Stationary-Navier-Stokes-Forcing-September-27-2026	376	0
Weak-mixing-of-triangular-billiards-with-an-irrational-angle-October-5-2026	150	Ergodicity-of-triangular-billiards-with-an-irrational-angle-September-25-2026	150	0
Weighted-Dilation-Graphs-Smooth-Shifted-Primes-and-Totient-Fibers-September-24-2026	011	The-Poisson-Dirichlet-Law-for-Prime-Predecessors-September-24-2026	011	0
Witnessed-symmetric-choice-is-strictly-stronger-than-choiceless-polynomial-time-with-counting-September-24-2026	243	Choiceless-polynomial-time-with-counting-does-not-capture-polynomial-time-September-23-2026	243	0
quantitative-lower-bounds-for-trace-reconstruction-September-24-2026	122	Uniform-quasipolynomial-time-trace-reconstruction-October-5-2026	122	0
the-additive-indecomposability-of-the-primes-September-24-2026	013	The-Quasi-Riemann-Hypothesis-September-30-2026	003	1
