config	fam	declaration	file	module_dir
AbhyankarSathaye	049	OAI.AbhyankarSathaye.exists_noncoordinate_polynomial	OAI/AlgebraicGeometry/AbhyankarSathaye/Counterexample.lean	OAI/AlgebraicGeometry/AbhyankarSathaye
AmplitudeDamping	276	OAI.GAD.main	OAI/InformationTheory/AmplitudeDamping/Main.lean	OAI/InformationTheory/AmplitudeDamping
ArnoldCounterexample	347	OAI.ArnoldCounterexample.main	OAI/Geometry/Arnold/Main.lean	OAI/Geometry/Arnold
ArtinCAT0	254	OAI.ArtinCAT0.main	OAI/GroupTheory/ArtinCAT0/Main.lean	OAI/GroupTheory/ArtinCAT0
AsymptoticallyMinimalLittlewood	076	OAI.AsymptoticallyMinimalLittlewood.main	OAI/Analysis/Littlewood/Main.lean	OAI/Analysis/Littlewood
AuslanderReiten	199	OAI.ArExplicit.Statement.main	OAI/Algebra/AuslanderReiten/All.lean	OAI/Algebra/AuslanderReiten
BackwardIntertwiners	293	OAI.BackwardIntertwiners.direct_algebra_corollary	OAI/Analysis/BackwardIntertwiners/AlgebraCorollary.lean	OAI/Analysis/BackwardIntertwiners
BassTrace	207	OAI.BassTrace.RightProjective.bassTraceModules_vanishing_and_support	OAI/RingTheory/BassTrace/Main.lean	OAI/RingTheory/BassTrace
BiholderTransport	360	OAI.WeakMTWTransport.uniform_biHolder_transport	OAI/Analysis/BiholderTransport/Main.lean	OAI/Analysis/BiholderTransport
BinPackingGap	118	OAI.BinPackingGap.main_results	OAI/Computability/BinPacking/Main.lean	OAI/Computability/BinPacking
BinaryMatching	113	OAI.BinaryMatching.deterministic_approximate_counting	OAI/Computability/MatchingCount/BinarySolve.lean	OAI/Computability/MatchingCount
BinarySweep	238	OAI.binary_sweep_contraction_and_mixing	OAI/Probability/BinarySweep/Main.lean	OAI/Probability/BinarySweep
BipartiteCrossing	165	OAI.Zarankiewicz.mainTarget_proof	OAI/Combinatorics/Crossing/Main.lean	OAI/Combinatorics/Crossing
BorsukNine	156	OAI.BorsukNine.main_theorem	OAI/Geometry/Borsuk/Counterexample.lean	OAI/Geometry/Borsuk
BoundedRecovery	290	OAI.BoundedRecovery.bounded_recovery	OAI/Analysis/ModularRecovery/Recovery.lean	OAI/Analysis/ModularRecovery
BoundedTreePotentials	331	OAI.BoundedTreePotentials.TreeCalculus.main_counterexample	OAI/Analysis/TreePotential/Main.lean	OAI/Analysis/TreePotential
BoundedTreewidthL1	089	OAI.BoundedTreewidthL1.main_theorem	OAI/Combinatorics/TreewidthL1/Main.lean	OAI/Combinatorics/TreewidthL1
Brennan	072	OAI.Brennan.main_theorem	OAI/Analysis/IntegralMeans/Main.lean	OAI/Analysis/IntegralMeans
BrennanSharp	072	OAI.Brennan.Sharp.sharp_endpoints	OAI/Analysis/IntegralMeans/SharpEndpoints.lean	OAI/Analysis/IntegralMeans
C0Absorption	324	OAI.C0Absorption.main_result	OAI/Analysis/C0Absorption/Main.lean	OAI/Analysis/C0Absorption
CHObstruction	240	OAI.CHObstruction.main	OAI/ModelTheory/Categoricity/Main.lean	OAI/ModelTheory/Categoricity
CartierChartCompactnessSupport	066	OAI.CartierSections.isCompact_closedChartFieldRetraction_cone	OAI/AlgebraicGeometry/CartierSections/ChartCompactness.lean	OAI/AlgebraicGeometry/CartierSections
CharacterCriterion	299	OAI.KirchbergRordam.character_criterion	OAI/Analysis/CharacterCriterion/Main.lean	OAI/Analysis/CharacterCriterion
CharacterVarietiesAllSeamsSupport	027	OAI.IntegralCharacterVarieties.SurfacePresentation.Diagram.producedMarkedValues_allSeams	OAI/AlgebraicGeometry/CharacterVarieties/Seams/ProducedSolution.lean	OAI/AlgebraicGeometry/CharacterVarieties/Seams
ChoicelessPolynomialTime	243	OAI.CPTSeparation.main	OAI/ModelTheory/Choiceless/Separation.lean	OAI/ModelTheory/Choiceless
CirculantHadamard	179	OAI.CirculantHadamard.exists_iff_order_one_or_four	OAI/LinearAlgebra/CirculantHadamard/Main.lean	OAI/LinearAlgebra/CirculantHadamard
ClassicalON	215	OAI.ClassicalON.main	OAI/Probability/ClassicalON/Main.lean	OAI/Probability/ClassicalON
CliqueFreeLog	184	OAI.CliqueFreeLog.logarithmic_independence_bound	OAI/Combinatorics/CliqueFree/Main.lean	OAI/Combinatorics/CliqueFree
CommonBasesFPRAS	114	OAI.common_bases_fpras	OAI/Combinatorics/MatroidCounting/CommonBases.lean	OAI/Combinatorics/MatroidCounting
CommutingDerivations	049	OAI.AbhyankarSathaye.CommutingDerivations.commuting_derivations_with_ordinary_extras	OAI/AlgebraicGeometry/CommutingDerivations/OrdinaryExtraMain.lean	OAI/AlgebraicGeometry/CommutingDerivations
CompactBanach	098	OAI.CompactBanach.main	OAI/Geometry/DoublingHilbert/CompactBanach.lean	OAI/Geometry/DoublingHilbert
CompleteCrossing	165	OAI.Paper170.complete_graph_crossing_number	OAI/Combinatorics/CompleteCrossing/Main.lean	OAI/Combinatorics/CompleteCrossing
CompleteCrouzeix	325	OAI.CompleteCrouzeix.main	OAI/Analysis/NumericalRange/Main.lean	OAI/Analysis/NumericalRange
ComplexCancellation	047	OAI.ComplexCancellation.main	OAI/Algebra/AffineCancellation/Main.lean	OAI/Algebra/AffineCancellation
Conductivity	365	OAI.ScalarConductivity.main_nonuniqueness	OAI/Analysis/Conductivity/Main.lean	OAI/Analysis/Conductivity
ConjugatePoints	358	OAI.ThreeManifold.main_theorem	OAI/Geometry/ConjugatePoints/ThreeManifold.lean	OAI/Geometry/ConjugatePoints
ContinuumTransition	228	OAI.ContinuumTemperature.main_theorem	OAI/Probability/ContinuumTransition/Main.lean	OAI/Probability/ContinuumTransition
CoordinateSweeps	238	OAI.CoordinateSweeps.conditional_main	OAI/Probability/CoordinateSweeps/Main.lean	OAI/Probability/CoordinateSweeps
Cotype	326	OAI.Cotype.mainTarget_proved	OAI/Analysis/Cotype/Main.lean	OAI/Analysis/Cotype
CoulombIonization	263	OAI.CoulombAtom.generalized_ionization	OAI/Analysis/CoulombIonization/Main.lean	OAI/Analysis/CoulombIonization
CourtadeKumar	119	OAI.LeanBlast.CourtadeKumar.courtadeKumarAndAttainment	OAI/InformationTheory/BooleanNoise/Main.lean	OAI/InformationTheory/BooleanNoise
CriticalSK	227	OAI.CriticalSK.covariance_and_linear_tests	OAI/MathematicalPhysics/CriticalSK/Rayleigh.lean	OAI/MathematicalPhysics/CriticalSK
CriticalSKMixing	227	OAI.CriticalSK.critical_mixing_bounds	OAI/MathematicalPhysics/CriticalMixing/Main.lean	OAI/MathematicalPhysics/CriticalMixing
CriticalZ3	213	OAI.CriticalZ3.critical_no_infinite	OAI/Probability/CriticalZ3/Main.lean	OAI/Probability/CriticalZ3
CycleDecomposition	181	OAI.ErdosGallai.erdos_gallai	OAI/Combinatorics/CycleDecomposition/Main.lean	OAI/Combinatorics/CycleDecomposition
DaugavetModuli	331	OAI.ExactModuli.exact_example	OAI/Analysis/Daugavet/Main.lean	OAI/Analysis/Daugavet
DegreeRigidity	241	OAI.TuringRigidity.ManuscriptMain.rigidity	OAI/Computability/DegreeRigidity/Main.lean	OAI/Computability/DegreeRigidity
DeligneDrinfeld	008	OAI.DeligneDrinfeld.main	OAI/Algebra/Drinfeld/Completion.lean	OAI/Algebra/Drinfeld
DepthThree	112	OAI.DepthThreeLowerBound.exists_polynomial_time_language_depth_three_lower_bound	OAI/Computability/DepthThree/Main.lean	OAI/Computability/DepthThree
DiamondDistortion	331	OAI.DiamondDistortion.headline_all_pairs	OAI/Analysis/DiamondDistortion/Descent.lean	OAI/Analysis/DiamondDistortion
DirectCrouzeix	325	OAI.DirectCrouzeix.complete_crouzeix	OAI/Analysis/DirectCrouzeix/CompleteBound.lean	OAI/Analysis/DirectCrouzeix
DirectionalBallisticity	220	OAI.DirectionalTransience.directional_transience_implies_ballisticity	OAI/Probability/Ballisticity/Main.lean	OAI/Probability/Ballisticity
DirichletSevenEighths	003	OAI.DirichletCharacter.LFunction_ne_zero_of_seven_eighths_lt_re	OAI/NumberTheory/DirichletL/Nonvanishing.lean	OAI/NumberTheory/DirichletL
DixmierAllDiscrete	251	OAI.Dixmier.current_main_theorem	OAI/Analysis/Unitarizability/AllDiscrete.lean	OAI/Analysis/Unitarizability
DoublingHilbert	098	OAI.DoublingHilbert.main	OAI/Geometry/DoublingHilbert/Main.lean	OAI/Geometry/DoublingHilbert
EgyptianFractions	025	OAI.Problem337.counting_double_log_order	OAI/NumberTheory/EgyptianFractions/Main.lean	OAI/NumberTheory/EgyptianFractions
EgyptianFractions	025	OAI.Problem337.main_double_log_order	OAI/NumberTheory/EgyptianFractions/Main.lean	OAI/NumberTheory/EgyptianFractions
EgyptianFractions	025	OAI.Problem337.prescribed_denominator_corollary	OAI/NumberTheory/EgyptianFractions/Main.lean	OAI/NumberTheory/EgyptianFractions
EntangledGames	277	OAI.ThresholdParallelRepetition.threshold_parallel_repetition	OAI/Probability/EntangledGames/Main.lean	OAI/Probability/EntangledGames
EuclideanFiveColor	158	OAI.EuclideanFiveColor.no_proper_five_coloring	OAI/Geometry/PlaneColoring/Five.lean	OAI/Geometry/PlaneColoring
EuclideanRamsey	172	OAI.EuclideanRamsey.classification	OAI/Combinatorics/EuclideanRamsey/Main.lean	OAI/Combinatorics/EuclideanRamsey
ExactFourier	130	OAI.ExactFourier.main_theorem	OAI/Computability/FourierCircuit/Main.lean	OAI/Computability/FourierCircuit
FactorGeneration	296	OAI.Generator.single_generation_of_II1_separable_predual	OAI/Analysis/FactorGeneration/Main.lean	OAI/Analysis/FactorGeneration
FinitisticAsymmetry	198	OAI.LittleFinitistic.extreme_left_right_asymmetry	OAI/Algebra/FinitisticAsymmetry/Main.lean	OAI/Algebra/FinitisticAsymmetry
ForestSpace	331	OAI.ForestSpace.main_theorem	OAI/Analysis/ForestSpace/Main.lean	OAI/Analysis/ForestSpace
FoulkesHowe	210	OAI.Problem346.canonical_foulkes_howe_surjective	OAI/RepresentationTheory/FoulkesHowe/Stabilization.lean	OAI/RepresentationTheory/FoulkesHowe
FourierLLogL	075	OAI.FourierLLogL.paperMain	OAI/Analysis/FourierLLogL/PaperMain.lean	OAI/Analysis/FourierLLogL
FreeIsing	236	OAI.Problem367.free_ising_factor_iff_threshold	OAI/Probability/FreeIsing/Main.lean	OAI/Probability/FreeIsing
GaussianMoat	028	OAI.GaussianMoat.fullMain	OAI/NumberTheory/GaussianMoat/Main.lean	OAI/NumberTheory/GaussianMoat
GaussianPropeller	096	OAI.GaussianPropeller.all_partitions	OAI/Probability/GaussianPropeller/Main.lean	OAI/Probability/GaussianPropeller
GaussianReplacement	140	OAI.CurrentProjection.fiberBlockMain	OAI/Probability/GaussianReplacement/FiberBlock.lean	OAI/Probability/GaussianReplacement
GaussianReplacement	140	OAI.CurrentProjection.hybridBlockMain	OAI/Probability/GaussianReplacement/Hybrid.lean	OAI/Probability/GaussianReplacement
GotsmanLinial	127	OAI.LeanBlast.GotsmanLinial.gotsmanLinialStatement	OAI/Combinatorics/GotsmanLinial/Main.lean	OAI/Combinatorics/GotsmanLinial
GrahamSpherical	172	OAI.GrahamSpherical.full_main	OAI/Combinatorics/SphericalRamsey/Main.lean	OAI/Combinatorics/SphericalRamsey
GrothendieckElementaryExpansion	312	OAI.Grothendieck.elementary_expansion	OAI/CategoryTheory/Globular/ElementaryExpansion.lean	OAI/CategoryTheory/Globular
GroupRingDeterminant	197	OAI.GroupRingDeterminant.main	OAI/Analysis/GroupDeterminants/Main.lean	OAI/Analysis/GroupDeterminants
HadwigerCounterexample	157	OAI.HadwigerCounterexample.not_hadwiger_conjecture	OAI/Combinatorics/HadwigerCounterexample/Main.lean	OAI/Combinatorics/HadwigerCounterexample
HarmonicArtin	254	OAI.HarmonicArtin.salvetti_cover_contractible	OAI/Topology/ArtinGroups/Realizations/SalvettiCoverContractible.lean	OAI/Topology/ArtinGroups/Realizations
HarmonicGrowth	361	OAI.HarmonicCounterexample.main	OAI/Geometry/HarmonicGrowth/Main.lean	OAI/Geometry/HarmonicGrowth
HeckeSevenEighths	003	OAI.SevenEighths.HeckeFamily.LFunction_ne_zero_of_seven_eighths_lt_re	OAI/NumberTheory/DirichletL/Hecke/Nonvanishing.lean	OAI/NumberTheory/DirichletL/Hecke
HenonEmden	370	OAI.HenonLaneEmden.main_nonexistence	OAI/Analysis/HenonEmden/Main.lean	OAI/Analysis/HenonEmden
HoneycombBridgeMassSupport	237	OAI.CriticalHoneycomb.finiteBridgeMassEstimate	OAI/Combinatorics/HoneycombChords/BridgeMass.lean	OAI/Combinatorics/HoneycombChords
HyperbolicCones	095	OAI.Paper256.main_result	OAI/Analysis/HyperbolicCones/Main.lean	OAI/Analysis/HyperbolicCones
HyperbolicObstruction	257	OAI.HyperbolicObstruction.main	OAI/Geometry/HyperbolicGroups/Main.lean	OAI/Geometry/HyperbolicGroups
IndependentProducts	331	OAI.IndependentProducts.main_exponential	OAI/Analysis/ProductSpaces/Main.lean	OAI/Analysis/ProductSpaces
IndependentProducts	331	OAI.IndependentProducts.main_general	OAI/Analysis/ProductSpaces/WeakNullity.lean	OAI/Analysis/ProductSpaces
IndependentSets	106	OAI.LargeIndependentSets.mainTheoremReal	OAI/Combinatorics/IndependentSets/Main.lean	OAI/Combinatorics/IndependentSets
InfiniteMatroid	185	OAI.InfiniteMatroidCounterexample.main	OAI/Combinatorics/InfiniteMatroid/Main.lean	OAI/Combinatorics/InfiniteMatroid
IsometricImmersion	334	OAI.SmoothLocal.Geometry.exists_local_metric_without_local_immersion	OAI/Geometry/IsometricImmersion/Main.lean	OAI/Geometry/IsometricImmersion
Jacobsthal	021	OAI.Erdos970.Erdos970Final.erdos_970_quadratic	OAI/NumberTheory/Jacobsthal/Conclusions/QuadraticBound.lean	OAI/NumberTheory/Jacobsthal/Conclusions
KMedianRecovery	125	OAI.MetricKMedianRecovery.global_application	OAI/Combinatorics/KMedianRecovery/Main.lean	OAI/Combinatorics/KMedianRecovery
KahlerSplitting	052	OAI.UniversalCoverSplitting.main	OAI/Geometry/KahlerSplitting/Main.lean	OAI/Geometry/KahlerSplitting
KaplanskyFinitelyPresented	197	OAI.KaplanskyCounterexample.finitelyPresented_counterexample	OAI/RingTheory/DirectFiniteness/FinitelyPresented.lean	OAI/RingTheory/DirectFiniteness
KaplanskyQuasitrace	294	OAI.Kaplansky.kaplansky_quasitrace_counterexample	OAI/Analysis/Kaplansky/Main.lean	OAI/Analysis/Kaplansky
Laughlin	269	OAI.Laughlin.mainTarget_proved	OAI/Analysis/Laughlin/Main.lean	OAI/Analysis/Laughlin
LiebThirring	262	OAI.SharpLiebThirring.sharp_lieb_thirring	OAI/Analysis/LiebThirring/Main.lean	OAI/Analysis/LiebThirring
LipschitzEquivalence	324	OAI.LipschitzCounterexample.main	OAI/Analysis/LipschitzEquivalence/Main.lean	OAI/Analysis/LipschitzEquivalence
LittleFinitistic	198	OAI.LittleFinitistic.Main.exists_counterexample	OAI/Algebra/Finitistic/Main.lean	OAI/Algebra/Finitistic
LogBrunnMinkowski	091	OAI.LogBrunnMinkowski.main	OAI/Geometry/LogVolume/BrunnMinkowski.lean	OAI/Geometry/LogVolume
LogConcaveQuery	139	OAI.LogConcaveSampling.exact_source_main	OAI/Probability/LogConcave/Main.lean	OAI/Probability/LogConcave
LogspaceEquality	103	OAI.ExactDerandomization.exact_logarithmic_space_derandomization	OAI/Computability/Logspace/Equality.lean	OAI/Computability/Logspace
MahlerConjecture	087	OAI.SymmetricMahler.symmetric_mahler	OAI/Analysis/Mahler/MainTheorem.lean	OAI/Analysis/Mahler
MarkovType	327	OAI.MarkovSuperreflexivity.hasNontrivialMarkovType_iff_hasEquivalentUCNorm	OAI/Analysis/MarkovType/Main.lean	OAI/Analysis/MarkovType
MatchingEntropy	113	OAI.MatchingEntropy.entropy_main	OAI/Combinatorics/PerfectMatching/Main.lean	OAI/Combinatorics/PerfectMatching
MatrixFields	107	OAI.MatrixAllFields.MatrixMultiplication.AllFieldMain.omega_lt_source_constant	OAI/LinearAlgebra/MatrixFields/Conclusions/AllFieldsBound.lean	OAI/LinearAlgebra/MatrixFields/Conclusions
MatrixMultiplication	107	OAI.MatrixMultiplication.complex_alpha_gt_93_div_200	OAI/LinearAlgebra/MatrixMultiplication/Main.lean	OAI/LinearAlgebra/MatrixMultiplication
MatrixMultiplication	107	OAI.MatrixMultiplication.complex_omega_le_nine_quarters	OAI/LinearAlgebra/MatrixMultiplication/Main.lean	OAI/LinearAlgebra/MatrixMultiplication
MatrixMultiplication	107	OAI.MatrixMultiplication.complex_rectangular_omega_lt_523_div_250	OAI/LinearAlgebra/MatrixMultiplication/Main.lean	OAI/LinearAlgebra/MatrixMultiplication
MatrixRemoval	190	OAI.Problem348.no_polynomial_removal_bound	OAI/Combinatorics/MatrixRemoval/Main.lean	OAI/Combinatorics/MatrixRemoval
MaximalSeshadriConstants	039	OAI.MaximalSeshadri.Geometry.maximalSeshadriConstants	OAI/AlgebraicGeometry/Seshadri/Main.lean	OAI/AlgebraicGeometry/Seshadri
MemoryPrecision	140	OAI.MemoryPrecision.main	OAI/Probability/MemoryPrecision/Main.lean	OAI/Probability/MemoryPrecision
MetricEntropyDuality	329	OAI.MetricEntropyDuality.exists_entropy_duality_counterexample_with_covers	OAI/Analysis/MetricEntropy/Main.lean	OAI/Analysis/MetricEntropy
MidpointLenses	331	OAI.SegmentLenses.midpoint_lens_main	OAI/Analysis/SegmentLenses/Main.lean	OAI/Analysis/SegmentLenses
Nagata	039	OAI.Nagata.nagata_conjecture	OAI/AlgebraicGeometry/PlaneCurves/Nagata.lean	OAI/AlgebraicGeometry/PlaneCurves
OddKaplansky	197	OAI.OddKaplansky.main_theorem	OAI/Algebra/OddKaplansky/Main.lean	OAI/Algebra/OddKaplansky
OneTapeSpace	137	OAI.Fifths.Single.capped	OAI/Computability/SpaceSimulation/Main.lean	OAI/Computability/SpaceSimulation
OneTapeSpace	137	OAI.Fifths.Single.unknown	OAI/Computability/SpaceSimulation/Main.lean	OAI/Computability/SpaceSimulation
OneWayLiveness	129	OAI.OneWayLiveness.main_theorem	OAI/Combinatorics/Automata/Main.lean	OAI/Combinatorics/Automata
OptimalMaxCut	102	OAI.OptimalMaxCut.main	OAI/Computability/MaxCut/Main.lean	OAI/Computability/MaxCut
PartitionPrinciple	244	OAI.PartitionPilot.Forcing.TransitiveGround.exists_model_partitionPrinciple_without_choice	OAI/SetTheory/PartitionPrinciple/Models/Separation.lean	OAI/SetTheory/PartitionPrinciple/Models
PerfectCompleteness	105	OAI.PerfectCompleteness.Theorem11.exists_reduction	OAI/Computability/PerfectCompleteness/Theorem11.lean	OAI/Computability/PerfectCompleteness
PeriodicTilingThree	155	OAI.PeriodicTilingThree.periodic_tiling_counterexample_and_minimality	OAI/Geometry/PeriodicTiling/Counterexample.lean	OAI/Geometry/PeriodicTiling
PettyProjectionVolume	088	OAI.PettyProjection.petty_projection_volume	OAI/Geometry/ProjectionBodies/Main.lean	OAI/Geometry/ProjectionBodies
PinchedKahler	359	OAI.PinchedHartogs.main_theorem	OAI/Geometry/Kahler/Main.lean	OAI/Geometry/Kahler
PinnedDistances	167	OAI.WeakPinned.main	OAI/Geometry/PinnedDistances/Main.lean	OAI/Geometry/PinnedDistances
PlanarFalconer	073	OAI.PlanarFalconer.mainTarget_proved	OAI/MeasureTheory/Falconer/Main.lean	OAI/MeasureTheory/Falconer
PlanarFirstPassage	212	OAI.PlanarFPP.manuscriptMain	OAI/Probability/FirstPassage/BoundaryCurve.lean	OAI/Probability/FirstPassage
PlanarL1	089	OAI.PlanarL1.planar_graph_metrics_embed_L1	OAI/Combinatorics/PlanarL1/Embedding.lean	OAI/Combinatorics/PlanarL1
PlaneColoring	158	OAI.Problem160.properColoring_seven	OAI/Geometry/PlaneColoring/Seven.lean	OAI/Geometry/PlaneColoring
PosteriorReplicas	140	OAI.PosteriorReplicas.source_main	OAI/Probability/PosteriorReplicas/Main.lean	OAI/Probability/PosteriorReplicas
PowerFreeValues	020	OAI.QuarticPowerFree.allDegrees	OAI/NumberTheory/PowerFree/Main.lean	OAI/NumberTheory/PowerFree
ProjectionCounterexample	088	OAI.ProjectionCounterexample.universal_simplex_upper_bound_false	OAI/Geometry/ProjectionBody/Counterexample.lean	OAI/Geometry/ProjectionBody
ProjectionMoments	140	OAI.ProjectionMoments.main	OAI/Probability/ProjectionMoments/Main.lean	OAI/Probability/ProjectionMoments
ProjectionVolume	088	OAI.Paper092.product_counterexample	OAI/Geometry/ProjectionVolume/ProductCounterexample.lean	OAI/Geometry/ProjectionVolume
QACParity	274	OAI.QAC.parity_lower_bound	OAI/InformationTheory/QuantumCircuit/Parity.lean	OAI/InformationTheory/QuantumCircuit
QuadricBundles	050	OAI.QuadricCounterexample.main_theorem	OAI/Geometry/QuadricBundles/Main.lean	OAI/Geometry/QuadricBundles
QuantitativeVanDerWaerden	160	OAI.QuantitativeVanDerWaerden.uniform_lower_bound	OAI/Combinatorics/ProgressionColoring/Main.lean	OAI/Combinatorics/ProgressionColoring
QuasiRiemannHypothesis	003	OAI.riemannZeta_ne_zero_of_seven_eighths_lt_re	OAI/NumberTheory/DirichletL/Nonvanishing.lean	OAI/NumberTheory/DirichletL
QuinticLienard	143	OAI.QuinticLienard.main	OAI/Analysis/LienardCycles/Main.lean	OAI/Analysis/LienardCycles
RadialTransition	228	OAI.RadialTransition.main	OAI/Probability/RadialTransition/Main.lean	OAI/Probability/RadialTransition
RandomizedMeanPayoff	104	OAI.randomized_quasipolynomial_mean_payoff	OAI/Computability/RandomMean/Main.lean	OAI/Computability/RandomMean
RationalHitting	116	OAI.RationalHitting.main	OAI/Computability/RationalHitting/Main.lean	OAI/Computability/RationalHitting
RecursivePotentials	331	OAI.ComparatorModel.RecursivePotentials.main	OAI/Analysis/RecursivePotentials/Challenge.lean	OAI/Analysis/RecursivePotentials
ReflexiveFixedPoints	328	OAI.ReflexiveFixedPoints.exists_fixedPoint_of_canonicallyReflexive	OAI/Analysis/Nonexpansive/Main.lean	OAI/Analysis/Nonexpansive
RegularParity	274	OAI.QAC.parity_lower_bound_polynomial_size	OAI/InformationTheory/QuantumCircuit/Main.lean	OAI/InformationTheory/QuantumCircuit
RieszQuantitative	081	OAI.RieszRectifiability.quantitative_higher_codimension_riesz_rectifiability	OAI/Analysis/RieszRectifiability/Uniformity/Rectifiability.lean	OAI/Analysis/RieszRectifiability/Uniformity
RyserCovering	162	OAI.RyserCoveringCounterexample.exists_prime_eventually_counterexampleRank	OAI/Combinatorics/Ryser/Construction/Main.lean	OAI/Combinatorics/Ryser/Construction
RyserOddExtensions	162	OAI.RyserOdd.eventualOddFailures_and_infinite	OAI/Combinatorics/Ryser/OddExtensions.lean	OAI/Combinatorics/Ryser
Saxl	205	OAI.Saxl.saxl_conjecture	OAI/RepresentationTheory/Saxl/Main.lean	OAI/RepresentationTheory/Saxl
SecondKahnKalai	176	OAI.LeanBlast.SecondKahnKalai.secondKahnKalaiBounds	OAI/Combinatorics/GraphThreshold/Main.lean	OAI/Combinatorics/GraphThreshold
SelfSimilar	148	OAI.EntropyRateDimension.entropy_rate_dimension	OAI/MeasureTheory/SelfSimilar/Main.lean	OAI/MeasureTheory/SelfSimilar
SensitivitySeparation	132	OAI.Paper320.quantitative_separation	OAI/Combinatorics/Sensitivity/Separation.lean	OAI/Combinatorics/Sensitivity
SeymourSecondNeighborhood	173	OAI.SeymourSecondNeighborhood.exists_goodVertex	OAI/Combinatorics/SecondNeighborhood/Main.lean	OAI/Combinatorics/SecondNeighborhood
SiegelZeros	003	OAI.SiegelZeros.WeightedTorusJets.exists_absolute_real_zero_gap	OAI/NumberTheory/SiegelZeros/Conclusions/Theorem.lean	OAI/NumberTheory/SiegelZeros/Conclusions
SignedFiniteBand	085	OAI.SignedDisk.CenteredDiskEndpoint.main_signed_finite_band	OAI/Analysis/SignedDisk/Main.lean	OAI/Analysis/SignedDisk
SimpleAmenable	253	OAI.SimpleAmenable.main	OAI/GroupTheory/SimpleAmenable/Main.lean	OAI/GroupTheory/SimpleAmenable
SingleFold	242	OAI.SingleFold.main	OAI/NumberTheory/SingleFold/Main.lean	OAI/NumberTheory/SingleFold
SingleLatticeCovering	092	OAI.SingleLatticeCovering.single_lattice_covering	OAI/Geometry/LatticeCovering/Main.lean	OAI/Geometry/LatticeCovering
SingletonLoopMatching	113	OAI.LoopMatching.fullEndpoint	OAI/Computability/LoopMatching/Main.lean	OAI/Computability/LoopMatching
SmoothYau	350	OAI.YauCounterexamples.sphere_three	OAI/Geometry/SmoothYau/SphereMetric/ThreeSphere.lean	OAI/Geometry/SmoothYau/SphereMetric
SmoothYau	350	OAI.YauCounterexamples.sphere_two_torus_two	OAI/Geometry/SmoothYau/ProductMetric/SphereProduct.lean	OAI/Geometry/SmoothYau/ProductMetric
StableCoordinateFour	049	OAI.StableCoordinate.principal_package	OAI/AlgebraicGeometry/StableCoordinate/Principal.lean	OAI/AlgebraicGeometry/StableCoordinate
SteinitzBergstrom	097	OAI.EuclideanSteinitzBergstrom.main	OAI/Analysis/Steinitz/Main.lean	OAI/Analysis/Steinitz
StrictMeans	072	OAI.StrictInverseFirstPower.main	OAI/Analysis/StrictMeans/Main.lean	OAI/Analysis/StrictMeans
StrongThinTree	174	OAI.StrongThinTree.strongThinTree	OAI/Combinatorics/ThinTrees/Main.lean	OAI/Combinatorics/ThinTrees
StructuralCrouzeix	325	OAI.StructuralCrouzeixReference.challenge	OAI/Analysis/StructuralCrouzeix/Endpoint.lean	OAI/Analysis/StructuralCrouzeix
SubpolynomialLp	094	OAI.SubpolynomialLp.source_main	OAI/Analysis/LpDimension/Main.lean	OAI/Analysis/LpDimension
SubsphereCurrent	140	OAI.SubsphereCurrent.full_current_main_scope	OAI/Probability/Subsphere/Main.lean	OAI/Probability/Subsphere
Superstring	128	OAI.Superstring.main	OAI/Computability/Superstring/Main.lean	OAI/Computability/Superstring
SurfaceConeCandidateSupport	195	OAI.SmallCM.candidate_ring_properties	OAI/AlgebraicGeometry/SurfaceCones/CandidateRing.lean	OAI/AlgebraicGeometry/SurfaceCones
SymmetricDomains	058	OAI.Release061.main	OAI/Analysis/SymmetricDomains/Main.lean	OAI/Analysis/SymmetricDomains
SymmetricMahlerEquality	087	OAI.SymmetricMahler.symmetric_mahler_equality	OAI/Analysis/Mahler/Classification.lean	OAI/Analysis/Mahler
SymmetricPolar	087	OAI.SymmetricPolar.symmetric_polar_main	OAI/Geometry/PolarProducts/Main.lean	OAI/Geometry/PolarProducts
Tachikawa	199	OAI.Tachikawa.main_theorem	OAI/RingTheory/Tachikawa/Counterexample.lean	OAI/RingTheory/Tachikawa
TalagrandDiscreteConvexity	175	OAI.TalagrandDiscreteConvexity.talagrand_discrete_convexity	OAI/Combinatorics/DiscreteConvexity/Main.lean	OAI/Combinatorics/DiscreteConvexity
TalagrandExpectationThreshold	175	OAI.TalagrandThreshold.talagrand_expectation_threshold_equivalence	OAI/Combinatorics/ExpectationThreshold/Main.lean	OAI/Combinatorics/ExpectationThreshold
TamingCompatibility	342	OAI.TamingCompatibility.taming_implies_compatibility	OAI/Geometry/TamingCompatibility/Main.lean	OAI/Geometry/TamingCompatibility
ThompsonNonamenability	248	OAI.ThompsonNonamenability.thompson_F_nonamenable_composition	OAI/GroupTheory/Thompson/Main.lean	OAI/GroupTheory/Thompson
ThorpRouting	238	OAI.ThorpNine.main	OAI/Probability/ThorpRouting/Main.lean	OAI/Probability/ThorpRouting
ThorpWeightedCompatibility	238	OAI.ThorpCompatibility.weightedCompatibility_main	OAI/Probability/ThorpCompatibility/Main.lean	OAI/Probability/ThorpCompatibility
TingleySphereIsometry	322	OAI.Tingley.tingley_sphere_isometry_full	OAI/Analysis/SphereIsometry/Extension.lean	OAI/Analysis/SphereIsometry
TorsionFreeHyperbolic	252	OAI.Release075.main	OAI/GroupTheory/Hyperbolic/Main.lean	OAI/GroupTheory/Hyperbolic
TorsionFreeZeroDivisors	196	OAI.TorsionFreeZeroDivisors.main	OAI/Algebra/GroupRing/Main.lean	OAI/Algebra/GroupRing
TraceIdealTransportSupport	301	OAI.TraceConeClassification.TraceConeEquiv.idealOrderIso_finIdeal	OAI/Analysis/TraceCone/IdealTransport.lean	OAI/Analysis/TraceCone
TraceIdealTransportSupport	301	OAI.TraceConeClassification.TraceConeEquiv.idealOrderIso_zeroIdeal	OAI/Analysis/TraceCone/IdealTransport.lean	OAI/Analysis/TraceCone
TraceIdealTransportSupport	301	OAI.TraceConeClassification.closed_ideal_weight_exists	OAI/Analysis/TraceCone/FiniteIdeal.lean	OAI/Analysis/TraceCone
TriangularHilbert	082	OAI.TriangularHilbert.main_estimate	OAI/Analysis/TriangularHilbert/Main.lean	OAI/Analysis/TriangularHilbert
TwoWayComplementation	129	OAI.TwoWayComplementation.complementation_lower_bound_finite	OAI/Combinatorics/TwoWayAutomata/Main.lean	OAI/Combinatorics/TwoWayAutomata
TwoWayDeterminization	129	OAI.TwoWayComplementation.explicit_family_main	OAI/Combinatorics/TwoWayAutomata/ExplicitFamily.lean	OAI/Combinatorics/TwoWayAutomata
UniformFourier	130	OAI.PowerSaving.convolution_main	OAI/Computability/FourierTransform/Main.lean	OAI/Computability/FourierTransform
UniformFourier	130	OAI.PowerSaving.transform_main	OAI/Computability/FourierTransform/Main.lean	OAI/Computability/FourierTransform
UniformGamma	291	OAI.ComparatorModel.CurrentMain.main	OAI/Analysis/TracialSplitting/Challenge.lean	OAI/Analysis/TracialSplitting
UniformSparsestCut	117	OAI.UniformSparsestCut.mainGap	OAI/Combinatorics/SparsestCut/Main.lean	OAI/Combinatorics/SparsestCut
UniqueGamesTheorem	102	OAI.UniqueGamesTheorem.theorem11	OAI/Computability/UniqueGames/Theorem.lean	OAI/Computability/UniqueGames
UniversalFInfinity	250	OAI.UniversalFInfinity.universal_group_of_type_FInfinity	OAI/GroupTheory/UniversalGroup/Main.lean	OAI/GroupTheory/UniversalGroup
VertexCover	102	OAI.VertexCover.every_fixed_factor_below_two	OAI/Computability/VertexCover/Main.lean	OAI/Computability/VertexCover
VlasovMaxwell	362	OAI.RVM.global_classical_solution	OAI/Analysis/VlasovMaxwell/Main.lean	OAI/Analysis/VlasovMaxwell
WeakHessian	356	OAI.WeakHessian.every_geodesic	OAI/Geometry/WeakHessian/Main.lean	OAI/Geometry/WeakHessian
WeakMTWGlobalSupport	360	OAI.WeakMTWGlobalSupport.current_main_convexity	OAI/Geometry/WeakMTW/Convexity.lean	OAI/Geometry/WeakMTW
YauCounterexample	350	OAI.Yau.Target.yau_nodal_set_upper_bound_counterexample	OAI/Geometry/NodalSets/Main.lean	OAI/Geometry/NodalSets
