fam	stem	files
007	ordinary-two-point-correlations	ordinary-two-point-correlations.pdf
017	irrationality-exponent-of-pi	irrationality-exponent-of-pi.pdf
087	symmetric-and-general-mahler-conjectures	symmetric-and-general-mahler-conjectures.pdf
102	basic-semidefinite-threshold-np-hardness	basic-semidefinite-threshold-np-hardness.pdf
159	quasipolynomial-arithmetic-progressions	quasipolynomial-arithmetic-progressions.pdf
197	kaplansky-direct-finiteness-characteristic-two	kaplansky-direct-finiteness-characteristic-two.pdf
221	mezard-parisi-formula	mezard-parisi-formula.pdf|mezard-parisi-formula.tex
271	spontaneous-magnetization-quantum-heisenberg-ferromagnet	spontaneous-magnetization-quantum-heisenberg-ferromagnet.pdf
287	free-group-factor-isomorphism	free-group-factor-isomorphism.pdf
362	relativistic-vlasov-maxwell	relativistic-vlasov-maxwell.pdf
