fam	config
003	DirichletSevenEighths
003	HeckeSevenEighths
003	QuasiRiemannHypothesis
003	SiegelZeros
005	Catalan
007	OrdinaryElliott
007	OrdinaryTwoPointCorrelations
008	DeligneDrinfeld
009	BogomolovPopInjectivity
012	JointDickman
013	OstmannComplete
013	OstmannPrimes
015	DukePrimeDegree
017	PiExponent
020	PowerFreeValues
021	Jacobsthal
021	JacobsthalImproved
023	PattersonFirstMoment
024	TotientAsymptotic
024	TotientCompanionZero
025	EgyptianFractions
025	ShortEgyptianFractions
026	PrimeGaps
027	CharacterVarietiesAllSeamsSupport
028	GaussianMoat
033	LogKodairaFiberNegative
039	MaximalSeshadriConstants
039	Nagata
047	ComplexCancellation
049	AbhyankarSathaye
049	CommutingDerivations
049	StableCoordinateFour
050	QuadricBundles
052	KahlerSplitting
052	SplitTangentIntegrability
058	SymmetricDomains
066	CartierChartCompactnessSupport
071	KoebeCircleDomains
072	Brennan
072	BrennanSharp
072	StrictMeans
073	FalconerAllDimensions
073	PlanarFalconer
075	FourierLLogL
076	AsymptoticallyMinimalLittlewood
076	LittlewoodFiniteFlatness
081	RieszQuantitative
082	TriangularHilbert
083	LipschitzHilbert
084	DyadicAvoidance
085	DiskMaximal
085	SignedFiniteBand
087	GeneralMahler
087	MahlerConjecture
087	SymmetricMahlerEquality
087	SymmetricPolar
088	PettyProjectionVolume
088	ProjectionCounterexample
088	ProjectionVolume
089	BoundedTreewidthL1
089	PlanarL1
090	AtomicGaussian
090	PlanarPacking
090	TriangularEnergy
090	TriangularGaussian
091	LogBrunnMinkowski
092	CoveringDensity
092	SingleLatticeCovering
094	SubpolynomialLp
095	HyperbolicCones
096	GaussianPropeller
097	SteinitzBergstrom
098	CompactBanach
098	DoublingHilbert
099	BinaryEditLower
099	EditDistance
099	FiniteCircle
099	TreeEdit
100	CylinderCovering
100	RuledCovering
100	TriangularCovering
102	DirectedFeedback
102	MinUncut
102	OptimalMaxCut
102	UniqueGamesTheorem
102	VertexCover
103	LogspaceEquality
104	RandomizedMeanPayoff
104	TruffetCounterexample
105	PerfectCompleteness
106	IndependentSets
107	MatrixFields
107	MatrixMultiplication
108	PermanentCubic
108	SmoothInitialForm
110	KServer
110	UniformKServer
111	MatroidProphet
111	MatroidSecretary
112	DepthThree
113	BinaryMatching
113	MatchingEntropy
113	MatchingEntropyBounds
113	MatchingFPRAS
113	SingletonLoopMatching
113	TriangleFace
114	CommonBasesFPRAS
115	ContingencyTables
116	FormulaHitting
116	RationalHitting
117	UniformSparsestCut
118	BinPackingGap
119	CourtadeKumar
119	SoftChannel204
121	EditApproximation
122	TraceReconstruction
124	ThreeMachine
125	KMedianRecovery
125	KMedianRefinedRecovery
125	KMedianThreshold
125	MetricKMedian
126	MatchingAffineLift
126	MatchingPSD
127	GotsmanLinial
128	Superstring
129	OneWayLiveness
129	TwoWayComplementation
129	TwoWayDeterminization
130	ExactFourier
130	UniformFourier
131	SwitchChain
132	SensitivitySeparation
133	ParityLifts
133	VariableWL
133	WLIdentification
133	WeisfeilerLeman
134	GeneralizedStarHeight
135	DepthFive
137	OneTapeSpace
139	LogConcaveQuery
140	GaussianFiniteEntropy
140	GaussianInformation
140	GaussianReplacement
140	MemoryPrecision
140	NoiselessRegression
140	PosteriorReplicas
140	ProjectionMoments
140	SubsphereCurrent
143	QuinticLienard
144	ThreeTorus
145	Rokhlin
146	StandardMapComponents
146	StandardMapEntropy
146	StandardMapLyapunov
148	SelfSimilar
148	SelfSimilarCorollaries
149	MassAction
150	IrrationalTriangleBilliard
151	C1EntropyCounterexample
152	SmoothObstruction
155	PeriodicTilingThree
156	BorsukNine
157	HadwigerCounterexample
157	ListHadwiger
158	EuclideanFiveColor
158	PlaneColoring
159	ErdosReciprocal
160	QuantitativeVanDerWaerden
161	SidorenkoCounterexample
162	BalancedRyser
162	RyserCovering
162	RyserOddExtensions
165	BipartiteCrossing
165	CompleteCrossing
167	PinnedDistances
167	PlanarUnitDistances
168	KLInvariance
169	ElementaryPositivity
170	RamseyFive
170	SharpLogRamsey
172	EuclideanRamsey
172	EuclideanRamseyCircle
172	EuclideanRamseyNine
172	EuclideanRamseyQuadratic
172	EuclideanRamseySpherical
172	EuclideanRamseyTransitive
172	GrahamSpherical
173	SeymourSecondNeighborhood
174	AlgorithmicThinTrees
174	StrongThinTree
175	TalagrandDiscreteConvexity
175	TalagrandExpectationThreshold
176	SecondKahnKalai
177	CoboundaryExpanders
179	CirculantHadamard
179	EvenBarker
180	BarnetteHamiltonian
181	CycleDecomposition
182	SquareDifference
183	HalvingLines
184	CliqueFreeLog
185	InfiniteMatroid
185	InfiniteMatroidCorollaries
186	SharpThreshold
187	SnakyCertificate
187	SnakyConditional
187	SnakyTwentyOne
188	TriangleRemoval
189	CycleCliqueRamsey
190	MatrixRemoval
191	HeilbronnTriangle
192	SquareRootDegree
194	DuttaDomain
195	SurfaceConeCandidateSupport
196	TorsionFreeZeroDivisors
197	GroupRingDeterminant
197	KaplanskyDirectFiniteness
197	KaplanskyFinitelyPresented
197	OddKaplansky
198	FinitisticAsymmetry
198	LittleFinitistic
199	AuslanderReiten
199	Tachikawa
205	Saxl
205	UniversalTensorSquares
206	FiniteCongruenceGraph
207	BassTorsionFree
207	BassTrace
210	FoulkesHowe
211	FKCRT
212	GammaPassage
212	PlanarFirstPassage
213	CriticalPercolation
213	CriticalZ3
214	BenjaminiSchramm
214	CayleyPercolation
215	ClassicalON
218	BufferedIsing
220	DirectionalBallisticity
220	DirectionalWalk
220	VelocityHemisphere
221	DilutedSpin
222	IsingFiniteness
222	PerceptronFreeEnergy
222	SphericalField
227	CriticalSK
227	CriticalSKMixing
227	SKBarriers
227	SKHighTemperature
227	SKRatio
228	ContinuumTransition
228	RadialDensityInterval
228	RadialTransition
229	ThreeStateSupercritical
229	ThreeStateTreeClauses
230	SLELowerPositivity
231	FreeUniformSpanningForest
231	StronglyRayleighDPP
234	InvariantIsing
235	FixedClauseThreshold
235	SATComputability
235	SATSharpness
235	SATVariance
236	FreeIsing
237	CriticalStripMass
237	HoneycombBridgeFiniteness
237	HoneycombBridgeMassSupport
237	HoneycombFreeEnergy
238	BinarySweep
238	CoordinateSweeps
238	CoordinateTrace
238	FourRowPermanent
238	OccupiedOverlap
238	PartialPermutation
238	SignedSweepMoment
238	SpinAngle
238	ThorpFirstReciprocal
238	ThorpRemaining
238	ThorpRouting
238	ThorpWeightedCompatibility
238	WeightedSweepMoments
240	CHObstruction
241	DegreeRigidity
242	SingleFold
243	ChoicelessPolynomialTime
243	WitnessedChoice
244	PartitionConsistency
244	PartitionPrinciple
245	TypeSystemNormalization
246	CannonGeometricAction
247	PeriodicGroup
248	ThompsonNonamenability
249	EilenbergGanea
250	BooneHigman
250	SimpleOvergroups
250	UniversalFInfinity
251	Dixmier
251	DixmierAllDiscrete
252	TorsionFreeHyperbolic
253	SimpleAmenable
254	ArtinCAT0
254	ArtinParabolicIntersections
254	HarmonicArtin
255	PolycyclicRecognition
256	Kervaire
257	HyperbolicObstruction
260	CKSBondiPenrose
261	PlanarAndersonSpectrum
262	LiebThirring
263	CoulombIonization
263	CoulombRadii
266	HadamardCubeFiber
266	MUBSix
267	HardSphere
269	Laughlin
269	LaughlinFock
269	LaughlinGap
269	LaughlinPlanar
271	Heisenberg
272	DimensionTenChannel
272	DimensionTenPair
273	EntropyPhotonNumber
274	QACParity
274	RegularParity
275	ContinuumCoulombHardness
276	AmplitudeDamping
277	EntangledGames
279	ExactQuantumFactoring
280	VertexAlgebraNet
281	SKFullSupport
281	SKValue
287	InterpolatedFactors
288	KadisonSimilarity
288	UniformCommutator
289	StrongKadisonKastler
290	BoundedRecovery
291	UniformGamma
292	NuclearUltrapower
293	BackwardIntertwiners
293	ContinuousCircleWeight
293	FiniteFactor
293	HyperinvariantSubspaces
293	IrrationalRotation
293	ProductBrown
294	KaplanskyQuasitrace
294	KaplanskyStableFiniteness
295	KadisonRingrose
296	FactorGeneration
296	RelativeGeneration
297	Naimark
298	FiniteEntropySeparation
299	CharacterCriterion
301	TraceIdealTransportSupport
303	ExactInfiniteness
303	IndividualStrongInfiniteness
307	CoarseAssembly
312	GrothendieckElementaryExpansion
317	ThomasonModelStructures
322	TingleySphereIsometry
323	SeparableQuotientNegative
324	C0Absorption
324	LipschitzEquivalence
325	CompleteCrouzeix
325	CrouzeixHilbert
325	DirectCrouzeix
325	HilbertCrouzeix
325	StructuralCrouzeix
326	Cotype
327	MarkovType
328	ReflexiveFixedPoints
329	MetricEntropyDuality
330	DiscreteLipschitzFree
330	RealL1Renorming
331	BoundedTreePotentials
331	DaugavetModuli
331	DiamondDistortion
331	ForestSpace
331	IndependentProducts
331	MidpointLenses
331	RecursivePotentials
333	SurfaceImmersion
334	IsometricImmersion
337	FillingCoefficient
337	SharpCAT0Filling
342	TamingCompatibility
343	BallPacking
343	BallPackingNecessity
347	ArnoldCounterexample
348	EinsteinFour
350	NodalLength
350	SmoothYau
350	YauCounterexample
353	AffineBernstein
354	CubicTorus
356	WeakHessian
358	ConjugatePoints
359	PinchedKahler
360	BiholderTransport
360	WeakMTWGlobalSupport
361	HarmonicGrowth
362	VlasovMaxwell
363	BoltzmannNonuniqueness
365	Conductivity
367	BernoulliNonflatInSeven
369	HotSpots
370	HenonEmden
371	DefocusingNLS
372	ElasticityUniqueness
373	CoulombCounterexample
374	Brenier
376	BalancedBoxRouting
376	BalancedThreeStack
376	ForcedNavierStokesComputation
376	NavierStokesAlternating
376	NavierStokesVelocity
376	SolenoidalSheetPrograms
