fam	topic	layers
001	algebraic-topology	A
001	representation-theory	A
001	abelian-varieties	A
002	algebraic-geometry	A
002	curves	A
002	arithmetic-geometry	A
002	elliptic-curves	TA
003	representation-theory	S
003	analytic-number-theory	TAS
004	algorithms	A
004	diophantine-equations	TA
004	hilbert-problems	TA
005	diophantine-equations	TAS
006	curves	A
006	analytic-number-theory	A
006	elliptic-curves	A
007	analytic-number-theory	TAS
008	graph-theory	S
008	dynamical-systems	S
008	lie-theory	AS
009	arithmetic-geometry	TAS
009	number-fields	AS
009	galois-theory	AS
010	primes	A
010	representation-theory	A
010	modularity	TA
011	primes	TA
011	diophantine-equations	A
011	analytic-number-theory	A
012	primes	TAS
013	primes	AS
013	additive-combinatorics	TAS
014	group-theory	A
014	curves	A
014	expanders-and-spectral-graphs	TA
014	number-fields	A
014	lie-theory	A
014	modularity	TA
015	number-fields	S
016	algebraic-geometry	TA
016	curves	A
016	abelian-varieties	T
017	diophantine-equations	TAS
018	convex-geometry	A
018	arithmetic-geometry	TA
018	number-fields	A
018	lie-theory	A
019	algebraic-topology	A
019	curves	A
019	diophantine-equations	A
019	arithmetic-geometry	TA
019	elliptic-curves	A
019	galois-theory	A
020	analytic-number-theory	TAS
021	primes	TASP
022	diophantine-equations	A
023	primes	AS
023	analytic-number-theory	TAS
024	diophantine-equations	TAS
025	diophantine-equations	AS
026	primes	TAS
027	algebraic-geometry	AS
027	curves	TAS
027	surfaces	S
027	arithmetic-geometry	TAS
027	number-fields	AS
028	graph-theory	AS
028	discrete-geometry	TASP
028	primes	AS
029	primes	TA
030	curves	A
030	modularity	TA
030	elliptic-curves	A
031	number-fields	A
031	galois-theory	TA
032	algebraic-geometry	TA
032	abelian-varieties	TA
033	algebraic-geometry	TAS
033	manifolds	A
033	operator-algebras	A
033	complex-geometry	S
034	algebraic-geometry	TA
034	complex-geometry	A
035	algebraic-geometry	TA
036	algebraic-topology	A
036	algebraic-geometry	TA
036	complex-geometry	A
037	algebraic-geometry	A
038	algebraic-geometry	TA
039	algebraic-geometry	TASP
039	curves	AS
039	partial-differential-equations	S
039	surfaces	S
039	abelian-varieties	AS
040	algebraic-geometry	TA
040	complex-geometry	TA
040	surfaces	TA
041	algebraic-geometry	A
041	manifolds	A
041	complex-geometry	TA
041	convex-geometry	A
041	symplectic-geometry	A
042	complex-geometry	TA
042	surfaces	TA
042	abelian-varieties	TA
043	algebraic-topology	A
043	algebraic-geometry	TA
043	curves	A
043	arithmetic-geometry	A
044	algebraic-topology	A
044	algebraic-geometry	TA
044	mathematical-physics	A
046	algebraic-topology	A
046	algebraic-geometry	TA
046	complex-geometry	A
046	surfaces	A
046	arithmetic-geometry	TA
047	algebraic-geometry	TAS
047	commutative-algebra	S
048	algebraic-geometry	TA
048	complex-geometry	A
048	surfaces	A
049	geometric-measure-theory	AS
050	algebraic-geometry	TAS
050	surfaces	AS
051	algebraic-geometry	TA
051	manifolds	A
051	complex-geometry	TA
051	curves	A
052	manifolds	AS
052	complex-geometry	ASP
053	algebraic-topology	A
053	algebraic-geometry	TA
053	curves	A
054	algebraic-geometry	TA
054	abelian-varieties	A
054	category-theory	A
055	algebraic-geometry	TA
056	algebraic-geometry	TA
056	complex-geometry	A
057	algebraic-topology	A
057	algebraic-geometry	TA
057	manifolds	A
057	complex-geometry	A
058	abelian-varieties	A
059	algebraic-geometry	TA
059	commutative-algebra	TA
060	algebraic-geometry	TA
060	complex-geometry	A
060	surfaces	A
062	algebraic-geometry	TA
062	manifolds	A
062	complex-geometry	A
062	symplectic-geometry	TA
063	algebraic-geometry	TA
063	manifolds	A
063	curves	A
063	abelian-varieties	A
064	surfaces	TA
065	algebraic-topology	A
065	algebraic-geometry	TA
065	mathematical-physics	T
065	curves	A
066	algebraic-geometry	TAS
066	disordered-systems	S
066	commutative-algebra	S
067	algebraic-geometry	TA
068	algebraic-geometry	TA
069	curves	A
069	quantum-theory	TA
069	lie-theory	A
069	modularity	TA
071	complex-analysis	TAS
072	complex-analysis	TAS
073	fractal-geometry	AS
074	harmonic-analysis	TA
074	fractal-geometry	A
075	harmonic-analysis	TS
075	measure-theory	S
076	algorithms	S
076	harmonic-analysis	TAS
077	harmonic-analysis	T
077	surfaces	TA
078	harmonic-analysis	TA
079	harmonic-analysis	TA
079	partial-differential-equations	A
080	harmonic-analysis	TA
081	harmonic-analysis	AS
081	measure-theory	A
081	geometric-measure-theory	A
082	harmonic-analysis	TAS
083	harmonic-analysis	TAS
084	operator-algebras	TAS
085	harmonic-analysis	TAS
085	analytic-number-theory	A
086	harmonic-analysis	TA
087	metric-geometry	AS
087	complex-geometry	TASP
087	convex-geometry	TASP
087	symplectic-geometry	TS
087	potential-theory	S
088	convex-geometry	TAS
089	graph-theory	TASP
089	metric-geometry	TASP
090	mathematical-physics	A
090	harmonic-analysis	S
090	discrete-geometry	S
090	potential-theory	AS
091	convex-geometry	TAS
091	measure-theory	A
092	convex-geometry	TAS
092	discrete-geometry	TAS
093	convex-geometry	TA
094	metric-geometry	AS
094	convex-geometry	TS
095	convex-optimization	TAS
096	complexity-theory	A
096	computability	A
096	convex-geometry	TSP
096	measure-theory	A
096	convex-optimization	A
097	algorithms	S
097	convex-geometry	TSP
098	metric-geometry	AS
098	convex-geometry	S
098	functional-analysis	A
098	banach-spaces	ASP
099	algebraic-topology	S
099	metric-geometry	TAS
099	banach-spaces	TAS
099	coding-theory	S
100	convex-geometry	TAS
100	discrete-geometry	TAS
101	convex-geometry	TA
102	graph-theory	AS
102	complexity-theory	TAS
102	algorithms	S
102	computability	AP
103	complexity-theory	TAS
103	computability	SP
104	complexity-theory	TAS
104	algorithms	S
104	computability	P
104	game-theory	TAS
105	complexity-theory	TAS
105	computability	AP
106	graph-theory	TAS
106	computability	A
106	graph-coloring	TAS
107	complexity-theory	TAS
108	complexity-theory	TAS
109	algorithms	T
109	computability	A
110	metric-geometry	AS
110	algorithms	S
110	combinatorial-optimization	TS
111	combinatorial-optimization	S
111	matroids	TAS
112	complexity-theory	TAS
112	algorithms	S
112	computability	P
113	graph-theory	AS
113	algorithms	S
113	computability	P
113	convex-geometry	S
113	dynamical-systems	TA
113	information-theory	TAS
113	sampling-and-counting	TAS
114	sampling-and-counting	TS
114	matroids	TASP
115	algorithms	S
115	sampling-and-counting	TAS
116	computability	P
117	computability	A
117	harmonic-analysis	TASP
117	calculus-of-variations	AS
117	convex-optimization	TAS
118	algorithms	S
118	computability	ASP
118	discrete-geometry	TAS
118	combinatorial-optimization	TAS
119	quantum-information	A
119	information-theory	TAS
120	graph-theory	TA
120	algorithms	TA
121	metric-geometry	TAS
122	complexity-theory	TA
122	coding-theory	TS
124	graph-theory	A
124	algorithms	AS
124	combinatorial-optimization	TAS
125	algorithms	S
125	combinatorial-optimization	S
126	complexity-theory	TS
126	convex-geometry	AS
126	convex-optimization	TAS
127	algebraic-geometry	TA
127	complexity-theory	AS
128	algorithms	AS
128	computability	P
128	combinatorial-optimization	TS
128	coding-theory	TASP
129	complexity-theory	TS
130	complexity-theory	SP
130	algorithms	A
130	computability	P
130	complex-geometry	S
130	harmonic-analysis	TAS
131	graph-theory	TAS
131	algorithms	AS
131	spectral-theory	S
131	expanders-and-spectral-graphs	TS
131	sampling-and-counting	S
132	complexity-theory	TASP
133	graph-theory	AS
133	complexity-theory	TA
133	metric-geometry	S
133	algorithms	S
133	computability	S
133	spectral-theory	S
134	complexity-theory	TS
134	formal-languages	TAS
135	complexity-theory	TAS
136	complexity-theory	TA
137	complexity-theory	S
137	computability	ASP
138	complexity-theory	TA
138	algorithms	A
139	convex-geometry	TS
139	measure-theory	S
139	sampling-and-counting	TAS
140	measure-theory	S
140	disordered-systems	SP
140	probability	TS
140	quantum-information	S
140	information-theory	S
140	modular-representation	S
141	complexity-theory	A
141	logic	TA
142	algorithms	A
143	dynamical-systems	TAS
143	hilbert-problems	TAS
144	riemannian-geometry	AS
144	banach-spaces	TAS
144	ergodic-theory	AS
145	measure-theory	AS
146	dynamical-systems	TS
146	ergodic-theory	S
146	information-theory	S
147	curves	A
147	dynamical-systems	TA
148	measure-theory	TS
148	dynamical-systems	S
148	fractal-geometry	TAS
149	dynamical-systems	TS
149	probabilistic-combinatorics	AS
150	dynamical-systems	TAS
150	diophantine-equations	AS
150	ergodic-theory	TAS
151	algebraic-topology	AS
151	manifolds	AS
151	spectral-theory	AS
151	dynamical-systems	TS
152	algebraic-topology	S
152	manifolds	AS
152	measure-theory	S
152	ergodic-theory	AS
153	dynamical-systems	TA
154	ergodic-theory	TA
155	discrete-geometry	TAS
156	discrete-geometry	TASP
157	graph-theory	AS
157	graph-coloring	AS
158	graph-coloring	TASP
159	complexity-theory	TS
159	additive-combinatorics	AS
160	logic	AS
160	graph-coloring	ASP
160	additive-combinatorics	TAS
161	graph-theory	AS
161	logic	TAS
161	random-graphs	A
161	extremal-combinatorics	TAS
162	hypergraphs	AS
164	complexity-theory	A
164	graph-coloring	A
164	additive-combinatorics	TA
165	graph-theory	TAS
165	discrete-geometry	TAS
166	discrete-geometry	A
167	discrete-geometry	TS
168	representation-theory	TA
168	enumerative-combinatorics	TA
169	graph-theory	AS
169	graph-coloring	S
169	enumerative-combinatorics	AS
170	graph-theory	A
170	logic	A
170	ramsey-theory	TS
171	graph-theory	A
171	graph-coloring	A
171	ramsey-theory	TA
172	algebraic-topology	S
172	graph-coloring	AS
172	ramsey-theory	TSP
173	graph-theory	AS
173	probabilistic-combinatorics	TAS
174	graph-theory	TAS
174	algorithms	S
174	expanders-and-spectral-graphs	TS
175	graph-theory	TAS
175	probabilistic-combinatorics	TAS
176	graph-theory	ASP
176	probabilistic-combinatorics	TAS
176	random-graphs	AS
177	graph-theory	AS
177	expanders-and-spectral-graphs	TAS
178	graph-theory	TA
178	algorithms	A
178	spectral-theory	A
178	expanders-and-spectral-graphs	TA
178	modularity	TA
179	enumerative-combinatorics	TASP
180	graph-theory	TAS
180	symplectic-geometry	TAS
181	graph-theory	AS
182	additive-combinatorics	TS
183	discrete-geometry	TS
184	graph-theory	TASP
184	graph-coloring	TAS
184	extremal-combinatorics	TS
185	logic	AS
185	arithmetic-geometry	S
185	game-theory	A
185	matroids	TASP
186	graph-theory	TAS
186	probabilistic-combinatorics	TAS
186	random-graphs	S
186	hypergraphs	TAS
187	combinatorial-games	TAS
188	graph-theory	AS
188	probabilistic-combinatorics	TS
188	random-graphs	TS
188	extremal-combinatorics	TS
189	graph-theory	TAS
189	logic	AS
189	graph-coloring	A
189	ramsey-theory	TS
190	metric-geometry	S
190	extremal-combinatorics	TASP
191	discrete-geometry	TAS
192	harmonic-analysis	AS
193	commutative-algebra	TA
194	algebraic-topology	S
194	commutative-algebra	TAS
195	surfaces	SP
195	commutative-algebra	TAS
195	noncommutative-algebra	TAS
196	algebraic-topology	AS
196	group-theory	AS
196	noncommutative-algebra	TAS
197	group-theory	TAS
197	operator-algebras	AS
197	noncommutative-algebra	TAS
198	algebraic-geometry	S
198	commutative-algebra	S
198	category-theory	S
199	number-fields	A
199	analytic-number-theory	A
199	commutative-algebra	TASP
199	galois-theory	S
200	commutative-algebra	TA
201	noncommutative-algebra	A
202	group-theory	A
202	modular-representation	TA
203	group-theory	A
203	number-fields	TA
203	modular-representation	TA
204	representation-theory	T
204	lie-theory	T
205	representation-theory	TASP
206	graph-theory	S
206	group-theory	A
206	algorithms	A
206	computability	TS
206	noncommutative-algebra	TAS
207	group-theory	AS
207	noncommutative-algebra	TAS
208	category-theory	A
208	modular-representation	TA
208	formal-languages	A
209	noncommutative-algebra	T
210	representation-theory	TASP
211	graph-theory	S
211	metric-geometry	S
211	statistical-mechanics	A
211	spectral-theory	A
211	surfaces	A
211	planar-maps-and-lattice-models	TAS
211	quantum-theory	A
211	probability	TAS
211	fractal-geometry	S
212	riemannian-geometry	TAS
212	planar-maps-and-lattice-models	TAS
212	probability	TAS
212	percolation	TA
213	graph-theory	TAS
213	planar-maps-and-lattice-models	A
213	percolation	TAS
214	graph-theory	AS
214	group-theory	AS
214	planar-maps-and-lattice-models	TA
214	percolation	AS
215	planar-maps-and-lattice-models	AS
215	conformal-universality	TAS
215	calculus-of-variations	S
216	mathematical-physics	A
216	statistical-mechanics	TA
216	planar-maps-and-lattice-models	TA
216	conformal-universality	T
216	dynamical-systems	A
216	probability	A
217	statistical-mechanics	TA
217	disordered-systems	TA
217	spin-glasses	TA
218	graph-theory	S
218	statistical-mechanics	TAS
218	disordered-systems	TA
218	planar-maps-and-lattice-models	A
218	conformal-universality	TAS
219	graph-theory	TA
219	disordered-systems	TA
219	spectral-theory	A
219	conformal-universality	T
219	random-graphs	T
219	random-matrices	T
220	probability	TASP
220	ergodic-theory	A
221	statistical-mechanics	AS
221	disordered-systems	TAS
221	probabilistic-combinatorics	AS
221	spin-glasses	TAS
222	statistical-mechanics	AS
222	measure-theory	AS
222	disordered-systems	TAS
222	condensed-matter	TAS
223	planar-maps-and-lattice-models	TA
223	conformal-universality	TA
224	discrete-geometry	TA
224	conformal-universality	TA
224	percolation	T
225	statistical-mechanics	TA
225	planar-maps-and-lattice-models	TA
225	conformal-universality	TA
226	statistical-mechanics	TA
226	curves	A
226	planar-maps-and-lattice-models	TA
226	conformal-universality	TA
227	algebraic-topology	S
227	statistical-mechanics	T
227	disordered-systems	TAS
227	spectral-theory	S
227	expanders-and-spectral-graphs	S
227	spin-glasses	T
228	statistical-mechanics	TAS
228	disordered-systems	TS
229	statistical-mechanics	A
229	condensed-matter	A
229	potential-theory	S
230	mathematical-physics	AS
230	conformal-universality	TAS
230	fractal-geometry	TAS
231	graph-theory	AS
231	measure-theory	S
231	probability	TAS
231	sampling-and-counting	S
232	conformal-universality	TA
232	probability	TA
233	statistical-mechanics	TA
233	planar-maps-and-lattice-models	TA
233	conformal-universality	TA
234	statistical-mechanics	TAS
234	disordered-systems	TAS
234	spectral-theory	AS
234	probability	A
234	spin-glasses	TAS
234	optimal-transport	S
235	computability	TAS
235	disordered-systems	S
236	statistical-mechanics	TASP
236	condensed-matter	A
236	probability	S
237	statistical-mechanics	S
237	planar-maps-and-lattice-models	TASP
237	enumerative-combinatorics	TS
238	complexity-theory	S
238	harmonic-analysis	S
238	symplectic-geometry	S
238	representation-theory	S
238	combinatorial-optimization	S
239	enumerative-combinatorics	TA
240	algebraic-topology	S
240	logic	TASP
241	computability	TASP
242	computability	AS
242	diophantine-equations	TAS
243	computability	S
243	logic	TASP
244	logic	TAS
245	logic	TAS
246	graph-theory	S
246	algebraic-topology	A
246	manifolds	A
246	riemannian-geometry	AS
246	group-theory	TAS
247	group-theory	TAS
248	group-theory	TAS
249	algebraic-topology	TAS
249	group-theory	TAS
250	algebraic-topology	AS
250	group-theory	TAS
250	computability	AS
251	group-theory	TAS
251	functional-analysis	AS
252	group-theory	TAS
253	group-theory	TASP
254	algebraic-topology	TS
254	group-theory	TAS
254	metric-geometry	S
254	arithmetic-geometry	A
255	group-theory	TAS
255	metric-geometry	TAS
255	lie-theory	AS
256	group-theory	TA
257	algebraic-topology	AS
257	riemannian-geometry	S
257	group-theory	TAS
257	metric-geometry	TAS
258	noncommutative-algebra	TA
259	group-theory	T
259	measure-theory	A
259	ergodic-theory	A
260	mathematical-physics	TAS
260	general-relativity	TAS
261	disordered-systems	TAS
261	condensed-matter	TAS
262	mathematical-physics	TA
262	spectral-theory	S
263	mathematical-physics	TASP
264	mathematical-physics	TA
264	extremal-combinatorics	A
264	general-relativity	TA
265	graph-theory	A
265	statistical-mechanics	TA
265	spectral-theory	A
265	planar-maps-and-lattice-models	A
265	symplectic-geometry	A
265	condensed-matter	TA
265	expanders-and-spectral-graphs	A
266	quantum-theory	TAS
266	enumerative-combinatorics	AS
267	mathematical-physics	TA
267	statistical-mechanics	TA
267	quantum-theory	TAS
267	condensed-matter	TAS
267	quantum-information	TS
268	mathematical-physics	TA
268	statistical-mechanics	TA
268	spectral-theory	A
268	condensed-matter	TA
268	expanders-and-spectral-graphs	A
269	mathematical-physics	TASP
269	statistical-mechanics	TASP
269	disordered-systems	TAS
269	spectral-theory	S
269	condensed-matter	TASP
269	expanders-and-spectral-graphs	S
270	mathematical-physics	TA
270	condensed-matter	TA
270	general-relativity	TA
271	mathematical-physics	TS
271	statistical-mechanics	TAS
271	convex-geometry	S
271	quantum-theory	AS
271	condensed-matter	TS
271	probability	A
272	quantum-theory	TAS
272	quantum-information	TAS
272	information-theory	TAS
273	operator-algebras	S
273	quantum-theory	AS
273	quantum-information	TAS
273	information-theory	TAS
273	potential-theory	S
274	algebraic-topology	A
274	complexity-theory	ASP
274	disordered-systems	S
274	quantum-theory	ASP
274	quantum-information	AS
274	quantum-computing	TAS
275	mathematical-physics	TAS
275	quantum-computing	TAS
276	quantum-theory	A
276	quantum-information	TAS
276	information-theory	TS
276	potential-theory	TAS
277	quantum-information	TS
277	game-theory	TS
278	mathematical-physics	TA
279	complexity-theory	AS
279	quantum-theory	TAS
279	quantum-information	AS
279	quantum-computing	TAS
280	operator-algebras	TAS
280	mathematical-physics	TAS
280	category-theory	A
280	general-relativity	S
281	graph-theory	A
281	complexity-theory	AS
281	disordered-systems	AS
281	condensed-matter	TAS
281	probability	S
281	quantum-computing	TAS
281	random-graphs	A
281	spin-glasses	TAS
282	mathematical-physics	TA
282	general-relativity	A
283	complexity-theory	A
283	quantum-theory	A
283	quantum-information	A
283	quantum-computing	TA
284	quantum-theory	TA
284	quantum-computing	T
285	group-theory	A
285	operator-algebras	TA
286	operator-algebras	T
286	statistical-mechanics	A
286	number-fields	A
286	additive-combinatorics	A
287	algebraic-topology	A
287	group-theory	TAS
287	operator-algebras	TAS
288	operator-algebras	TAS
288	functional-analysis	AS
289	operator-algebras	TAS
289	functional-analysis	AS
290	group-theory	A
290	operator-algebras	TAS
290	functional-analysis	S
291	group-theory	A
291	operator-algebras	TASP
292	algebraic-topology	S
292	operator-algebras	TAS
293	operator-algebras	S
293	functional-analysis	AS
294	operator-algebras	TAS
295	algebraic-topology	TAS
295	operator-algebras	TAS
296	operator-algebras	TAS
296	functional-analysis	S
297	operator-algebras	TAS
297	functional-analysis	S
297	logic	TAS
297	representation-theory	AS
298	operator-algebras	TAS
298	quantum-information	TS
299	operator-algebras	TAS
300	operator-algebras	TA
301	operator-algebras	TAS
301	functional-analysis	AS
302	operator-algebras	TA
303	operator-algebras	TAS
304	manifolds	A
304	fractal-geometry	A
304	geometric-topology	TA
304	lie-theory	A
305	algebraic-topology	TA
305	manifolds	TA
305	riemannian-geometry	A
305	group-theory	A
305	geometric-topology	T
306	manifolds	A
306	geometric-topology	TA
306	knot-theory	TA
307	graph-theory	AS
307	algebraic-topology	S
307	metric-geometry	TAS
307	geometric-topology	TAS
308	algebraic-topology	TA
308	primes	T
308	stable-homotopy	TA
309	stable-homotopy	TA
310	algebraic-topology	TA
310	group-theory	A
310	stable-homotopy	TA
311	geometric-topology	TA
312	algebraic-topology	TAS
312	stable-homotopy	TAS
312	category-theory	TASP
313	algebraic-topology	A
314	algebraic-topology	T
314	stable-homotopy	T
315	manifolds	A
315	riemannian-geometry	A
315	geometric-topology	TA
316	stable-homotopy	TA
317	algebraic-topology	TAS
317	stable-homotopy	TAS
317	category-theory	TAS
318	primes	A
318	stable-homotopy	TA
318	category-theory	A
319	disordered-systems	A
320	algebraic-topology	A
320	manifolds	A
320	riemannian-geometry	A
320	measure-theory	TA
320	geometric-topology	T
321	algebraic-topology	TA
322	functional-analysis	TS
322	banach-spaces	AS
323	measure-theory	A
323	banach-spaces	TAS
323	logic	A
324	algebraic-topology	S
324	metric-geometry	AS
324	functional-analysis	TA
324	banach-spaces	AS
325	functional-analysis	TASP
326	functional-analysis	TAS
326	banach-spaces	TASP
327	metric-geometry	TAS
327	banach-spaces	TAS
328	algebraic-topology	A
328	metric-geometry	TASP
328	functional-analysis	TS
328	banach-spaces	TAS
329	convex-geometry	AS
329	banach-spaces	TA
329	information-theory	TS
330	metric-geometry	AS
330	functional-analysis	AS
330	banach-spaces	TAS
331	graph-theory	S
331	algebraic-topology	S
331	metric-geometry	ASP
331	banach-spaces	TAS
332	functional-analysis	A
332	banach-spaces	TA
333	riemannian-geometry	AS
333	surfaces	TAS
333	differential-geometry	TAS
334	algebraic-topology	S
334	surfaces	TAS
334	differential-geometry	TAS
335	manifolds	A
335	riemannian-geometry	A
335	metric-geometry	TA
336	manifolds	A
336	riemannian-geometry	TA
336	metric-geometry	A
336	spectral-theory	TA
337	manifolds	A
337	riemannian-geometry	TAS
337	metric-geometry	S
337	differential-geometry	TA
337	enumerative-combinatorics	TAS
337	geometric-measure-theory	A
338	manifolds	A
338	riemannian-geometry	A
338	complex-geometry	TA
339	manifolds	A
339	riemannian-geometry	A
339	differential-geometry	TA
340	graph-theory	A
340	symplectic-geometry	TA
341	algebraic-topology	A
341	manifolds	A
341	riemannian-geometry	A
341	complex-geometry	A
341	symplectic-geometry	TA
342	algebraic-topology	AS
342	manifolds	AS
342	riemannian-geometry	AS
342	symplectic-geometry	AS
343	symplectic-geometry	TAS
343	potential-theory	AS
344	manifolds	A
344	riemannian-geometry	TA
344	metric-geometry	A
345	manifolds	TA
345	riemannian-geometry	TA
346	partial-differential-equations	T
346	fractal-geometry	A
346	geometric-measure-theory	TA
346	minimal-surfaces	TA
347	graph-theory	AS
347	manifolds	AS
347	complex-geometry	A
347	symplectic-geometry	TASP
348	manifolds	TAS
348	riemannian-geometry	TAS
349	riemannian-geometry	A
349	minimal-surfaces	TA
350	riemannian-geometry	S
350	curves	TASP
350	spectral-theory	S
350	surfaces	TAS
350	fractal-geometry	S
351	manifolds	A
351	riemannian-geometry	TA
351	ricci-flow	A
352	complex-geometry	A
352	symplectic-geometry	TA
353	graph-theory	AS
353	riemannian-geometry	TAS
354	riemannian-geometry	TAS
354	geometric-measure-theory	TAS
355	surfaces	TA
355	minimal-surfaces	TA
356	riemannian-geometry	AS
356	differential-geometry	TAS
357	metric-geometry	TA
358	manifolds	TASP
358	riemannian-geometry	TAS
358	metric-geometry	S
358	differential-geometry	TAS
359	riemannian-geometry	AS
359	complex-geometry	TASP
359	complex-analysis	TAS
360	manifolds	AS
360	riemannian-geometry	AS
360	measure-theory	A
360	optimal-transport	TAS
361	manifolds	A
361	riemannian-geometry	AS
362	partial-differential-equations	TAS
362	kinetic-theory	TASP
363	mathematical-physics	TAS
363	partial-differential-equations	TAS
363	kinetic-theory	TAS
364	mathematical-physics	TA
364	partial-differential-equations	TA
364	kinetic-theory	TA
365	manifolds	A
365	mathematical-physics	A
365	partial-differential-equations	S
365	measure-theory	AS
365	differential-geometry	A
366	partial-differential-equations	TA
366	calculus-of-variations	TA
367	partial-differential-equations	TAS
367	geometric-measure-theory	S
367	calculus-of-variations	TAS
368	partial-differential-equations	TA
369	partial-differential-equations	TAS
369	spectral-theory	TAS
370	partial-differential-equations	TA
371	partial-differential-equations	TAS
371	quantum-theory	S
371	fractal-geometry	S
372	algorithms	S
372	convex-geometry	TS
372	partial-differential-equations	TS
373	measure-theory	S
373	ergodic-theory	S
373	optimal-transport	TAS
374	convex-geometry	AS
374	optimal-transport	TAS
375	partial-differential-equations	TA
376	riemannian-geometry	S
376	computability	AS
376	partial-differential-equations	T
376	logic	AS
376	kinetic-theory	TS
376	fluid-dynamics	TS
377	partial-differential-equations	TA
377	potential-theory	TA
