fam	config	declaration	file
003	DirichletSevenEighths	OAI.DirichletCharacter.LFunction_ne_zero_of_seven_eighths_lt_re	OAI/NumberTheory/DirichletL/Nonvanishing.lean
003	HeckeSevenEighths	OAI.SevenEighths.HeckeFamily.LFunction_ne_zero_of_seven_eighths_lt_re	OAI/NumberTheory/DirichletL/Hecke/Nonvanishing.lean
003	QuasiRiemannHypothesis	OAI.riemannZeta_ne_zero_of_seven_eighths_lt_re	OAI/NumberTheory/DirichletL/Nonvanishing.lean
003	SiegelZeros	OAI.SiegelZeros.WeightedTorusJets.exists_absolute_real_zero_gap	OAI/NumberTheory/SiegelZeros/Conclusions/Theorem.lean
008	DeligneDrinfeld	OAI.DeligneDrinfeld.main	OAI/Algebra/Drinfeld/Completion.lean
020	PowerFreeValues	OAI.QuarticPowerFree.allDegrees	OAI/NumberTheory/PowerFree/Main.lean
021	Jacobsthal	OAI.Erdos970.Erdos970Final.erdos_970_quadratic	OAI/NumberTheory/Jacobsthal/Conclusions/QuadraticBound.lean
025	EgyptianFractions	OAI.Problem337.counting_double_log_order	OAI/NumberTheory/EgyptianFractions/Main.lean
025	EgyptianFractions	OAI.Problem337.main_double_log_order	OAI/NumberTheory/EgyptianFractions/Main.lean
025	EgyptianFractions	OAI.Problem337.prescribed_denominator_corollary	OAI/NumberTheory/EgyptianFractions/Main.lean
027	CharacterVarietiesAllSeamsSupport	OAI.IntegralCharacterVarieties.SurfacePresentation.Diagram.producedMarkedValues_allSeams	OAI/AlgebraicGeometry/CharacterVarieties/Seams/ProducedSolution.lean
028	GaussianMoat	OAI.GaussianMoat.fullMain	OAI/NumberTheory/GaussianMoat/Main.lean
039	MaximalSeshadriConstants	OAI.MaximalSeshadri.Geometry.maximalSeshadriConstants	OAI/AlgebraicGeometry/Seshadri/Main.lean
039	Nagata	OAI.Nagata.nagata_conjecture	OAI/AlgebraicGeometry/PlaneCurves/Nagata.lean
047	ComplexCancellation	OAI.ComplexCancellation.main	OAI/Algebra/AffineCancellation/Main.lean
049	AbhyankarSathaye	OAI.AbhyankarSathaye.exists_noncoordinate_polynomial	OAI/AlgebraicGeometry/AbhyankarSathaye/Counterexample.lean
049	CommutingDerivations	OAI.AbhyankarSathaye.CommutingDerivations.commuting_derivations_with_ordinary_extras	OAI/AlgebraicGeometry/CommutingDerivations/OrdinaryExtraMain.lean
049	StableCoordinateFour	OAI.StableCoordinate.principal_package	OAI/AlgebraicGeometry/StableCoordinate/Principal.lean
050	QuadricBundles	OAI.QuadricCounterexample.main_theorem	OAI/Geometry/QuadricBundles/Main.lean
052	KahlerSplitting	OAI.UniversalCoverSplitting.main	OAI/Geometry/KahlerSplitting/Main.lean
058	SymmetricDomains	OAI.Release061.main	OAI/Analysis/SymmetricDomains/Main.lean
066	CartierChartCompactnessSupport	OAI.CartierSections.isCompact_closedChartFieldRetraction_cone	OAI/AlgebraicGeometry/CartierSections/ChartCompactness.lean
072	Brennan	OAI.Brennan.main_theorem	OAI/Analysis/IntegralMeans/Main.lean
072	BrennanSharp	OAI.Brennan.Sharp.sharp_endpoints	OAI/Analysis/IntegralMeans/SharpEndpoints.lean
072	StrictMeans	OAI.StrictInverseFirstPower.main	OAI/Analysis/StrictMeans/Main.lean
073	PlanarFalconer	OAI.PlanarFalconer.mainTarget_proved	OAI/MeasureTheory/Falconer/Main.lean
075	FourierLLogL	OAI.FourierLLogL.paperMain	OAI/Analysis/FourierLLogL/PaperMain.lean
076	AsymptoticallyMinimalLittlewood	OAI.AsymptoticallyMinimalLittlewood.main	OAI/Analysis/Littlewood/Main.lean
081	RieszQuantitative	OAI.RieszRectifiability.quantitative_higher_codimension_riesz_rectifiability	OAI/Analysis/RieszRectifiability/Uniformity/Rectifiability.lean
082	TriangularHilbert	OAI.TriangularHilbert.main_estimate	OAI/Analysis/TriangularHilbert/Main.lean
085	SignedFiniteBand	OAI.SignedDisk.CenteredDiskEndpoint.main_signed_finite_band	OAI/Analysis/SignedDisk/Main.lean
087	MahlerConjecture	OAI.SymmetricMahler.symmetric_mahler	OAI/Analysis/Mahler/MainTheorem.lean
087	SymmetricMahlerEquality	OAI.SymmetricMahler.symmetric_mahler_equality	OAI/Analysis/Mahler/Classification.lean
087	SymmetricPolar	OAI.SymmetricPolar.symmetric_polar_main	OAI/Geometry/PolarProducts/Main.lean
088	PettyProjectionVolume	OAI.PettyProjection.petty_projection_volume	OAI/Geometry/ProjectionBodies/Main.lean
088	ProjectionCounterexample	OAI.ProjectionCounterexample.universal_simplex_upper_bound_false	OAI/Geometry/ProjectionBody/Counterexample.lean
088	ProjectionVolume	OAI.Paper092.product_counterexample	OAI/Geometry/ProjectionVolume/ProductCounterexample.lean
089	BoundedTreewidthL1	OAI.BoundedTreewidthL1.main_theorem	OAI/Combinatorics/TreewidthL1/Main.lean
089	PlanarL1	OAI.PlanarL1.planar_graph_metrics_embed_L1	OAI/Combinatorics/PlanarL1/Embedding.lean
091	LogBrunnMinkowski	OAI.LogBrunnMinkowski.main	OAI/Geometry/LogVolume/BrunnMinkowski.lean
092	SingleLatticeCovering	OAI.SingleLatticeCovering.single_lattice_covering	OAI/Geometry/LatticeCovering/Main.lean
094	SubpolynomialLp	OAI.SubpolynomialLp.source_main	OAI/Analysis/LpDimension/Main.lean
095	HyperbolicCones	OAI.Paper256.main_result	OAI/Analysis/HyperbolicCones/Main.lean
096	GaussianPropeller	OAI.GaussianPropeller.all_partitions	OAI/Probability/GaussianPropeller/Main.lean
097	SteinitzBergstrom	OAI.EuclideanSteinitzBergstrom.main	OAI/Analysis/Steinitz/Main.lean
098	CompactBanach	OAI.CompactBanach.main	OAI/Geometry/DoublingHilbert/CompactBanach.lean
098	DoublingHilbert	OAI.DoublingHilbert.main	OAI/Geometry/DoublingHilbert/Main.lean
102	OptimalMaxCut	OAI.OptimalMaxCut.main	OAI/Computability/MaxCut/Main.lean
102	UniqueGamesTheorem	OAI.UniqueGamesTheorem.theorem11	OAI/Computability/UniqueGames/Theorem.lean
102	VertexCover	OAI.VertexCover.every_fixed_factor_below_two	OAI/Computability/VertexCover/Main.lean
103	LogspaceEquality	OAI.ExactDerandomization.exact_logarithmic_space_derandomization	OAI/Computability/Logspace/Equality.lean
104	RandomizedMeanPayoff	OAI.randomized_quasipolynomial_mean_payoff	OAI/Computability/RandomMean/Main.lean
105	PerfectCompleteness	OAI.PerfectCompleteness.Theorem11.exists_reduction	OAI/Computability/PerfectCompleteness/Theorem11.lean
106	IndependentSets	OAI.LargeIndependentSets.mainTheoremReal	OAI/Combinatorics/IndependentSets/Main.lean
107	MatrixFields	OAI.MatrixAllFields.MatrixMultiplication.AllFieldMain.omega_lt_source_constant	OAI/LinearAlgebra/MatrixFields/Conclusions/AllFieldsBound.lean
107	MatrixMultiplication	OAI.MatrixMultiplication.complex_alpha_gt_93_div_200	OAI/LinearAlgebra/MatrixMultiplication/Main.lean
107	MatrixMultiplication	OAI.MatrixMultiplication.complex_omega_le_nine_quarters	OAI/LinearAlgebra/MatrixMultiplication/Main.lean
107	MatrixMultiplication	OAI.MatrixMultiplication.complex_rectangular_omega_lt_523_div_250	OAI/LinearAlgebra/MatrixMultiplication/Main.lean
112	DepthThree	OAI.DepthThreeLowerBound.exists_polynomial_time_language_depth_three_lower_bound	OAI/Computability/DepthThree/Main.lean
113	BinaryMatching	OAI.BinaryMatching.deterministic_approximate_counting	OAI/Computability/MatchingCount/BinarySolve.lean
113	MatchingEntropy	OAI.MatchingEntropy.entropy_main	OAI/Combinatorics/PerfectMatching/Main.lean
113	SingletonLoopMatching	OAI.LoopMatching.fullEndpoint	OAI/Computability/LoopMatching/Main.lean
114	CommonBasesFPRAS	OAI.common_bases_fpras	OAI/Combinatorics/MatroidCounting/CommonBases.lean
116	RationalHitting	OAI.RationalHitting.main	OAI/Computability/RationalHitting/Main.lean
117	UniformSparsestCut	OAI.UniformSparsestCut.mainGap	OAI/Combinatorics/SparsestCut/Main.lean
118	BinPackingGap	OAI.BinPackingGap.main_results	OAI/Computability/BinPacking/Main.lean
119	CourtadeKumar	OAI.LeanBlast.CourtadeKumar.courtadeKumarAndAttainment	OAI/InformationTheory/BooleanNoise/Main.lean
125	KMedianRecovery	OAI.MetricKMedianRecovery.global_application	OAI/Combinatorics/KMedianRecovery/Main.lean
127	GotsmanLinial	OAI.LeanBlast.GotsmanLinial.gotsmanLinialStatement	OAI/Combinatorics/GotsmanLinial/Main.lean
128	Superstring	OAI.Superstring.main	OAI/Computability/Superstring/Main.lean
129	OneWayLiveness	OAI.OneWayLiveness.main_theorem	OAI/Combinatorics/Automata/Main.lean
129	TwoWayComplementation	OAI.TwoWayComplementation.complementation_lower_bound_finite	OAI/Combinatorics/TwoWayAutomata/Main.lean
129	TwoWayDeterminization	OAI.TwoWayComplementation.explicit_family_main	OAI/Combinatorics/TwoWayAutomata/ExplicitFamily.lean
130	ExactFourier	OAI.ExactFourier.main_theorem	OAI/Computability/FourierCircuit/Main.lean
130	UniformFourier	OAI.PowerSaving.convolution_main	OAI/Computability/FourierTransform/Main.lean
130	UniformFourier	OAI.PowerSaving.transform_main	OAI/Computability/FourierTransform/Main.lean
132	SensitivitySeparation	OAI.Paper320.quantitative_separation	OAI/Combinatorics/Sensitivity/Separation.lean
137	OneTapeSpace	OAI.Fifths.Single.capped	OAI/Computability/SpaceSimulation/Main.lean
137	OneTapeSpace	OAI.Fifths.Single.unknown	OAI/Computability/SpaceSimulation/Main.lean
139	LogConcaveQuery	OAI.LogConcaveSampling.exact_source_main	OAI/Probability/LogConcave/Main.lean
140	GaussianReplacement	OAI.CurrentProjection.fiberBlockMain	OAI/Probability/GaussianReplacement/FiberBlock.lean
140	GaussianReplacement	OAI.CurrentProjection.hybridBlockMain	OAI/Probability/GaussianReplacement/Hybrid.lean
140	MemoryPrecision	OAI.MemoryPrecision.main	OAI/Probability/MemoryPrecision/Main.lean
140	PosteriorReplicas	OAI.PosteriorReplicas.source_main	OAI/Probability/PosteriorReplicas/Main.lean
140	ProjectionMoments	OAI.ProjectionMoments.main	OAI/Probability/ProjectionMoments/Main.lean
140	SubsphereCurrent	OAI.SubsphereCurrent.full_current_main_scope	OAI/Probability/Subsphere/Main.lean
143	QuinticLienard	OAI.QuinticLienard.main	OAI/Analysis/LienardCycles/Main.lean
148	SelfSimilar	OAI.EntropyRateDimension.entropy_rate_dimension	OAI/MeasureTheory/SelfSimilar/Main.lean
155	PeriodicTilingThree	OAI.PeriodicTilingThree.periodic_tiling_counterexample_and_minimality	OAI/Geometry/PeriodicTiling/Counterexample.lean
156	BorsukNine	OAI.BorsukNine.main_theorem	OAI/Geometry/Borsuk/Counterexample.lean
157	HadwigerCounterexample	OAI.HadwigerCounterexample.not_hadwiger_conjecture	OAI/Combinatorics/HadwigerCounterexample/Main.lean
158	EuclideanFiveColor	OAI.EuclideanFiveColor.no_proper_five_coloring	OAI/Geometry/PlaneColoring/Five.lean
158	PlaneColoring	OAI.Problem160.properColoring_seven	OAI/Geometry/PlaneColoring/Seven.lean
160	QuantitativeVanDerWaerden	OAI.QuantitativeVanDerWaerden.uniform_lower_bound	OAI/Combinatorics/ProgressionColoring/Main.lean
162	RyserCovering	OAI.RyserCoveringCounterexample.exists_prime_eventually_counterexampleRank	OAI/Combinatorics/Ryser/Construction/Main.lean
162	RyserOddExtensions	OAI.RyserOdd.eventualOddFailures_and_infinite	OAI/Combinatorics/Ryser/OddExtensions.lean
165	BipartiteCrossing	OAI.Zarankiewicz.mainTarget_proof	OAI/Combinatorics/Crossing/Main.lean
165	CompleteCrossing	OAI.Paper170.complete_graph_crossing_number	OAI/Combinatorics/CompleteCrossing/Main.lean
167	PinnedDistances	OAI.WeakPinned.main	OAI/Geometry/PinnedDistances/Main.lean
172	EuclideanRamsey	OAI.EuclideanRamsey.classification	OAI/Combinatorics/EuclideanRamsey/Main.lean
172	GrahamSpherical	OAI.GrahamSpherical.full_main	OAI/Combinatorics/SphericalRamsey/Main.lean
173	SeymourSecondNeighborhood	OAI.SeymourSecondNeighborhood.exists_goodVertex	OAI/Combinatorics/SecondNeighborhood/Main.lean
174	StrongThinTree	OAI.StrongThinTree.strongThinTree	OAI/Combinatorics/ThinTrees/Main.lean
175	TalagrandDiscreteConvexity	OAI.TalagrandDiscreteConvexity.talagrand_discrete_convexity	OAI/Combinatorics/DiscreteConvexity/Main.lean
175	TalagrandExpectationThreshold	OAI.TalagrandThreshold.talagrand_expectation_threshold_equivalence	OAI/Combinatorics/ExpectationThreshold/Main.lean
176	SecondKahnKalai	OAI.LeanBlast.SecondKahnKalai.secondKahnKalaiBounds	OAI/Combinatorics/GraphThreshold/Main.lean
179	CirculantHadamard	OAI.CirculantHadamard.exists_iff_order_one_or_four	OAI/LinearAlgebra/CirculantHadamard/Main.lean
181	CycleDecomposition	OAI.ErdosGallai.erdos_gallai	OAI/Combinatorics/CycleDecomposition/Main.lean
184	CliqueFreeLog	OAI.CliqueFreeLog.logarithmic_independence_bound	OAI/Combinatorics/CliqueFree/Main.lean
185	InfiniteMatroid	OAI.InfiniteMatroidCounterexample.main	OAI/Combinatorics/InfiniteMatroid/Main.lean
190	MatrixRemoval	OAI.Problem348.no_polynomial_removal_bound	OAI/Combinatorics/MatrixRemoval/Main.lean
195	SurfaceConeCandidateSupport	OAI.SmallCM.candidate_ring_properties	OAI/AlgebraicGeometry/SurfaceCones/CandidateRing.lean
196	TorsionFreeZeroDivisors	OAI.TorsionFreeZeroDivisors.main	OAI/Algebra/GroupRing/Main.lean
197	GroupRingDeterminant	OAI.GroupRingDeterminant.main	OAI/Analysis/GroupDeterminants/Main.lean
197	KaplanskyFinitelyPresented	OAI.KaplanskyCounterexample.finitelyPresented_counterexample	OAI/RingTheory/DirectFiniteness/FinitelyPresented.lean
197	OddKaplansky	OAI.OddKaplansky.main_theorem	OAI/Algebra/OddKaplansky/Main.lean
198	FinitisticAsymmetry	OAI.LittleFinitistic.extreme_left_right_asymmetry	OAI/Algebra/FinitisticAsymmetry/Main.lean
198	LittleFinitistic	OAI.LittleFinitistic.Main.exists_counterexample	OAI/Algebra/Finitistic/Main.lean
199	AuslanderReiten	OAI.ArExplicit.Statement.main	OAI/Algebra/AuslanderReiten/All.lean
199	Tachikawa	OAI.Tachikawa.main_theorem	OAI/RingTheory/Tachikawa/Counterexample.lean
205	Saxl	OAI.Saxl.saxl_conjecture	OAI/RepresentationTheory/Saxl/Main.lean
207	BassTrace	OAI.BassTrace.RightProjective.bassTraceModules_vanishing_and_support	OAI/RingTheory/BassTrace/Main.lean
210	FoulkesHowe	OAI.Problem346.canonical_foulkes_howe_surjective	OAI/RepresentationTheory/FoulkesHowe/Stabilization.lean
212	PlanarFirstPassage	OAI.PlanarFPP.manuscriptMain	OAI/Probability/FirstPassage/BoundaryCurve.lean
213	CriticalZ3	OAI.CriticalZ3.critical_no_infinite	OAI/Probability/CriticalZ3/Main.lean
215	ClassicalON	OAI.ClassicalON.main	OAI/Probability/ClassicalON/Main.lean
220	DirectionalBallisticity	OAI.DirectionalTransience.directional_transience_implies_ballisticity	OAI/Probability/Ballisticity/Main.lean
227	CriticalSK	OAI.CriticalSK.covariance_and_linear_tests	OAI/MathematicalPhysics/CriticalSK/Rayleigh.lean
227	CriticalSKMixing	OAI.CriticalSK.critical_mixing_bounds	OAI/MathematicalPhysics/CriticalMixing/Main.lean
228	ContinuumTransition	OAI.ContinuumTemperature.main_theorem	OAI/Probability/ContinuumTransition/Main.lean
228	RadialTransition	OAI.RadialTransition.main	OAI/Probability/RadialTransition/Main.lean
236	FreeIsing	OAI.Problem367.free_ising_factor_iff_threshold	OAI/Probability/FreeIsing/Main.lean
237	HoneycombBridgeMassSupport	OAI.CriticalHoneycomb.finiteBridgeMassEstimate	OAI/Combinatorics/HoneycombChords/BridgeMass.lean
238	BinarySweep	OAI.binary_sweep_contraction_and_mixing	OAI/Probability/BinarySweep/Main.lean
238	CoordinateSweeps	OAI.CoordinateSweeps.conditional_main	OAI/Probability/CoordinateSweeps/Main.lean
238	ThorpRouting	OAI.ThorpNine.main	OAI/Probability/ThorpRouting/Main.lean
238	ThorpWeightedCompatibility	OAI.ThorpCompatibility.weightedCompatibility_main	OAI/Probability/ThorpCompatibility/Main.lean
240	CHObstruction	OAI.CHObstruction.main	OAI/ModelTheory/Categoricity/Main.lean
241	DegreeRigidity	OAI.TuringRigidity.ManuscriptMain.rigidity	OAI/Computability/DegreeRigidity/Main.lean
242	SingleFold	OAI.SingleFold.main	OAI/NumberTheory/SingleFold/Main.lean
243	ChoicelessPolynomialTime	OAI.CPTSeparation.main	OAI/ModelTheory/Choiceless/Separation.lean
244	PartitionPrinciple	OAI.PartitionPilot.Forcing.TransitiveGround.exists_model_partitionPrinciple_without_choice	OAI/SetTheory/PartitionPrinciple/Models/Separation.lean
248	ThompsonNonamenability	OAI.ThompsonNonamenability.thompson_F_nonamenable_composition	OAI/GroupTheory/Thompson/Main.lean
250	UniversalFInfinity	OAI.UniversalFInfinity.universal_group_of_type_FInfinity	OAI/GroupTheory/UniversalGroup/Main.lean
251	DixmierAllDiscrete	OAI.Dixmier.current_main_theorem	OAI/Analysis/Unitarizability/AllDiscrete.lean
252	TorsionFreeHyperbolic	OAI.Release075.main	OAI/GroupTheory/Hyperbolic/Main.lean
253	SimpleAmenable	OAI.SimpleAmenable.main	OAI/GroupTheory/SimpleAmenable/Main.lean
254	ArtinCAT0	OAI.ArtinCAT0.main	OAI/GroupTheory/ArtinCAT0/Main.lean
254	HarmonicArtin	OAI.HarmonicArtin.salvetti_cover_contractible	OAI/Topology/ArtinGroups/Realizations/SalvettiCoverContractible.lean
257	HyperbolicObstruction	OAI.HyperbolicObstruction.main	OAI/Geometry/HyperbolicGroups/Main.lean
262	LiebThirring	OAI.SharpLiebThirring.sharp_lieb_thirring	OAI/Analysis/LiebThirring/Main.lean
263	CoulombIonization	OAI.CoulombAtom.generalized_ionization	OAI/Analysis/CoulombIonization/Main.lean
269	Laughlin	OAI.Laughlin.mainTarget_proved	OAI/Analysis/Laughlin/Main.lean
274	QACParity	OAI.QAC.parity_lower_bound	OAI/InformationTheory/QuantumCircuit/Parity.lean
274	RegularParity	OAI.QAC.parity_lower_bound_polynomial_size	OAI/InformationTheory/QuantumCircuit/Main.lean
276	AmplitudeDamping	OAI.GAD.main	OAI/InformationTheory/AmplitudeDamping/Main.lean
277	EntangledGames	OAI.ThresholdParallelRepetition.threshold_parallel_repetition	OAI/Probability/EntangledGames/Main.lean
290	BoundedRecovery	OAI.BoundedRecovery.bounded_recovery	OAI/Analysis/ModularRecovery/Recovery.lean
291	UniformGamma	OAI.ComparatorModel.CurrentMain.main	OAI/Analysis/TracialSplitting/Challenge.lean
293	BackwardIntertwiners	OAI.BackwardIntertwiners.direct_algebra_corollary	OAI/Analysis/BackwardIntertwiners/AlgebraCorollary.lean
294	KaplanskyQuasitrace	OAI.Kaplansky.kaplansky_quasitrace_counterexample	OAI/Analysis/Kaplansky/Main.lean
296	FactorGeneration	OAI.Generator.single_generation_of_II1_separable_predual	OAI/Analysis/FactorGeneration/Main.lean
299	CharacterCriterion	OAI.KirchbergRordam.character_criterion	OAI/Analysis/CharacterCriterion/Main.lean
301	TraceIdealTransportSupport	OAI.TraceConeClassification.TraceConeEquiv.idealOrderIso_finIdeal	OAI/Analysis/TraceCone/IdealTransport.lean
301	TraceIdealTransportSupport	OAI.TraceConeClassification.TraceConeEquiv.idealOrderIso_zeroIdeal	OAI/Analysis/TraceCone/IdealTransport.lean
301	TraceIdealTransportSupport	OAI.TraceConeClassification.closed_ideal_weight_exists	OAI/Analysis/TraceCone/FiniteIdeal.lean
312	GrothendieckElementaryExpansion	OAI.Grothendieck.elementary_expansion	OAI/CategoryTheory/Globular/ElementaryExpansion.lean
322	TingleySphereIsometry	OAI.Tingley.tingley_sphere_isometry_full	OAI/Analysis/SphereIsometry/Extension.lean
324	C0Absorption	OAI.C0Absorption.main_result	OAI/Analysis/C0Absorption/Main.lean
324	LipschitzEquivalence	OAI.LipschitzCounterexample.main	OAI/Analysis/LipschitzEquivalence/Main.lean
325	CompleteCrouzeix	OAI.CompleteCrouzeix.main	OAI/Analysis/NumericalRange/Main.lean
325	DirectCrouzeix	OAI.DirectCrouzeix.complete_crouzeix	OAI/Analysis/DirectCrouzeix/CompleteBound.lean
325	StructuralCrouzeix	OAI.StructuralCrouzeixReference.challenge	OAI/Analysis/StructuralCrouzeix/Endpoint.lean
326	Cotype	OAI.Cotype.mainTarget_proved	OAI/Analysis/Cotype/Main.lean
327	MarkovType	OAI.MarkovSuperreflexivity.hasNontrivialMarkovType_iff_hasEquivalentUCNorm	OAI/Analysis/MarkovType/Main.lean
328	ReflexiveFixedPoints	OAI.ReflexiveFixedPoints.exists_fixedPoint_of_canonicallyReflexive	OAI/Analysis/Nonexpansive/Main.lean
329	MetricEntropyDuality	OAI.MetricEntropyDuality.exists_entropy_duality_counterexample_with_covers	OAI/Analysis/MetricEntropy/Main.lean
331	BoundedTreePotentials	OAI.BoundedTreePotentials.TreeCalculus.main_counterexample	OAI/Analysis/TreePotential/Main.lean
331	DaugavetModuli	OAI.ExactModuli.exact_example	OAI/Analysis/Daugavet/Main.lean
331	DiamondDistortion	OAI.DiamondDistortion.headline_all_pairs	OAI/Analysis/DiamondDistortion/Descent.lean
331	ForestSpace	OAI.ForestSpace.main_theorem	OAI/Analysis/ForestSpace/Main.lean
331	IndependentProducts	OAI.IndependentProducts.main_exponential	OAI/Analysis/ProductSpaces/Main.lean
331	IndependentProducts	OAI.IndependentProducts.main_general	OAI/Analysis/ProductSpaces/WeakNullity.lean
331	MidpointLenses	OAI.SegmentLenses.midpoint_lens_main	OAI/Analysis/SegmentLenses/Main.lean
331	RecursivePotentials	OAI.ComparatorModel.RecursivePotentials.main	OAI/Analysis/RecursivePotentials/Challenge.lean
334	IsometricImmersion	OAI.SmoothLocal.Geometry.exists_local_metric_without_local_immersion	OAI/Geometry/IsometricImmersion/Main.lean
342	TamingCompatibility	OAI.TamingCompatibility.taming_implies_compatibility	OAI/Geometry/TamingCompatibility/Main.lean
347	ArnoldCounterexample	OAI.ArnoldCounterexample.main	OAI/Geometry/Arnold/Main.lean
350	SmoothYau	OAI.YauCounterexamples.sphere_three	OAI/Geometry/SmoothYau/SphereMetric/ThreeSphere.lean
350	SmoothYau	OAI.YauCounterexamples.sphere_two_torus_two	OAI/Geometry/SmoothYau/ProductMetric/SphereProduct.lean
350	YauCounterexample	OAI.Yau.Target.yau_nodal_set_upper_bound_counterexample	OAI/Geometry/NodalSets/Main.lean
356	WeakHessian	OAI.WeakHessian.every_geodesic	OAI/Geometry/WeakHessian/Main.lean
358	ConjugatePoints	OAI.ThreeManifold.main_theorem	OAI/Geometry/ConjugatePoints/ThreeManifold.lean
359	PinchedKahler	OAI.PinchedHartogs.main_theorem	OAI/Geometry/Kahler/Main.lean
360	BiholderTransport	OAI.WeakMTWTransport.uniform_biHolder_transport	OAI/Analysis/BiholderTransport/Main.lean
360	WeakMTWGlobalSupport	OAI.WeakMTWGlobalSupport.current_main_convexity	OAI/Geometry/WeakMTW/Convexity.lean
361	HarmonicGrowth	OAI.HarmonicCounterexample.main	OAI/Geometry/HarmonicGrowth/Main.lean
362	VlasovMaxwell	OAI.RVM.global_classical_solution	OAI/Analysis/VlasovMaxwell/Main.lean
365	Conductivity	OAI.ScalarConductivity.main_nonuniqueness	OAI/Analysis/Conductivity/Main.lean
370	HenonEmden	OAI.HenonLaneEmden.main_nonexistence	OAI/Analysis/HenonEmden/Main.lean
