fam	n_man	best_ratio	relation	best_dir	best_file	ov_shapes	ms_shapes	ov_only	ms_only	cond_ov	cond_ms
001	1	0.188	divergent	Milnes-rationality-conjecture-for-abelian-varieties-September-23-2026	Milnes-rationality-conjecture-for-abelian-varieties-September-23-2026/build/main.tex	classification uniform	classification	uniform		0	0
002	3	0.286	divergent	Exact-Birch-Swinnerton-Dyer-Formula-from-Low-Selmer-Corank-October-3-2026	Exact-Birch-Swinnerton-Dyer-Formula-from-Low-Selmer-Corank-October-3-2026/build/main.tex	density uniform	density partial uniform		partial	0	0
003	3	0.236	divergent	The-Quasi-Riemann-Hypothesis-October-5-2026	The-Quasi-Riemann-Hypothesis-October-5-2026/build/paper2.tex	resolution uniform	uniform	resolution		0	0
004	2	0.322	divergent	Hilberts-tenth-problem-over-the-rational-numbers-September-24-2026	Hilberts-tenth-problem-over-the-rational-numbers-September-24-2026/build/main.tex	resolution undecidability uniform	undecidability uniform	resolution		0	0
005	1	0.972	divergent	Catalans-constant-is-irrational-September-24-2026	Catalans-constant-is-irrational-September-24-2026/build/main.tex					0	0
006	2	0.327	divergent	Goldfelds-analytic-density-conjecture-and-the-2-converse-for-elliptic-curves-September-23-2026	Goldfelds-analytic-density-conjecture-and-the-2-converse-for-elliptic-curves-September-23-2026/build/main.tex	density	density resolution uniform		resolution uniform	0	0
007	1	0.124	divergent	Ordinary-two-point-correlations-of-multiplicative-functions-September-24-2026	Ordinary-two-point-correlations-of-multiplicative-functions-September-24-2026/build/main.tex	bound resolution uniform	partial uniform	bound resolution	partial	0	0
008	1	0.479	divergent	The-Deligne-Drinfeld-conjecture-September-23-2026	The-Deligne-Drinfeld-conjecture-September-23-2026/build/paper.tex	resolution		resolution		0	0
009	3	0.170	divergent	Reconstruction-from-Milnor-K-theory-modulo-the-characteristic-October-5-2026	Reconstruction-from-Milnor-K-theory-modulo-the-characteristic-October-5-2026/build/build/main.tex	classification	classification uniform		uniform	0	0
010	3	0.396	divergent	Unrestricted-pro-modularity-at-the-prime-two-October-4-2026	Unrestricted-pro-modularity-at-the-prime-two-October-4-2026/build/source/main.tex	resolution	resolution uniform		uniform	0	0
011	3	0.252	divergent	The-Poisson-Dirichlet-Law-for-Prime-Predecessors-September-24-2026	The-Poisson-Dirichlet-Law-for-Prime-Predecessors-September-24-2026/build/paper.tex	resolution uniform	resolution uniform			0	0
012	1	0.286	divergent	The-joint-Dickman-law-for-consecutive-integers-September-24-2026	The-joint-Dickman-law-for-consecutive-integers-September-24-2026/build/main.tex	density resolution	density resolution			0	0
013	1	0.202	divergent	the-additive-indecomposability-of-the-primes-September-24-2026	the-additive-indecomposability-of-the-primes-September-24-2026/build/paper.tex	resolution		resolution		0	0
014	8	0.274	divergent	Global-Arthur-Enhancements-of-Cuspidal-Excursion-Parameters-October-5-2026	Global-Arthur-Enhancements-of-Cuspidal-Excursion-Parameters-October-5-2026/build/manuscript.tex	classification conditional partial uniform	classification conditional partial uniform			1	1
015	3	0.137	divergent	Equidistribution-of-Prime-Degree-Torus-Packets-with-Arbitrary-Local-Type-September-24-2026	Equidistribution-of-Prime-Degree-Torus-Packets-with-Arbitrary-Local-Type-September-24-2026/build/paper.tex	uniform	resolution uniform		resolution	0	0
016	4	0.570	divergent	The-Abelian-Zilber-Pink-Conjecture-September-24-2026	The-Abelian-Zilber-Pink-Conjecture-September-24-2026/build/paper.tex	bound resolution	bound	resolution		0	0
017	1	0.575	divergent	The-irrationality-exponent-of-pi-is-2-September-24-2026	The-irrationality-exponent-of-pi-is-2-September-24-2026/build/main.tex	uniform		uniform		0	0
018	2	0.209	divergent	The-Margulis-Platonov-conjecture-over-global-function-fields-October-5-2026	The-Margulis-Platonov-conjecture-over-global-function-fields-October-5-2026/build/main.tex	classification resolution	classification	resolution		0	0
019	2	0.195	divergent	The-p-adic-section-conjecture-September-24-2026	The-p-adic-section-conjecture-September-24-2026/build/main.tex					0	0
020	1	0.137	divergent	Squarefree-values-of-quartics-and-power-free-values-of-polynomials-September-24-2026	Squarefree-values-of-quartics-and-power-free-values-of-polynomials-September-24-2026/build/main.tex	density resolution	density uniform	resolution	uniform	0	0
021	1	0.023	divergent	A-quadratic-bound-for-Jacobsthals-function-September-25-2026	A-quadratic-bound-for-Jacobsthals-function-September-25-2026/build/main.tex	bound partial resolution uniform	bound partial	resolution uniform		0	0
022	1	0.684	divergent	The-weak-inhomogeneous-Duffin-Schaeffer-conjecture-September-25-2026	The-weak-inhomogeneous-Duffin-Schaeffer-conjecture-September-25-2026/build/main.tex	uniform	uniform			0	0
023	1	0.135	divergent	An-unconditional-first-moment-for-cubic-Gauss-sums-September-25-2026	An-unconditional-first-moment-for-cubic-Gauss-sums-September-25-2026/build/paper.tex	partial	bound uniform	partial	bound uniform	0	0
024	1	0.333	divergent	An-asymptotic-formula-for-the-number-of-totients-September-25-2026	An-asymptotic-formula-for-the-number-of-totients-September-25-2026/build/source/main.tex	bound uniform	uniform	bound		0	0
025	1	0.209	divergent	Short-Egyptian-fractions-September-25-2026	Short-Egyptian-fractions-September-25-2026/build/main.tex	resolution	uniform	resolution	uniform	0	0
026	1	0.247	divergent	Positive-lower-density-of-large-prime-gaps-September-25-2026	Positive-lower-density-of-large-prime-gaps-September-25-2026/build/main.tex	density uniform	bound density uniform		bound	0	0
027	1	0.026	divergent	Integral-points-on-character-varieties-of-curves-September-25-2026	Integral-points-on-character-varieties-of-curves-September-25-2026/build/main.tex	bound density resolution uniform	bound density	resolution uniform		0	0
028	1	0.364	divergent	Bounded-Step-Walks-on-Gaussian-Primes-September-26-2026	Bounded-Step-Walks-on-Gaussian-Primes-September-26-2026/build/main.tex	bound partial resolution uniform	bound uniform	partial resolution		0	0
029	2	0.706	divergent	Primitive-roots-for-every-admissible-integer-base-October-4-2026	Primitive-roots-for-every-admissible-integer-base-October-4-2026/build/sections/00-abstract.tex	resolution uniform	uniform	resolution		0	0
030	1	0.860	divergent	Modularity-of-elliptic-curves-over-imaginary-quadratic-fields-October-4-2026	Modularity-of-elliptic-curves-over-imaginary-quadratic-fields-October-4-2026/build/main.tex	resolution		resolution		0	0
031	1	0.721	divergent	Open-Homomorphisms-of-Global-Solvably-Closed-Galois-Groups-October-5-2026	Open-Homomorphisms-of-Global-Solvably-Closed-Galois-Groups-October-5-2026/build/main.tex					0	0
032	8	0.233	divergent	The-rational-Hodge-conjecture-for-products-of-K3-surfaces-October-4-2026	The-rational-Hodge-conjecture-for-products-of-K3-surfaces-October-4-2026/build/manuscript/main.tex	classification resolution uniform	classification partial uniform	resolution	partial	0	0
033	5	0.215	divergent	Orbifold-and-logarithmic-Iitaka-subadditivity-September-26-2026	Orbifold-and-logarithmic-Iitaka-subadditivity-September-26-2026/build/main.tex	bound	bound classification resolution uniform		classification resolution uniform	0	0
034	14	0.193	divergent	Fourfold-nonvanishing-by-minimal-metrics-and-moving-jets-September-27-2026	Fourfold-nonvanishing-by-minimal-metrics-and-moving-jets-September-27-2026/build/main.tex	bound classification resolution uniform	bound classification conditional partial resolution uniform		conditional partial	0	1
035	2	0.304	divergent	Log-abundance-in-numerical-dimension-one-for-threefolds-in-positive-characteristic-October-5-2026	Log-abundance-in-numerical-dimension-one-for-threefolds-in-positive-characteristic-October-5-2026/build/main.tex	bound classification	bound classification			0	0
036	4	0.090	divergent	Numerical-semiampleness-of-nef-adjoint-classes-on-compact-Kahler-manifolds-October-4-2026	Numerical-semiampleness-of-nef-adjoint-classes-on-compact-Kahler-manifolds-October-4-2026/build/main.tex	classification	classification resolution		resolution	0	0
037	2	0.205	divergent	The-normalized-volume-gap-in-dimension-four-September-24-2026	The-normalized-volume-gap-in-dimension-four-September-24-2026/build/paper.tex	bound partial resolution	bound partial resolution			0	0
038	1	0.814	divergent	Fujitas-freeness-conjecture-September-23-2026	Fujitas-freeness-conjecture-September-23-2026/build/main.tex	bound uniform	uniform	bound		0	0
039	4	0.207	divergent	Nagatas-Conjecture-for-Plane-Curves-September-23-2026	Nagatas-Conjecture-for-Plane-Curves-September-23-2026/build/main.tex	bound classification uniform	bound classification resolution uniform		resolution	0	0
040	1	0.681	divergent	Blochs-Conjecture-for-Surfaces-with-pg-equals-q-equals-0-September-24-2026	Blochs-Conjecture-for-Surfaces-with-pg-equals-q-equals-0-September-24-2026/build/paper.tex	uniform		uniform		0	0
041	2	0.709	divergent	The-Strong-Hyperkahler-SYZ-Conjecture-September-23-2026	The-Strong-Hyperkahler-SYZ-Conjecture-September-23-2026/build/main.tex	resolution	resolution			0	0
042	1	0.153	divergent	Every-complex-K3-surface-is-Oka-September-23-2026	Every-complex-K3-surface-is-Oka-September-23-2026/build/paper.tex		resolution uniform		resolution uniform	0	0
043	1	0.086	divergent	P-equals-W-in-composite-rank-for-fixed-determinant-September-24-2026	P-equals-W-in-composite-rank-for-fixed-determinant-September-24-2026/build/main.tex					0	0
044	1	0.106	divergent	The-equivariant-cohomological-Hikita-conjecture-for-arbitrary-quivers-September-24-2026	The-equivariant-cohomological-Hikita-conjecture-for-arbitrary-quivers-September-24-2026/build/main.tex	uniform	uniform			0	0
046	2	0.348	divergent	A-projective-fourfold-with-large-fundamental-group-and-non-Stein-universal-cover-October-5-2026	A-projective-fourfold-with-large-fundamental-group-and-non-Stein-universal-cover-October-5-2026/build/main.tex	counterexample	conditional counterexample resolution		conditional resolution	0	1
047	1	0.121	divergent	An-explicit-failure-of-complex-affine-space-cancellation-September-23-2026	An-explicit-failure-of-complex-affine-space-cancellation-September-23-2026/build/main.tex	counterexample resolution	counterexample resolution undecidability		undecidability	0	0
048	1	0.692	divergent	A-singular-normal-affine-surface-with-free-tangent-sheaf-September-23-2026	A-singular-normal-affine-surface-with-free-tangent-sheaf-September-23-2026/build/01-introduction.tex	classification	classification counterexample resolution		counterexample resolution	0	0
049	2	0.141	divergent	A-stable-coordinate-that-is-not-a-coordinate-in-four-variables-October-5-2026	A-stable-coordinate-that-is-not-a-coordinate-in-four-variables-October-5-2026/build/source/main.tex		counterexample resolution		counterexample resolution	0	0
050	1	0.136	divergent	ample-rank-two-bundles-on-the-quadric-surface-without-griffiths-positive-metrics-September-24-2026	ample-rank-two-bundles-on-the-quadric-surface-without-griffiths-positive-metrics-September-24-2026/build/paper.tex		counterexample uniform		counterexample uniform	0	0
051	1	0.858	divergent	Canonical-ampleness-of-compact-hyperbolic-Kahler-manifolds-September-23-2026	Canonical-ampleness-of-compact-hyperbolic-Kahler-manifolds-September-23-2026/build/main.tex		resolution		resolution	0	0
052	2	0.293	divergent	Universal-cover-splitting-for-compact-Kahler-manifolds-September-23-2026	Universal-cover-splitting-for-compact-Kahler-manifolds-September-23-2026/build/main.tex					0	0
053	1	0.045	divergent	A-high-arity-counterexample-to-Pixton-completeness-in-Chow-September-24-2026	A-high-arity-counterexample-to-Pixton-completeness-in-Chow-September-24-2026/build/main.tex	counterexample	counterexample			0	0
054	1	0.252	divergent	Irrational-cubic-fourfolds-with-geometric-K3-categories-September-24-2026	Irrational-cubic-fourfolds-with-geometric-K3-categories-September-24-2026/build/paper.tex	counterexample uniform	counterexample uniform			0	0
055	2	0.233	divergent	A-Gepner-stability-condition-on-every-smooth-quintic-threefold-September-24-2026	A-Gepner-stability-condition-on-every-smooth-quintic-threefold-September-24-2026/build/paper.tex	uniform	bound uniform		bound	0	0
056	5	0.290	divergent	Termination-of-generalized-canonical-flips-on-compact-Kahler-fourfolds-October-5-2026	Termination-of-generalized-canonical-flips-on-compact-Kahler-fourfolds-October-5-2026/build/build/sections/01-introduction.tex	bound classification uniform	bound classification uniform			0	0
057	3	0.176	divergent	A-conditional-abelianity-theorem-for-special-fourfold-pairs-with-a-half-weight-divisor-October-5-2026	A-conditional-abelianity-theorem-for-special-fourfold-pairs-with-a-half-weight-divisor-October-5-2026/build/source/main.tex	partial	partial resolution		resolution	0	0
058	2	0.232	divergent	Semialgebraic-universal-covers-of-normal-projective-varieties-September-24-2026	Semialgebraic-universal-covers-of-normal-projective-varieties-September-24-2026/build/main.tex	bound resolution	bound classification resolution		classification	0	0
059	2	0.105	divergent	Ambiently-homeomorphic-isolated-hypersurface-germs-in-C4-with-multiplicities-four-and-five-September-27-2026	Ambiently-homeomorphic-isolated-hypersurface-germs-in-C4-with-multiplicities-four-and-five-September-27-2026/build/paper.tex	counterexample	undecidability	counterexample	undecidability	0	0
060	1	0.477	divergent	Global-Spherical-Shells-on-Minimal-Surfaces-of-Class-VII-September-24-2026	Global-Spherical-Shells-on-Minimal-Surfaces-of-Class-VII-September-24-2026/build/paper.tex					0	0
062	1	0.275	divergent	Contact-Fano-manifolds-and-the-LeBrun-Salamon-conjecture-September-23-2026	Contact-Fano-manifolds-and-the-LeBrun-Salamon-conjecture-September-23-2026/build/main.tex	resolution	resolution			0	0
063	1	0.718	divergent	The-Generalized-Mukai-Conjecture-September-24-2026	The-Generalized-Mukai-Conjecture-September-24-2026/build/main.tex	resolution		resolution		0	0
064	1	0.329	divergent	Topological-triviality-of-mu-constant-families-of-surface-singularities-September-24-2026	Topological-triviality-of-mu-constant-families-of-surface-singularities-September-24-2026/build/main.tex	resolution uniform		resolution uniform		0	0
065	2	0.266	divergent	Virasoro-Constraints-for-Projective-Complete-Intersections-September-24-2026	Virasoro-Constraints-for-Projective-Complete-Intersections-September-24-2026/build/main.tex	resolution uniform	conditional uniform	resolution	conditional	0	1
066	2	0.215	divergent	Bounded-klt-complements-for-Fano-contractions-September-25-2026	Bounded-klt-complements-for-Fano-contractions-September-25-2026/build/main.tex	bound classification	bound classification partial		partial	0	0
067	1	0.207	divergent	The-Campana-Peternell-conjecture-in-dimension-six-September-25-2026	The-Campana-Peternell-conjecture-in-dimension-six-September-25-2026/build/main.tex	resolution	resolution			0	0
068	7	0.502	divergent	Anticanonical-nonvanishing-from-smooth-semipositivity-September-26-2026	Anticanonical-nonvanishing-from-smooth-semipositivity-September-26-2026/build/source/main.tex		bound classification uniform		bound classification uniform	0	0
069	1	0.352	divergent	Global-quantum-geometric-Langlands-at-irrational-level-October-4-2026	Global-quantum-geometric-Langlands-at-irrational-level-October-4-2026/build/main.tex	uniform	uniform			0	0
071	2	0.444	divergent	Koebes-Circle-Domain-Conjecture-September-23-2026	Koebes-Circle-Domain-Conjecture-September-23-2026/build/main.tex	bound resolution	bound resolution			0	0
072	2	0.412	divergent	Brennans-conjecture-and-sharp-inverse-square-integral-means-September-24-2026	Brennans-conjecture-and-sharp-inverse-square-integral-means-September-24-2026/build/main.tex	bound counterexample uniform	bound uniform	counterexample		0	0
073	1	0.821	divergent	The-Falconer-distance-conjecture-in-all-dimensions-September-23-2026	The-Falconer-distance-conjecture-in-all-dimensions-September-23-2026/build/paper.tex	resolution	resolution uniform		uniform	0	0
074	2	0.485	divergent	The-Kakeya-maximal-conjecture-in-three-dimensions-September-23-2026	The-Kakeya-maximal-conjecture-in-three-dimensions-September-23-2026/build/paper.tex	resolution uniform	partial uniform	resolution	partial	0	0
075	1	0.773	divergent	Almost-everywhere-Fourier-convergence-in-L-log-L-September-23-2026	Almost-everywhere-Fourier-convergence-in-L-log-L-September-23-2026/build/main.tex	partial resolution	partial	resolution		0	0
076	3	0.379	divergent	Nearly-minimal-maxima-and-positive-minima-of-Littlewood-polynomials-October-5-2026	Nearly-minimal-maxima-and-positive-minima-of-Littlewood-polynomials-October-5-2026/build/main.tex	bound uniform	counterexample resolution uniform	bound	counterexample resolution	0	0
077	2	0.386	divergent	Diagonal-Fourier-extension-for-positively-curved-surfaces-in-three-dimensions-September-24-2026	Diagonal-Fourier-extension-for-positively-curved-surfaces-in-three-dimensions-September-24-2026/build/paper.tex	bound resolution uniform	bound uniform	resolution		0	0
078	1	0.496	divergent	Bochner-Riesz-Multipliers-in-Three-Dimensions-September-24-2026	Bochner-Riesz-Multipliers-in-Three-Dimensions-September-24-2026/build/paper.tex	bound resolution uniform	bound uniform	resolution		0	0
079	1	0.232	divergent	Critical-local-smoothing-for-the-three-dimensional-wave-equation-September-24-2026	Critical-local-smoothing-for-the-three-dimensional-wave-equation-September-24-2026/build/sections/00-introduction.tex	resolution	resolution			0	0
080	2	0.158	divergent	Endpoint-pointwise-convergence-for-the-Schrodinger-equation-in-higher-dimensions-September-24-2026	Endpoint-pointwise-convergence-for-the-Schrodinger-equation-in-higher-dimensions-September-24-2026/build/paper.tex	bound uniform	resolution uniform	bound	resolution	0	0
081	1	0.039	divergent	Riesz-transforms-and-uniform-rectifiability-in-higher-codimension-September-24-2026	Riesz-transforms-and-uniform-rectifiability-in-higher-codimension-September-24-2026/build/paper.tex	bound resolution uniform	bound uniform	resolution		0	0
082	3	0.262	divergent	The-maximal-triangular-Hilbert-transform-at-the-symmetric-point-September-24-2026	The-maximal-triangular-Hilbert-transform-at-the-symmetric-point-September-24-2026/build/main.tex	bound resolution uniform	bound partial resolution uniform		partial	0	0
083	1	0.306	divergent	A-uniform-Hilbert-transform-estimate-for-Lipschitz-directions-September-25-2026	A-uniform-Hilbert-transform-estimate-for-Lipschitz-directions-September-25-2026/build/main.tex	bound uniform	bound partial uniform		partial	0	0
084	2	0.275	divergent	The-dyadic-case-of-the-Erdos-similarity-conjecture-September-25-2026	The-dyadic-case-of-the-Erdos-similarity-conjecture-September-25-2026/build/paper.tex	resolution uniform	uniform	resolution		0	0
085	1	0.311	divergent	An-Endpoint-Gradient-Bound-for-the-Centered-Disk-Maximal-Operator-September-26-2026	An-Endpoint-Gradient-Bound-for-the-Centered-Disk-Maximal-Operator-September-26-2026/build/main.tex	resolution uniform	bound uniform	resolution	bound	0	0
086	1	0.349	divergent	An-L3-bound-for-the-trilinear-Hilbert-transform-October-5-2026	An-L3-bound-for-the-trilinear-Hilbert-transform-October-5-2026/build/paper.tex	bound resolution	resolution	bound		0	0
087	3	0.071	divergent	The-symmetric-Mahler-conjecture-and-its-equality-cases-September-22-2026	The-symmetric-Mahler-conjecture-and-its-equality-cases-September-22-2026/build/main.tex	bound classification resolution	classification resolution uniform	bound	uniform	0	0
088	2	0.307	divergent	A-product-counterexample-to-the-simplex-maximum-for-projection-body-volume-September-24-2026	A-product-counterexample-to-the-simplex-maximum-for-projection-body-volume-September-24-2026/build/main.tex	bound	counterexample	bound	counterexample	0	0
089	2	0.159	divergent	Planar-Graph-Metrics-Embed-into-L1-with-Constant-Distortion-September-23-2026	Planar-Graph-Metrics-Embed-into-L1-with-Constant-Distortion-September-23-2026/build/main.tex	bound resolution uniform	bound resolution uniform			0	0
090	4	0.349	divergent	An-atomic-certificate-for-triangular-lattice-universal-optimality-September-26-2026	An-atomic-certificate-for-triangular-lattice-universal-optimality-September-26-2026/build/main.tex	density resolution uniform	bound density resolution uniform		bound	0	0
091	1	0.156	divergent	The-logarithmic-Brunn-Minkowski-conjecture-September-23-2026	The-logarithmic-Brunn-Minkowski-conjecture-September-23-2026/build/main.tex	bound	bound uniform		uniform	0	0
092	2	0.341	divergent	A-single-lattice-covering-bound-of-order-n-log-n-September-23-2026	A-single-lattice-covering-bound-of-order-n-log-n-September-23-2026/build/main.tex	density partial	bound counterexample density partial uniform		bound counterexample uniform	0	0
093	1	0.011	divergent	A-dimension-free-logarithmic-Sobolev-inequality-for-subgaussian-log-concave-measures-September-23-2026	A-dimension-free-logarithmic-Sobolev-inequality-for-subgaussian-log-concave-measures-September-23-2026/build/main.tex	bound uniform	density resolution	bound uniform	density resolution	0	0
094	1	0.561	divergent	Subpolynomial-dimension-reduction-in-Lp-September-23-2026	Subpolynomial-dimension-reduction-in-Lp-September-23-2026/build/paper.tex	partial uniform	partial uniform			0	0
095	3	0.127	divergent	Hyperbolicity-Cones-Without-Semidefinite-Lifts-October-5-2026	Hyperbolicity-Cones-Without-Semidefinite-Lifts-October-5-2026/build/source/main.tex	counterexample resolution	bound counterexample resolution uniform		bound uniform	0	0
096	1	0.328	divergent	The-Gaussian-Propeller-Bound-in-Every-Dimension-September-24-2026	The-Gaussian-Propeller-Bound-in-Every-Dimension-September-24-2026/build/main.tex	bound partial	bound partial uniform		uniform	0	0
097	1	0.083	divergent	The-Euclidean-Steinitz-Bergstrom-theorem-September-24-2026	The-Euclidean-Steinitz-Bergstrom-theorem-September-24-2026/build/main.tex	bound partial	bound partial resolution		resolution	0	0
098	1	0.901	divergent	A-doubling-Hilbert-subset-with-no-finite-dimensional-bi-Lipschitz-embedding-September-25-2026	A-doubling-Hilbert-subset-with-no-finite-dimensional-bi-Lipschitz-embedding-September-25-2026/build/main.tex		bound		bound	0	0
099	3	0.066	divergent	Edit-Distance-in-l1-Matching-Bounds-up-to-Constants-in-the-Exponent-September-27-2026	Edit-Distance-in-l1-Matching-Bounds-up-to-Constants-in-the-Exponent-September-27-2026/build/main.tex	bound partial uniform	bound partial uniform			0	0
100	4	0.128	divergent	Finite-triangular-approximation-of-radial-sweeps-September-27-2026	Finite-triangular-approximation-of-radial-sweeps-September-27-2026/build/main.tex	bound counterexample	bound counterexample partial resolution undecidability uniform		partial resolution undecidability uniform	0	0
101	1	0.556	divergent	A-sharp-entropy-bound-and-the-simplex-inequality-for-isotropic-constants-October-5-2026	A-sharp-entropy-bound-and-the-simplex-inequality-for-isotropic-constants-October-5-2026/build/manuscript/main.tex	bound resolution	bound density uniform	resolution	density uniform	0	0
102	5	0.317	divergent	A-Direct-Proof-of-Optimal-Max-Cut-Hardness-September-23-2026	A-Direct-Proof-of-Optimal-Max-Cut-Hardness-September-23-2026/build/main.tex		partial uniform		partial uniform	0	0
103	1	0.370	divergent	Exact-Derandomization-of-Logarithmic-Space-L-equals-RL-equals-BPL-September-23-2026	Exact-Derandomization-of-Logarithmic-Space-L-equals-RL-equals-BPL-September-23-2026/build/main.tex	bound resolution	resolution	bound		0	0
104	4	0.088	divergent	Mean-payoff-parity-games-in-quasipolynomial-time-October-5-2026	Mean-payoff-parity-games-in-quasipolynomial-time-October-5-2026/build/main.tex		bound uniform		bound uniform	0	0
105	1	0.488	divergent	Perfect-completeness-for-2-to-1-games-September-23-2026	Perfect-completeness-for-2-to-1-games-September-23-2026/build/main.tex	partial uniform	partial uniform			0	0
106	1	0.173	divergent	Hardness-of-finding-large-independent-sets-in-three-colorable-graphs-September-24-2026	Hardness-of-finding-large-independent-sets-in-three-colorable-graphs-September-24-2026/build/source/main.tex	uniform	uniform			0	0
107	3	0.432	divergent	Staggered-extraction-for-exact-matrix-multiplication-over-every-field-September-24-2026	Staggered-extraction-for-exact-matrix-multiplication-over-every-field-September-24-2026/build/main.tex	bound classification	bound classification partial		partial	0	0
108	1	0.117	divergent	A-cubic-lower-bound-for-border-determinantal-complexity-of-the-permanent-September-24-2026	A-cubic-lower-bound-for-border-determinantal-complexity-of-the-permanent-September-24-2026/build/source/main.tex	bound	bound uniform		uniform	0	0
109	1	0.410	divergent	Integer-multiplication-below-n-log-n-September-23-2026	Integer-multiplication-below-n-log-n-September-23-2026/build/main.tex	counterexample resolution	counterexample resolution uniform		uniform	0	0
110	2	0.093	divergent	Squared-logarithmic-randomized-k-server-on-arbitrary-metrics-September-24-2026	Squared-logarithmic-randomized-k-server-on-arbitrary-metrics-September-24-2026/build/source/main.tex	bound uniform	bound uniform			0	0
111	1	0.051	divergent	One-Sample-Suffices-for-Matroid-Prophet-Inequalities-against-an-Almighty-Adversary-September-23-2026	One-Sample-Suffices-for-Matroid-Prophet-Inequalities-against-an-Almighty-Adversary-September-23-2026/build/main.tex	uniform	bound	uniform	bound	0	0
112	1	0.327	divergent	Beyond-the-Square-Root-Exponent-for-Depth-Three-Boolean-Circuits-September-23-2026	Beyond-the-Square-Root-Exponent-for-Depth-Three-Boolean-Circuits-September-23-2026/build/latex/main.tex	bound	bound			0	0
113	2	0.303	divergent	A-Fully-Polynomial-Randomized-Approximation-Scheme-for-Perfect-Matchings-in-General-Graphs-September-23-2026	A-Fully-Polynomial-Randomized-Approximation-Scheme-for-Perfect-Matchings-in-General-Graphs-September-23-2026/build/main.tex	bound resolution uniform	bound partial resolution uniform		partial	0	0
114	2	0.298	divergent	An-FPRAS-for-Common-Integer-Polymatroid-Bases-with-Binary-Capacities-October-5-2026	An-FPRAS-for-Common-Integer-Polymatroid-Bases-with-Binary-Capacities-October-5-2026/build/main.tex		bound uniform		bound uniform	0	0
115	2	0.148	divergent	An-FPRAS-for-Cell-Bounded-Contingency-Tables-September-24-2026	An-FPRAS-for-Cell-Bounded-Contingency-Tables-September-24-2026/build/main.tex	bound uniform	bound uniform			0	0
116	3	0.144	divergent	One-Rational-Matrix-Hitting-Point-for-Noncommutative-Formulas-September-24-2026	One-Rational-Matrix-Hitting-Point-for-Noncommutative-Formulas-September-24-2026/build/paper.tex	bound classification	bound classification uniform		uniform	0	0
117	2	0.159	divergent	Constant-factor-hardness-of-uniform-sparsest-cut-September-24-2026	Constant-factor-hardness-of-uniform-sparsest-cut-September-24-2026/build/source/main.tex	bound uniform	bound uniform			0	0
118	1	0.196	divergent	Additive-hardness-and-unbounded-configuration-gaps-in-bin-packing-September-24-2026	Additive-hardness-and-unbounded-configuration-gaps-in-bin-packing-September-24-2026/build/source/main.tex	counterexample partial resolution	counterexample partial uniform	resolution	uniform	0	0
119	2	0.084	divergent	Sharp-binary-information-contraction-on-the-discrete-cube-September-24-2026	Sharp-binary-information-contraction-on-the-discrete-cube-September-24-2026/build/main.tex	resolution uniform	bound partial resolution uniform		bound partial	0	0
120	1	0.171	divergent	Almost-Linear-Time-Maximum-Cardinality-Matching-in-Sparse-General-Graphs-September-24-2026	Almost-Linear-Time-Maximum-Cardinality-Matching-in-Sparse-General-Graphs-September-24-2026/build/main.tex	bound	bound uniform		uniform	0	0
121	1	0.226	divergent	An-Almost-Linear-Approximation-Scheme-for-Edit-Distance-September-24-2026	An-Almost-Linear-Approximation-Scheme-for-Edit-Distance-September-24-2026/build/paper.tex	bound uniform	bound uniform			0	0
122	3	0.147	divergent	A-latest-anchor-induction-with-spectrally-compact-masks-for-worst-case-trace-reconstruction-October-5-2026	A-latest-anchor-induction-with-spectrally-compact-masks-for-worst-case-trace-reconstruction-October-5-2026/build/part-1.tex	bound partial uniform	bound partial undecidability uniform		undecidability	0	0
124	1	0.047	divergent	A-polynomial-time-algorithm-for-three-machine-unit-job-scheduling-September-24-2026	A-polynomial-time-algorithm-for-three-machine-unit-job-scheduling-September-24-2026/build/paper.tex	resolution uniform	bound uniform	resolution	bound	0	0
125	2	0.548	divergent	The-Approximation-Threshold-for-Metric-k-Median-September-24-2026	The-Approximation-Threshold-for-Metric-k-Median-September-24-2026/build/main.tex	conditional uniform	bound partial uniform	conditional	bound partial	1	0
126	1	0.040	divergent	Exponential-PSD-rank-of-positively-shifted-matching-matrices-October-5-2026	Exponential-PSD-rank-of-positively-shifted-matching-matrices-October-5-2026/build/source/main.tex	bound uniform	uniform	bound		0	0
127	1	0.300	divergent	Average-Sensitivity-of-Polynomial-Threshold-Functions-September-25-2026	Average-Sensitivity-of-Polynomial-Threshold-Functions-September-25-2026/build/main.tex	partial uniform	bound partial resolution uniform		bound resolution	0	0
128	1	0.029	divergent	A-Polynomial-Time-2-Approximation-for-Shortest-Common-Superstring-September-24-2026	A-Polynomial-Time-2-Approximation-for-Shortest-Common-Superstring-September-24-2026/build/paper.tex	partial uniform	partial uniform			0	0
129	2	0.169	divergent	An-exponential-state-lower-bound-for-two-way-nondeterministic-complementation-September-25-2026	An-exponential-state-lower-bound-for-two-way-nondeterministic-complementation-September-25-2026/build/paper.tex	bound resolution	bound partial uniform	resolution	partial uniform	0	0
130	2	0.304	divergent	An-explicit-power-saving-for-the-exact-discrete-Fourier-transform-September-25-2026	An-explicit-power-saving-for-the-exact-discrete-Fourier-transform-September-25-2026/build/main.tex	uniform	bound counterexample	uniform	bound counterexample	0	0
131	1	0.334	divergent	Polynomial-Mixing-of-the-Switch-Chain-for-Every-Graphical-Degree-Sequence-September-25-2026	Polynomial-Mixing-of-the-Switch-Chain-for-Every-Graphical-Degree-Sequence-September-25-2026/build/main.tex	resolution uniform	partial uniform	resolution	partial	0	0
132	1	0.107	divergent	A-superquadratic-separation-between-sensitivity-and-block-sensitivity-September-25-2026	A-superquadratic-separation-between-sensitivity-and-block-sensitivity-September-25-2026/build/paper.tex		counterexample		counterexample	0	0
133	4	0.088	divergent	Unconditional-time-lower-bounds-for-Weisfeiler-Leman-equivalence-September-25-2026	Unconditional-time-lower-bounds-for-Weisfeiler-Leman-equivalence-September-25-2026/build/main.tex	bound	bound partial uniform		partial uniform	0	0
134	3	0.271	divergent	Finite-Monoid-Computations-and-a-Uniform-Generalized-Star-Height-Bound-September-25-2026	Finite-Monoid-Computations-and-a-Uniform-Generalized-Star-Height-Bound-September-25-2026/build/paper.tex	bound partial resolution uniform	bound partial uniform	resolution		0	0
135	1	0.074	divergent	Homogeneous-depth-five-lower-bounds-for-iterated-matrix-multiplication-September-25-2026	Homogeneous-depth-five-lower-bounds-for-iterated-matrix-multiplication-September-25-2026/build/paper.tex	bound classification	classification partial uniform	bound	partial uniform	0	0
136	1	0.143	divergent	The-PCP-for-PPAD-conjecture-a-quasilinear-reduction-September-25-2026	The-PCP-for-PPAD-conjecture-a-quasilinear-reduction-September-25-2026/build/main.tex	resolution	bound	resolution	bound	0	0
137	1	0.054	divergent	Simulating-One-Tape-Time-in-Two-Fifths-Power-Space-September-25-2026	Simulating-One-Tape-Time-in-Two-Fifths-Power-Space-September-25-2026/build/source/main.tex	bound partial	bound	partial		0	0
138	2	0.258	divergent	Subset-Sum-in-Time-2-power-0-49n-October-4-2026	Subset-Sum-in-Time-2-power-0-49n-October-4-2026/build/main.tex	bound uniform	bound undecidability uniform		undecidability	0	0
139	1	0.119	divergent	Subpolynomial-query-complexity-for-well-conditioned-log-concave-sampling-September-26-2026	Subpolynomial-query-complexity-for-well-conditioned-log-concave-sampling-September-26-2026/build/main.tex	bound uniform	bound partial uniform		partial	0	0
140	6	0.195	divergent	Memory-and-precision-in-noiseless-Gaussian-regression-September-27-2026	Memory-and-precision-in-noiseless-Gaussian-regression-September-27-2026/build/main.tex	partial uniform	bound conditional density partial uniform		bound conditional density	0	1
141	1	0.832	divergent	Existential-universal-real-sentences-in-the-counting-hierarchy-October-4-2026	Existential-universal-real-sentences-in-the-counting-hierarchy-October-4-2026/build/main.tex					0	0
142	1	0.132	divergent	Deterministic-Polynomial-Factorization-over-Prime-Fields-October-4-2026	Deterministic-Polynomial-Factorization-over-Prime-Fields-October-4-2026/build/main.tex	uniform	uniform			0	0
143	2	0.107	divergent	uniform-bounds-for-planar-polynomial-limit-cycles-September-24-2026	uniform-bounds-for-planar-polynomial-limit-cycles-September-24-2026/build/main.tex	bound resolution uniform	bound partial resolution uniform		partial	0	0
144	1	0.324	divergent	A-smooth-three-torus-diffeomorphism-with-simple-Lebesgue-spectrum-September-23-2026	A-smooth-three-torus-diffeomorphism-with-simple-Lebesgue-spectrum-September-23-2026/build/main.tex	resolution		resolution		0	0
145	1	0.632	divergent	Rokhlins-multiple-mixing-problem-for-one-transformation-September-23-2026	Rokhlins-multiple-mixing-problem-for-one-transformation-September-23-2026/build/main.tex	resolution		resolution		0	0
146	1	0.608	divergent	Positive-Metric-Entropy-for-the-Standard-Map-at-Large-Parameters-September-23-2026	Positive-Metric-Entropy-for-the-Standard-Map-at-Large-Parameters-September-23-2026/build/paper.tex	uniform	uniform			0	0
147	2	0.173	divergent	Rigidity-of-Smooth-Billiards-with-a-Continuous-Caustic-Collar-September-24-2026	Rigidity-of-Smooth-Billiards-with-a-Continuous-Caustic-Collar-September-24-2026/build/main.tex	bound resolution	bound resolution			0	0
148	1	0.230	divergent	The-entropy-rate-dimension-formula-for-self-similar-measures-on-the-line-September-24-2026	The-entropy-rate-dimension-formula-for-self-similar-measures-on-the-line-September-24-2026/build/main.tex	resolution uniform	resolution	uniform		0	0
149	2	0.363	divergent	Uniform-Permanence-in-Weakly-Reversible-Mass-Action-Systems-October-5-2026	Uniform-Permanence-in-Weakly-Reversible-Mass-Action-Systems-October-5-2026/build/main.tex	bound resolution uniform	bound uniform	resolution		0	0
150	2	0.537	divergent	Weak-mixing-of-triangular-billiards-with-an-irrational-angle-October-5-2026	Weak-mixing-of-triangular-billiards-with-an-irrational-angle-October-5-2026/build/main.tex	uniform	uniform			0	0
151	1	0.102	divergent	A-C1-Counterexample-to-the-Entropy-Conjecture-September-25-2026	A-C1-Counterexample-to-the-Entropy-Conjecture-September-25-2026/build/source/main.tex	bound counterexample	bound counterexample			0	0
152	1	0.443	divergent	A-finite-entropy-system-without-a-smooth-positive-volume-model-September-25-2026	A-finite-entropy-system-without-a-smooth-positive-volume-model-September-25-2026/build/main.tex	density	bound density		bound	0	0
153	1	0.126	divergent	Arithmetic-classification-and-non-Pisot-singularity-for-Bernoulli-convolutions-October-3-2026	Arithmetic-classification-and-non-Pisot-singularity-for-Bernoulli-convolutions-October-3-2026/build/main.tex	uniform	classification uniform		classification	0	0
154	4	0.177	divergent	Pointwise-convergence-of-fourfold-ergodic-averages-for-mixing-transformations-October-4-2026	Pointwise-convergence-of-fourfold-ergodic-averages-for-mixing-transformations-October-4-2026/build/main.tex	bound	bound uniform		uniform	0	0
155	1	0.305	divergent	A-translational-tile-with-no-fully-periodic-tiling-in-dimension-three-September-23-2026	A-translational-tile-with-no-fully-periodic-tiling-in-dimension-three-September-23-2026/build/paper.tex	counterexample uniform	uniform	counterexample		0	0
156	1	0.408	divergent	A-nine-dimensional-counterexample-to-Borsuks-covering-assertion-September-23-2026	A-nine-dimensional-counterexample-to-Borsuks-covering-assertion-September-23-2026/build/main.tex		counterexample		counterexample	0	0
157	3	0.131	divergent	A-counterexample-to-Hadwigers-conjecture-September-23-2026	A-counterexample-to-Hadwigers-conjecture-September-23-2026/build/main.tex	bound counterexample partial	counterexample partial resolution	bound	resolution	0	0
158	1	0.091	divergent	The-Euclidean-plane-is-not-five-colorable-September-23-2026	The-Euclidean-plane-is-not-five-colorable-September-23-2026/build/main.tex					0	0
159	1	0.668	divergent	Quasipolynomial-Bounds-for-Arithmetic-Progressions-September-23-2026	Quasipolynomial-Bounds-for-Arithmetic-Progressions-September-23-2026/build/main.tex	partial	uniform	partial	uniform	0	0
160	1	0.223	divergent	Quantitative-Superexponential-Bounds-for-van-der-Waerden-Numbers-September-23-2026	Quantitative-Superexponential-Bounds-for-van-der-Waerden-Numbers-September-23-2026/build/paper.tex	resolution uniform	uniform	resolution		0	0
161	1	0.205	divergent	A-counterexample-to-Sidorenkos-conjecture-September-23-2026	A-counterexample-to-Sidorenkos-conjecture-September-23-2026/build/main.tex	counterexample density resolution	bound counterexample density resolution		bound	0	0
162	2	0.299	divergent	A-Counterexample-to-Rysers-Covering-Conjecture-September-23-2026	A-Counterexample-to-Rysers-Covering-Conjecture-September-23-2026/build/paper.tex	bound counterexample uniform	counterexample uniform	bound		0	0
164	1	0.510	divergent	Monochromatic-finite-sums-and-products-in-the-positive-integers-September-23-2026	Monochromatic-finite-sums-and-products-in-the-positive-integers-September-23-2026/build/main.tex		uniform		uniform	0	0
165	2	0.445	divergent	The-crossing-number-of-complete-graphs-September-23-2026	The-crossing-number-of-complete-graphs-September-23-2026/build/main.tex	resolution	resolution uniform		uniform	0	0
166	1	0.464	divergent	The-higher-dimensional-Erdos-distinct-distances-conjecture-September-23-2026	The-higher-dimensional-Erdos-distinct-distances-conjecture-September-23-2026/build/paper.tex	bound resolution uniform	resolution uniform	bound		0	0
167	2	0.746	divergent	The-weak-pinned-planar-distance-theorem-September-23-2026	The-weak-pinned-planar-distance-theorem-September-23-2026/build/main.tex	bound resolution uniform	uniform	bound resolution		0	0
168	1	0.316	divergent	Combinatorial-Invariance-of-Kazhdan-Lusztig-Polynomials-September-24-2026	Combinatorial-Invariance-of-Kazhdan-Lusztig-Polynomials-September-24-2026/build/paper.tex	resolution uniform	resolution uniform			0	0
169	1	0.139	divergent	Elementary-Positivity-of-Chromatic-Quasisymmetric-Functions-September-24-2026	Elementary-Positivity-of-Chromatic-Quasisymmetric-Functions-September-24-2026/build/paper.tex	resolution	resolution			0	0
170	2	0.449	divergent	Sharp-Logarithmic-Exponents-for-Fixed-Off-Diagonal-Ramsey-Numbers-September-24-2026	Sharp-Logarithmic-Exponents-for-Fixed-Off-Diagonal-Ramsey-Numbers-September-24-2026/build/main.tex	bound uniform	bound uniform			0	0
171	1	0.268	divergent	The-hypercube-Ramsey-number-has-linear-order-September-23-2026	The-hypercube-Ramsey-number-has-linear-order-September-23-2026/build/main.tex	resolution	partial resolution		partial	0	0
172	1	0.131	divergent	A-classification-of-finite-Euclidean-Ramsey-configurations-September-23-2026	A-classification-of-finite-Euclidean-Ramsey-configurations-September-23-2026/build/main.tex	classification counterexample resolution	classification partial uniform	counterexample resolution	partial uniform	0	0
173	1	0.149	divergent	A-proof-of-Seymours-second-neighborhood-conjecture-September-23-2026	A-proof-of-Seymours-second-neighborhood-conjecture-September-23-2026/build/source/main.tex	uniform	resolution	uniform	resolution	0	0
174	2	0.036	divergent	The-strong-thin-tree-conjecture-September-23-2026	The-strong-thin-tree-conjecture-September-23-2026/build/source/main.tex	partial resolution	partial resolution			0	0
175	3	0.337	divergent	Integral-and-fractional-expectation-thresholds-are-equivalent-September-23-2026	Integral-and-fractional-expectation-thresholds-are-equivalent-September-23-2026/build/source/main.tex	bound partial resolution	bound density partial uniform	resolution	density uniform	0	0
176	1	0.803	divergent	The-second-Kahn-Kalai-conjecture-September-24-2026	The-second-Kahn-Kalai-conjecture-September-24-2026/build/source/main.tex	density partial resolution uniform	density partial uniform	resolution		0	0
177	1	0.859	divergent	Bounded-degree-coboundary-expanders-in-every-dimension-September-24-2026	Bounded-degree-coboundary-expanders-in-every-dimension-September-24-2026/build/source/main.tex	bound uniform	bound uniform			0	0
178	1	0.344	divergent	Deterministic-nonbipartite-Ramanujan-graphs-in-every-fixed-degree-September-23-2026	Deterministic-nonbipartite-Ramanujan-graphs-in-every-fixed-degree-September-23-2026/build/main.tex	uniform	uniform			0	0
179	1	0.207	divergent	The-circulant-Hadamard-conjecture-September-23-2026	The-circulant-Hadamard-conjecture-September-23-2026/build/main.tex	partial resolution		partial resolution		0	0
180	1	0.504	divergent	Paired-states-and-Hamiltonian-cycles-in-cubic-bipartite-planar-graphs-September-24-2026	Paired-states-and-Hamiltonian-cycles-in-cubic-bipartite-planar-graphs-September-24-2026/build/paper.tex	resolution		resolution		0	0
181	1	0.255	divergent	A-linear-cycle-and-edge-decomposition-of-every-graph-September-24-2026	A-linear-cycle-and-edge-decomposition-of-every-graph-September-24-2026/build/main.tex	bound partial resolution	partial resolution	bound		0	0
182	3	0.133	divergent	A-Power-Saving-for-Polynomial-Differences-at-Prime-Arguments-October-5-2026	A-Power-Saving-for-Polynomial-Differences-at-Prime-Arguments-October-5-2026/build/main.tex	uniform	bound partial resolution	uniform	bound partial resolution	0	0
183	1	0.078	divergent	A-power-saving-for-planar-halving-lines-September-25-2026	A-power-saving-for-planar-halving-lines-September-25-2026/build/main.tex	bound	bound partial		partial	0	0
184	2	0.091	divergent	Correspondence-Coloring-Graphs-with-a-Forbidden-Clique-October-5-2026	Correspondence-Coloring-Graphs-with-a-Forbidden-Clique-October-5-2026/build/main.tex	partial resolution	bound resolution uniform	partial	bound uniform	0	0
185	1	0.202	divergent	A-Counterexample-to-the-Infinite-Matroid-Packing-Covering-Conjecture-September-24-2026	A-Counterexample-to-the-Infinite-Matroid-Packing-Covering-Conjecture-September-24-2026/build/paper.tex	counterexample	counterexample resolution		resolution	0	0
186	2	0.179	divergent	A-Sharp-Threshold-Bound-for-Monotone-Graph-Properties-September-25-2026	A-Sharp-Threshold-Bound-for-Monotone-Graph-Properties-September-25-2026/build/main.tex	bound partial resolution uniform	bound partial uniform	resolution		0	0
187	1	0.067	divergent	Snaky-in-21-Maker-moves-September-25-2026	Snaky-in-21-Maker-moves-September-25-2026/build/paper.tex	resolution	bound uniform	resolution	bound uniform	0	0
188	1	0.356	divergent	The-Sharp-Terminal-Leave-in-Random-Triangle-Removal-September-25-2026	The-Sharp-Terminal-Leave-in-Random-Triangle-Removal-September-25-2026/build/paper.tex	bound resolution uniform	bound resolution uniform			0	0
189	1	0.192	divergent	Cycle-clique-Ramsey-numbers-September-25-2026	Cycle-clique-Ramsey-numbers-September-25-2026/build/main.tex	resolution uniform	counterexample uniform	resolution	counterexample	0	0
190	1	0.063	divergent	Polynomial-removal-fails-for-ordered-binary-matrices-September-25-2026	Polynomial-removal-fails-for-ordered-binary-matrices-September-25-2026/build/paper.tex	bound counterexample density	bound counterexample resolution	density	resolution	0	0
191	1	0.460	divergent	A-power-improvement-in-the-Heilbronn-triangle-lower-bound-September-25-2026	A-power-improvement-in-the-Heilbronn-triangle-lower-bound-September-25-2026/build/main.tex	bound counterexample resolution uniform	bound uniform	counterexample resolution		0	0
192	1	0.179	divergent	Unbounded-Violations-of-the-Square-Root-Degree-Bound-September-26-2026	Unbounded-Violations-of-the-Square-Root-Degree-Bound-September-26-2026/build/main.tex	bound counterexample uniform	counterexample uniform	bound		0	0
193	1	0.203	divergent	Positivity-of-Serres-Intersection-Multiplicity-September-23-2026	Positivity-of-Serres-Intersection-Multiplicity-September-23-2026/build/paper.tex	classification resolution	classification	resolution		0	0
194	1	0.234	divergent	Lechs-multiplicity-conjecture-September-23-2026	Lechs-multiplicity-conjecture-September-23-2026/build/main.tex	classification resolution uniform	classification uniform	resolution		0	0
195	1	0.241	divergent	A-Complete-Local-Domain-Without-a-Small-Cohen-Macaulay-Module-September-23-2026	A-Complete-Local-Domain-Without-a-Small-Cohen-Macaulay-Module-September-23-2026/build/paper.tex		counterexample resolution		counterexample resolution	0	0
196	1	0.200	divergent	A-Torsion-Free-Group-Algebra-with-Zero-Divisors-September-23-2026	A-Torsion-Free-Group-Algebra-with-Zero-Divisors-September-23-2026/build/paper.tex		counterexample		counterexample	0	0
197	4	0.239	divergent	A-Counterexample-to-the-Group-Ring-Determinant-Conjecture-September-23-2026	A-Counterexample-to-the-Group-Ring-Determinant-Conjecture-September-23-2026/build/main.tex	counterexample	classification counterexample		classification	0	0
198	1	0.989	divergent	An-algebra-of-infinite-little-finitistic-dimension-September-23-2026	An-algebra-of-infinite-little-finitistic-dimension-September-23-2026/build/paper.tex	counterexample resolution	counterexample resolution			0	0
199	2	0.134	divergent	A-counterexample-to-Tachikawas-second-conjecture-September-23-2026	A-counterexample-to-Tachikawas-second-conjecture-September-23-2026/build/paper.tex	classification counterexample resolution	counterexample resolution uniform	classification	uniform	0	0
200	2	0.463	divergent	The-Artinian-Lex-Plus-Powers-Betti-Theorem-September-23-2026	The-Artinian-Lex-Plus-Powers-Betti-Theorem-September-23-2026/build/main.tex	classification resolution uniform	classification uniform	resolution		0	0
201	1	0.165	divergent	A-Counterexample-to-Kuroshs-Division-Ring-Problem-September-23-2026	A-Counterexample-to-Kuroshs-Division-Ring-Problem-September-23-2026/build/main.tex	classification	classification undecidability		undecidability	0	0
202	1	0.815	divergent	The-Blockwise-Alperin-Weight-Conjecture-September-23-2026	The-Blockwise-Alperin-Weight-Conjecture-September-23-2026/build/paper.tex	resolution uniform	uniform	resolution		0	0
203	2	0.160	divergent	Integral-Donovan-Finiteness-over-Witt-Vectors-September-25-2026	Integral-Donovan-Finiteness-over-Witt-Vectors-September-25-2026/build/main.tex	bound classification uniform	bound classification partial uniform		partial	0	0
204	1	0.248	divergent	Tensor-Saturation-for-Even-Spin-Groups-September-24-2026	Tensor-Saturation-for-Even-Spin-Groups-September-24-2026/build/main.tex	resolution		resolution		0	0
205	2	0.077	divergent	A-Cyclic-Polytabloid-Proof-of-Saxls-Conjecture-September-24-2026	A-Cyclic-Polytabloid-Proof-of-Saxls-Conjecture-September-24-2026/build/paper.tex		resolution uniform		resolution uniform	0	0
206	2	0.045	divergent	Finite-Congruence-Lattices-Characterization-and-Undecidability-September-24-2026	Finite-Congruence-Lattices-Characterization-and-Undecidability-September-24-2026/build/paper.tex	undecidability	classification undecidability		classification	0	0
207	2	0.242	divergent	The-l1-Bass-Conjecture-for-Discrete-Groups-October-5-2026	The-l1-Bass-Conjecture-for-Discrete-Groups-October-5-2026/build/main.tex	classification resolution uniform	classification uniform	resolution		0	0
208	1	0.629	divergent	Fiber-functors-for-finite-symmetric-tensor-categories-in-positive-characteristic-September-24-2026	Fiber-functors-for-finite-symmetric-tensor-categories-in-positive-characteristic-September-24-2026/build/main.tex	classification resolution	classification	resolution		0	0
209	2	0.353	divergent	An-Integral-Counterexample-to-Gerstens-Conjecture-September-25-2026	An-Integral-Counterexample-to-Gerstens-Conjecture-September-25-2026/build/source/main.tex	classification counterexample	classification counterexample undecidability		undecidability	0	0
210	2	0.222	divergent	Quadratic-Stabilization-of-the-Canonical-Foulkes-Howe-Map-September-25-2026	Quadratic-Stabilization-of-the-Canonical-Foulkes-Howe-Map-September-25-2026/build/paper.tex	resolution uniform	bound uniform	resolution	bound	0	0
211	7	0.171	divergent	Canonical-conformal-limits-of-subcritical-FK-planar-maps-September-24-2026	Canonical-conformal-limits-of-subcritical-FK-planar-maps-September-24-2026/build/main.tex		resolution uniform		resolution uniform	0	0
212	2	0.190	divergent	Strict-convexity-and-differentiability-of-the-planar-exponential-first-passage-limit-shape-September-24-2026	Strict-convexity-and-differentiability-of-the-planar-exponential-first-passage-limit-shape-September-24-2026/build/main.tex	bound uniform	bound resolution uniform		resolution	0	0
213	2	0.120	divergent	Critical-bond-and-site-percolation-on-the-cubic-lattice-September-24-2026	Critical-bond-and-site-percolation-on-the-cubic-lattice-September-24-2026/build/critical-percolation-z3.tex	resolution	bound resolution		bound	0	0
214	1	0.022	divergent	Nonuniqueness-of-percolation-on-nonamenable-quasi-transitive-graphs-September-24-2026	Nonuniqueness-of-percolation-on-nonamenable-quasi-transitive-graphs-September-24-2026/build/main.tex	bound resolution		bound resolution		0	0
215	5	0.167	divergent	The-canonical-massive-continuum-limit-of-the-two-dimensional-O3-model-October-4-2026	The-canonical-massive-continuum-limit-of-the-two-dimensional-O3-model-October-4-2026/build/main.tex		bound resolution uniform		bound resolution uniform	0	0
216	6	0.132	divergent	The-critical-correlation-exponent-of-the-planar-XY-model-September-24-2026	The-critical-correlation-exponent-of-the-planar-XY-model-September-24-2026/build/paper.tex		bound conditional uniform		bound conditional uniform	0	1
217	2	0.205	divergent	The-low-temperature-Sherrington-Kirkpatrick-free-energy-limiting-law-September-24-2026	The-low-temperature-Sherrington-Kirkpatrick-free-energy-limiting-law-September-24-2026/build/main.tex	classification uniform	uniform	classification		0	0
218	6	0.142	divergent	Conformal-universality-of-bulk-Ising-correlations-under-weak-interactions-September-23-2026	Conformal-universality-of-bulk-Ising-correlations-under-weak-interactions-September-23-2026/build/main.tex	bound	bound conditional uniform		conditional uniform	0	1
219	2	0.135	divergent	Fixed-energy-universality-for-weak-Anderson-disorder-on-random-regular-graphs-October-5-2026	Fixed-energy-universality-for-weak-Anderson-disorder-on-random-regular-graphs-October-5-2026/build/paper.tex	uniform	density uniform		density	0	0
220	3	0.085	divergent	A-directional-zero-one-law-for-finite-range-dependent-random-environments-October-5-2026	A-directional-zero-one-law-for-finite-range-dependent-random-environments-October-5-2026/build/manuscript/main.tex	resolution uniform	bound resolution uniform		bound	0	0
221	1	0.239	divergent	The-Mezard-Parisi-formula-for-diluted-spin-glasses-September-23-2026	The-Mezard-Parisi-formula-for-diluted-spin-glasses-September-23-2026/build/main.tex		resolution		resolution	0	0
222	4	0.054	divergent	The-spherical-perceptron-with-bi-orthogonally-invariant-disorder-September-24-2026	The-spherical-perceptron-with-bi-orthogonally-invariant-disorder-September-24-2026/build/paper.tex	bound density	bound density uniform		uniform	0	0
223	6	0.120	divergent	Square-lattice-FK-interfaces-and-nested-loops-for-1-leq-q-lt-4-September-23-2026	Square-lattice-FK-interfaces-and-nested-loops-for-1-leq-q-lt-4-September-23-2026/build/main.tex	bound	bound uniform		uniform	0	0
224	3	0.277	divergent	Cardys-formula-for-critical-Poisson-Voronoi-percolation-September-23-2026	Cardys-formula-for-critical-Poisson-Voronoi-percolation-September-23-2026/build/paper.tex	bound	bound			0	0
225	1	0.361	divergent	The-Gaussian-free-field-limit-of-the-balanced-six-vertex-model-with-variance-multiplier-1-over-arcsin-c-over-2-September-23-2026	The-Gaussian-free-field-limit-of-the-balanced-six-vertex-model-with-variance-multiplier-1-over-arcsin-c-over-2-September-23-2026/build/main.tex					0	0
226	1	0.252	divergent	The-curve-scaling-limit-of-half-plane-double-dimers-September-23-2026	The-curve-scaling-limit-of-half-plane-double-dimers-September-23-2026/build/main.tex	resolution	resolution			0	0
227	8	0.186	divergent	Cutoff-throughout-the-high-temperature-Sherrington-Kirkpatrick-phase-September-24-2026	Cutoff-throughout-the-high-temperature-Sherrington-Kirkpatrick-phase-September-24-2026/build/paper.tex	partial	bound partial uniform		bound uniform	0	0
228	2	0.104	divergent	A-radial-continuum-phase-transition-with-algebraic-decay-September-24-2026	A-radial-continuum-phase-transition-with-algebraic-decay-September-24-2026/build/paper.tex	bound density	bound density			0	0
229	3	0.126	divergent	The-exact-reconstruction-threshold-for-the-three-state-symmetric-channel-September-25-2026	The-exact-reconstruction-threshold-for-the-three-state-symmetric-channel-September-25-2026/build/main.tex		bound resolution uniform		bound resolution uniform	0	0
230	2	0.125	divergent	An-exact-Hausdorff-gauge-for-SLE-September-25-2026	An-exact-Hausdorff-gauge-for-SLE-September-25-2026/build/main.tex	bound resolution	bound	resolution		0	0
231	1	0.019	divergent	The-free-uniform-spanning-forest-is-a-factor-of-IID-September-25-2026	The-free-uniform-spanning-forest-is-a-factor-of-IID-September-25-2026/build/paper.tex	uniform	uniform			0	0
232	3	0.056	divergent	The-Gaussian-free-field-limit-of-integer-Lipschitz-heights-with-two-arc-boundary-data-September-25-2026	The-Gaussian-free-field-limit-of-integer-Lipschitz-heights-with-two-arc-boundary-data-September-25-2026/build/paper.tex	bound uniform	bound resolution uniform		resolution	0	0
233	1	0.086	divergent	The-joint-scaling-limit-of-critical-Ashkin-Teller-currents-September-25-2026	The-joint-scaling-limit-of-critical-Ashkin-Teller-currents-September-25-2026/build/main.tex	bound	bound uniform		uniform	0	0
234	1	0.022	divergent	All-temperature-pressure-for-orthogonally-invariant-Ising-spin-glasses-September-25-2026	All-temperature-pressure-for-orthogonally-invariant-Ising-spin-glasses-September-25-2026/build/invariant-sk.tex					0	0
235	4	0.203	divergent	Variance-of-the-Random-k-SAT-Hitting-Time-September-27-2026	Variance-of-the-Random-k-SAT-Hitting-Time-September-27-2026/build/source/paper.tex	bound resolution uniform	bound density resolution uniform		density	0	0
236	1	0.125	divergent	The-sharp-factor-of-IID-threshold-for-the-free-Ising-model-on-regular-trees-September-26-2026	The-sharp-factor-of-IID-threshold-for-the-free-Ising-model-on-regular-trees-September-26-2026/build/main.tex	resolution	resolution uniform		uniform	0	0
237	13	0.110	divergent	Radial-transfer-estimates-and-polygon-length-laws-for-honeycomb-walks-September-26-2026	Radial-transfer-estimates-and-polygon-length-laws-for-honeycomb-walks-September-26-2026/build/main.tex	uniform	bound density partial uniform		bound density partial	0	0
238	12	0.213	divergent	Row-column-symmetry-and-contraction-of-coordinate-sweeps-September-26-2026	Row-column-symmetry-and-contraction-of-coordinate-sweeps-September-26-2026/build/main.tex		bound conditional density partial uniform		bound conditional density partial uniform	0	1
239	2	0.470	divergent	The-sharp-exponential-rate-of-singularity-for-symmetric-Bernoulli-matrices-October-3-2026	The-sharp-exponential-rate-of-singularity-for-symmetric-Bernoulli-matrices-October-3-2026/build/main.tex	bound partial uniform	uniform	bound partial		0	0
240	2	0.406	divergent	Eventual-Categoricity-for-Abstract-Elementary-Classes-September-24-2026	Eventual-Categoricity-for-Abstract-Elementary-Classes-September-24-2026/build/main.tex	bound conditional uniform	bound conditional uniform			1	1
241	1	0.652	divergent	Rigidity-of-the-Turing-degrees-September-24-2026	Rigidity-of-the-Turing-degrees-September-24-2026/build/main.tex	resolution	partial resolution		partial	0	0
242	1	0.606	divergent	Single-fold-Diophantine-representations-September-24-2026	Single-fold-Diophantine-representations-September-24-2026/build/main.tex	resolution undecidability	resolution	undecidability		0	0
243	2	0.058	divergent	Choiceless-polynomial-time-with-counting-does-not-capture-polynomial-time-September-23-2026	Choiceless-polynomial-time-with-counting-does-not-capture-polynomial-time-September-23-2026/build/main.tex	uniform		uniform		0	0
244	1	0.177	divergent	The-Partition-Principle-does-not-imply-Choice-September-24-2026	The-Partition-Principle-does-not-imply-Choice-September-24-2026/build/main.tex	conditional counterexample		conditional counterexample		1	0
245	1	0.277	divergent	Weak-and-strong-normalization-in-pure-type-systems-September-25-2026	Weak-and-strong-normalization-in-pure-type-systems-September-25-2026/build/paper.tex	resolution uniform	resolution	uniform		0	0
246	1	0.060	divergent	A-Modulus-Proof-of-Cannons-Conjecture-September-23-2026	A-Modulus-Proof-of-Cannons-Conjecture-September-23-2026/build/main.tex	bound	bound resolution		resolution	0	0
247	2	0.070	divergent	An-infinite-finitely-presented-periodic-group-September-23-2026	An-infinite-finitely-presented-periodic-group-September-23-2026/build/paper.tex	undecidability		undecidability		0	0
248	1	0.497	divergent	Thompsons-group-F-is-nonamenable-September-23-2026	Thompsons-group-F-is-nonamenable-September-23-2026/build/main.tex	resolution	resolution			0	0
249	1	0.791	divergent	A-finitely-generated-counterexample-to-the-Eilenberg-Ganea-conjecture-September-23-2026	A-finitely-generated-counterexample-to-the-Eilenberg-Ganea-conjecture-September-23-2026/build/main.tex					0	0
250	3	0.448	divergent	Simple-F-infinity-overgroups-of-groups-with-decidable-word-problem-September-23-2026	Simple-F-infinity-overgroups-of-groups-with-decidable-word-problem-September-23-2026/build/main.tex		classification resolution		classification resolution	0	0
251	2	0.072	divergent	Unitarizability-Implies-Amenability-for-Countable-Groups-September-23-2026	Unitarizability-Implies-Amenability-for-Countable-Groups-September-23-2026/build/sections/introduction.tex	bound resolution uniform	bound classification resolution uniform		classification	0	0
252	1	0.576	divergent	a-torsion-free-hyperbolic-group-that-is-not-residually-finite-September-23-2026	a-torsion-free-hyperbolic-group-that-is-not-residually-finite-September-23-2026/build/paper.tex					0	0
253	1	0.652	divergent	An-Infinite-Finitely-Presented-Simple-Amenable-Group-September-23-2026	An-Infinite-Finitely-Presented-Simple-Amenable-Group-September-23-2026/build/main.tex					0	0
254	3	0.430	divergent	An-Artin-group-with-no-geometric-CAT-0-action-September-23-2026	An-Artin-group-with-no-geometric-CAT-0-action-September-23-2026/build/main.tex	uniform	counterexample resolution uniform		counterexample resolution	0	0
255	1	0.385	divergent	quasi-isometric-recognition-of-virtually-polycyclic-groups-September-24-2026	quasi-isometric-recognition-of-virtually-polycyclic-groups-September-24-2026/build/main.tex	resolution uniform	resolution	uniform		0	0
256	2	0.490	divergent	Nonsingular-systems-of-equations-over-arbitrary-groups-October-5-2026	Nonsingular-systems-of-equations-over-arbitrary-groups-October-5-2026/build/main.tex	resolution uniform	resolution uniform			0	0
257	1	0.065	divergent	A-hyperbolic-group-with-no-geometric-CAT0-action-September-25-2026	A-hyperbolic-group-with-no-geometric-CAT0-action-September-25-2026/build/main.tex		bound		bound	0	0
258	2	0.673	divergent	Baumslag-Solitar-free-one-relator-groups-are-hyperbolic-September-25-2026	Baumslag-Solitar-free-one-relator-groups-are-hyperbolic-September-25-2026/build/source/paper.tex		resolution		resolution	0	0
259	1	0.342	divergent	A-group-without-fixed-price-October-5-2026	A-group-without-fixed-price-October-5-2026/build/paper.tex	bound	bound undecidability		undecidability	0	0
260	13	0.130	divergent	The-spacetime-Penrose-inequality-and-enclosing-area-September-27-2026	The-spacetime-Penrose-inequality-and-enclosing-area-September-27-2026/build/paper.tex	bound	bound classification conditional counterexample uniform		classification conditional counterexample uniform	0	1
261	2	0.036	divergent	Pure-Point-Spectrum-for-the-Two-Dimensional-Anderson-Model-at-Every-Positive-Disorder-September-23-2026	Pure-Point-Spectrum-for-the-Two-Dimensional-Anderson-Model-at-Every-Positive-Disorder-September-23-2026/build/paper.tex	resolution uniform	resolution uniform			0	0
262	3	0.362	divergent	Equality-cases-in-the-sharp-one-dimensional-matrix-Lieb-Thirring-inequality-October-5-2026	Equality-cases-in-the-sharp-one-dimensional-matrix-Lieb-Thirring-inequality-October-5-2026/build/main.tex	bound uniform	bound resolution uniform		resolution	0	0
263	3	0.256	divergent	Uniform-excess-charge-for-Coulomb-molecules-and-the-outer-radius-of-neutral-atoms-September-24-2026	Uniform-excess-charge-for-Coulomb-molecules-and-the-outer-radius-of-neutral-atoms-September-24-2026/build/main.tex	bound partial	bound partial uniform		uniform	0	0
264	3	0.046	divergent	Generic-C1-Future-Inextendibility-Near-Rotating-Subextremal-Kerr-Spacetimes-September-23-2026	Generic-C1-Future-Inextendibility-Near-Rotating-Subextremal-Kerr-Spacetimes-September-23-2026/build/main.tex		bound uniform		bound uniform	0	0
265	2	0.205	divergent	A-two-dimensional-area-law-from-a-global-spectral-gap-September-24-2026	A-two-dimensional-area-law-from-a-global-spectral-gap-September-24-2026/build/main.tex	bound partial uniform	bound partial uniform			0	0
266	2	0.259	divergent	The-maximum-number-of-mutually-unbiased-bases-in-dimension-six-September-24-2026	The-maximum-number-of-mutually-unbiased-bases-in-dimension-six-September-24-2026/build/paper.tex	resolution	bound resolution uniform		bound uniform	0	0
267	5	0.165	divergent	Bose-Einstein-condensation-at-positive-temperature-in-the-dilute-hard-sphere-gas-October-5-2026	Bose-Einstein-condensation-at-positive-temperature-in-the-dilute-hard-sphere-gas-October-5-2026/build/main.tex	bound density	bound density uniform		uniform	0	0
268	2	0.236	divergent	A-boundary-field-gap-for-the-spin-one-Heisenberg-chain-September-24-2026	A-boundary-field-gap-for-the-spin-one-Heisenberg-chain-September-24-2026/build/main.tex	bound resolution uniform	bound uniform	resolution		0	0
269	2	0.330	divergent	Uniform-Stability-of-the-Spherical-Laughlin-Gap-October-5-2026	Uniform-Stability-of-the-Spherical-Laughlin-Gap-October-5-2026/build/paper.tex	bound resolution uniform	bound partial uniform	resolution	partial	0	0
270	2	0.328	divergent	The-unique-threshold-bound-state-of-the-SU-N-BFSS-model-September-24-2026	The-unique-threshold-bound-state-of-the-SU-N-BFSS-model-September-24-2026/build/manuscript/main.tex	bound resolution uniform	bound counterexample uniform	resolution	counterexample	0	0
271	4	0.112	divergent	Blochs-Law-for-Finite-Range-Heisenberg-Ferromagnets-in-Three-Dimensions-October-5-2026	Blochs-Law-for-Finite-Range-Heisenberg-Ferromagnets-in-Three-Dimensions-October-5-2026/build/main.tex		density resolution uniform		density resolution uniform	0	0
272	1	0.276	divergent	Entanglement-with-zero-distillable-secret-key-in-local-dimension-ten-September-27-2026	Entanglement-with-zero-distillable-secret-key-in-local-dimension-ten-September-27-2026/build/source/main.tex	counterexample	counterexample resolution		resolution	0	0
273	1	0.132	divergent	The-entropy-photon-number-inequality-September-24-2026	The-entropy-photon-number-inequality-September-24-2026/build/main.tex	bound uniform	bound resolution uniform		resolution	0	0
274	2	0.316	divergent	Regular-trajectories-pruning-and-quantum-parity-September-24-2026	Regular-trajectories-pruning-and-quantum-parity-September-24-2026/build/paper.tex	bound resolution uniform	resolution uniform	bound		0	0
275	2	0.048	divergent	Continuum-Coulomb-hardness-with-binary-nuclear-charges-September-24-2026	Continuum-Coulomb-hardness-with-binary-nuclear-charges-September-24-2026/build/paper.tex					0	0
276	1	0.192	divergent	Classical-capacity-and-entropy-inequalities-for-generalized-amplitude-damping-September-24-2026	Classical-capacity-and-entropy-inequalities-for-generalized-amplitude-damping-September-24-2026/build/paper.tex					0	0
277	1	0.383	divergent	Threshold-parallel-repetition-for-finite-dimensional-entangled-games-September-25-2026	Threshold-parallel-repetition-for-finite-dimensional-entangled-games-September-25-2026/build/main.tex	uniform	uniform			0	0
278	1	0.155	divergent	A-Coulomb-Ground-State-Density-without-Kohn-Sham-Ensemble-Representation-September-25-2026	A-Coulomb-Ground-State-Density-without-Kohn-Sham-Ensemble-Representation-September-25-2026/build/main.tex	counterexample density	density	counterexample		0	0
279	1	0.533	divergent	Exact-quantum-factoring-over-a-fixed-finite-gate-set-September-25-2026	Exact-quantum-factoring-over-a-fixed-finite-gate-set-September-25-2026/build/main.tex	uniform	bound uniform		bound	0	0
280	1	0.071	divergent	Strongly-rational-unitary-vertex-operator-algebras-and-conformal-nets-September-25-2026	Strongly-rational-unitary-vertex-operator-algebras-and-conformal-nets-September-25-2026/build/main.tex	resolution	partial	resolution	partial	0	0
281	2	0.233	divergent	QAOA-attains-the-SK-ground-state-energy-in-the-thermodynamic-first-limit-September-25-2026	QAOA-attains-the-SK-ground-state-energy-in-the-thermodynamic-first-limit-September-25-2026/build/main.tex	uniform	bound resolution uniform		bound resolution	0	0
282	1	0.062	divergent	Scale-and-conformal-symmetry-in-four-dimensional-operational-quantum-field-theory-September-26-2026	Scale-and-conformal-symmetry-in-four-dimensional-operational-quantum-field-theory-September-26-2026/build/main.tex	bound conditional	bound	conditional		1	0
283	1	0.422	divergent	Polynomial-Time-Unitary-Synthesis-from-a-Boolean-Oracle-October-5-2026	Polynomial-Time-Unitary-Synthesis-from-a-Boolean-Oracle-October-5-2026/build/main.tex	bound uniform	partial uniform	bound	partial	0	0
284	1	0.216	divergent	A-Nearly-Quartic-Separation-Between-Randomized-and-Quantum-Query-Complexity-October-5-2026	A-Nearly-Quartic-Separation-Between-Randomized-and-Quantum-Query-Complexity-October-5-2026/build/main.tex	bound partial	bound partial			0	0
285	3	0.194	divergent	A-Torsion-Free-Counterexample-to-the-Kadison-Kaplansky-Projection-Conjecture-September-23-2026	A-Torsion-Free-Counterexample-to-the-Kadison-Kaplansky-Projection-Conjecture-September-23-2026/build/paper.tex	counterexample resolution	counterexample resolution			0	0
286	2	0.337	divergent	Arithmeticity-of-twisted-finite-correspondences-for-lattices-over-local-fields-September-23-2026	Arithmeticity-of-twisted-finite-correspondences-for-lattices-over-local-fields-September-23-2026/build/main.tex	classification uniform	bound classification partial uniform		bound partial	0	0
287	1	0.260	divergent	An-isomorphism-of-the-free-group-factors-September-23-2026	An-isomorphism-of-the-free-group-factors-September-23-2026/build/main.tex	resolution		resolution		0	0
288	1	0.367	divergent	Kadisons-similarity-theorem-through-uniform-derivation-estimates-September-23-2026	Kadisons-similarity-theorem-through-uniform-derivation-estimates-September-23-2026/build/main.tex	bound	bound resolution uniform		resolution uniform	0	0
289	3	0.176	divergent	Universal-strong-Kadison-Kastler-stability-September-23-2026	Universal-strong-Kadison-Kastler-stability-September-23-2026/build/main.tex	counterexample	counterexample resolution undecidability uniform		resolution undecidability uniform	0	0
290	2	0.086	divergent	Expected-amenable-subalgebras-preserving-core-commutants-September-23-2026	Expected-amenable-subalgebras-preserving-core-commutants-September-23-2026/build/paper.tex	resolution uniform	bound resolution uniform		bound	0	0
291	4	0.239	divergent	Equivariant-Jiang-Su-Stability-for-Amenable-Actions-in-the-Unital-Stably-Finite-Case-October-5-2026	Equivariant-Jiang-Su-Stability-for-Amenable-Actions-in-the-Unital-Stably-Finite-Case-October-5-2026/build/paper.tex	resolution uniform	bound resolution uniform		bound	0	0
292	1	0.337	divergent	An-explicit-obstruction-to-nuclear-norm-ultrapower-embeddings-September-23-2026	An-explicit-obstruction-to-nuclear-norm-ultrapower-embeddings-September-23-2026/build/paper.tex		undecidability		undecidability	0	0
293	2	0.159	divergent	Backward-intertwiners-and-a-transitive-commutant-September-27-2026	Backward-intertwiners-and-a-transitive-commutant-September-27-2026/build/paper.tex		bound resolution undecidability uniform		bound resolution undecidability uniform	0	0
294	1	0.519	divergent	A-counterexample-to-Kaplanskys-quasitrace-conjecture-September-23-2026	A-counterexample-to-Kaplanskys-quasitrace-conjecture-September-23-2026/build/01-introduction.tex	counterexample	counterexample			0	0
295	1	0.661	divergent	Vanishing-of-higher-bounded-Hochschild-cohomology-September-23-2026	Vanishing-of-higher-bounded-Hochschild-cohomology-September-23-2026/build/paper.tex	bound resolution	bound resolution			0	0
296	1	0.399	divergent	Relative-generation-and-the-generator-problem-for-finite-factors-September-23-2026	Relative-generation-and-the-generator-problem-for-finite-factors-September-23-2026/build/main.tex	resolution uniform		resolution uniform		0	0
297	1	0.298	divergent	A-counterexample-to-Naimarks-problem-in-ZFC-September-24-2026	A-counterexample-to-Naimarks-problem-in-ZFC-September-24-2026/build/main.tex	classification counterexample	undecidability	classification counterexample	undecidability	0	0
298	1	0.194	divergent	A-finite-entropy-separation-of-microstates-and-nonmicrostates-free-entropy-September-25-2026	A-finite-entropy-separation-of-microstates-and-nonmicrostates-free-entropy-September-25-2026/build/paper.tex	bound	bound counterexample		counterexample	0	0
299	1	0.169	divergent	The-Kirchberg-Rordam-character-criterion-September-25-2026	The-Kirchberg-Rordam-character-criterion-September-25-2026/build/paper.tex	uniform	classification uniform		classification	0	0
300	2	0.118	divergent	Quadratic-Strong-Operator-Paving-over-Arbitrary-Maximal-Abelian-Subalgebras-September-25-2026	Quadratic-Strong-Operator-Paving-over-Arbitrary-Maximal-Abelian-Subalgebras-September-25-2026/build/source/main.tex	bound resolution	bound partial uniform	resolution	partial uniform	0	0
301	1	0.258	divergent	The-trace-cone-classifies-Razak-Jacelon-stabilizations-September-25-2026	The-trace-cone-classifies-Razak-Jacelon-stabilizations-September-25-2026/build/paper.tex	resolution uniform	classification density uniform	resolution	classification density	0	0
302	2	0.384	divergent	Radius-of-comparison-equals-half-the-mean-dimension-September-25-2026	Radius-of-comparison-equals-half-the-mean-dimension-September-25-2026/build/paper.tex	bound partial uniform	bound partial uniform			0	0
303	1	0.436	divergent	Weak-pure-infiniteness-and-O-infinity-absorption-September-25-2026	Weak-pure-infiniteness-and-O-infinity-absorption-September-25-2026/build/manuscript.tex	resolution		resolution		0	0
304	1	0.066	divergent	The-Hilbert-Smith-conjecture-in-every-finite-dimension-September-23-2026	The-Hilbert-Smith-conjecture-in-every-finite-dimension-September-23-2026/build/main.tex	bound resolution	bound	resolution		0	0
305	3	0.255	divergent	A-marked-tensor-obstruction-to-four-dimensional-disk-embedding-September-24-2026	A-marked-tensor-obstruction-to-four-dimensional-disk-embedding-September-24-2026/build/sections/00-introduction.tex	counterexample	bound counterexample undecidability		bound undecidability	0	0
306	1	0.546	divergent	Purely-Cosmetic-Surgery-on-Knots-in-the-Three-Sphere-September-23-2026	Purely-Cosmetic-Surgery-on-Knots-in-the-Three-Sphere-September-23-2026/build/main.tex					0	0
307	2	0.254	divergent	Failure-of-rational-injectivity-for-maximal-coarse-assembly-October-5-2026	Failure-of-rational-injectivity-for-maximal-coarse-assembly-October-5-2026/build/main.tex	bound uniform	bound counterexample uniform		counterexample	0	0
308	2	0.235	divergent	Finite-Smith-Toda-Complexes-at-Varying-Primes-September-23-2026	Finite-Smith-Toda-Complexes-at-Varying-Primes-September-23-2026/build/main.tex	uniform	uniform			0	0
309	1	0.329	divergent	The-Kervaire-Invariant-Problem-at-the-Prime-Three-September-24-2026	The-Kervaire-Invariant-Problem-at-the-Prime-Three-September-24-2026/build/sections/introduction.tex	resolution		resolution		0	0
310	1	0.064	divergent	Rational-homology-and-Quillens-conjecture-September-24-2026	Rational-homology-and-Quillens-conjecture-September-24-2026/build/paper.tex	resolution uniform		resolution uniform		0	0
311	1	0.314	divergent	Stabilizer-Orbits-and-Thick-Tensor-Ideals-of-Dualizable-Kn-Local-Spectra-September-24-2026	Stabilizer-Orbits-and-Thick-Tensor-Ideals-of-Dualizable-Kn-Local-Spectra-September-24-2026/build/paper.tex	resolution	resolution			0	0
312	1	0.404	divergent	The-Grothendieck-homotopy-hypothesis-via-elementary-expansions-September-24-2026	The-Grothendieck-homotopy-hypothesis-via-elementary-expansions-September-24-2026/build/paper.tex		resolution uniform		resolution uniform	0	0
313	1	0.502	divergent	Finite-generation-for-the-Kn-local-sphere-September-24-2026	Finite-generation-for-the-Kn-local-sphere-September-24-2026/build/main.tex	resolution uniform	resolution uniform			0	0
314	1	0.144	divergent	Cyclic-Length-and-Chromatic-Fixed-Point-Loss-September-24-2026	Cyclic-Length-and-Chromatic-Fixed-Point-Loss-September-24-2026/build/paper.tex	bound uniform	resolution	bound uniform	resolution	0	0
315	1	0.703	divergent	The-Singer-conjecture-in-dimension-four-September-25-2026	The-Singer-conjecture-in-dimension-four-September-25-2026/build/paper.tex	uniform		uniform		0	0
316	1	0.084	divergent	The-Stable-Hurewicz-Image-of-the-Sphere-at-Two-September-25-2026	The-Stable-Hurewicz-Image-of-the-Sphere-at-Two-September-25-2026/build/paper.tex		uniform		uniform	0	0
317	1	0.312	divergent	Thomason-Model-Structures-in-Every-Strict-Higher-Dimension-September-25-2026	Thomason-Model-Structures-in-Every-Strict-Higher-Dimension-September-25-2026/build/paper.tex	resolution uniform	uniform	resolution		0	0
318	5	0.112	divergent	Failure-of-finite-assembly-for-a-chromatic-overlap-at-the-prime-three-September-25-2026	Failure-of-finite-assembly-for-a-chromatic-overlap-at-the-prime-three-September-25-2026/build/paper.tex	counterexample	undecidability uniform	counterexample	undecidability uniform	0	0
319	1	0.418	divergent	Counterexamples-to-the-Hahn-Wilson-conjecture-at-height-two-September-26-2026	Counterexamples-to-the-Hahn-Wilson-conjecture-at-height-two-September-26-2026/build/main.tex	counterexample uniform	counterexample uniform			0	0
320	1	0.404	divergent	Nonhomeomorphic-closed-aspherical-four-manifolds-with-the-same-homotopy-type-October-4-2026	Nonhomeomorphic-closed-aspherical-four-manifolds-with-the-same-homotopy-type-October-4-2026/build/paper.tex	counterexample		counterexample		0	0
321	1	0.090	divergent	A-Counterexample-to-Walls-D2-Problem-October-6-2026	A-Counterexample-to-Walls-D2-Problem-October-6-2026/build/main.tex	counterexample uniform	partial undecidability	counterexample uniform	partial undecidability	0	0
322	1	0.087	divergent	A-positive-solution-to-Tingleys-problem-September-23-2026	A-positive-solution-to-Tingleys-problem-September-23-2026/build/main.tex	resolution		resolution		0	0
323	1	0.376	divergent	Relative-independence-of-the-separable-quotient-problem-September-23-2026	Relative-independence-of-the-separable-quotient-problem-September-23-2026/build/main.tex	counterexample	density	counterexample	density	0	0
324	2	0.579	divergent	Lipschitz-Equivalent-Separable-Banach-Spaces-Need-Not-Be-Linearly-Isomorphic-September-24-2026	Lipschitz-Equivalent-Separable-Banach-Spaces-Need-Not-Be-Linearly-Isomorphic-September-24-2026/build/main.tex	resolution	undecidability	resolution	undecidability	0	0
325	2	0.212	divergent	The-complete-Crouzeix-theorem-September-23-2026	The-complete-Crouzeix-theorem-September-23-2026/build/main.tex	bound resolution uniform	bound density partial resolution uniform		density partial	0	0
326	1	0.227	divergent	The-cotype-cotype-conjecture-under-the-approximation-property-September-23-2026	The-cotype-cotype-conjecture-under-the-approximation-property-September-23-2026/build/main.tex	classification resolution	classification	resolution		0	0
327	1	0.305	divergent	Nontrivial-Markov-Type-Forces-Superreflexivity-September-23-2026	Nontrivial-Markov-Type-Forces-Superreflexivity-September-23-2026/build/main.tex	classification uniform	classification resolution uniform		resolution	0	0
328	1	0.668	divergent	Fixed-Points-of-Nonexpansive-Maps-in-Reflexive-Banach-Spaces-September-24-2026	Fixed-Points-of-Nonexpansive-Maps-in-Reflexive-Banach-Spaces-September-24-2026/build/paper.tex	bound resolution uniform	bound resolution	uniform		0	0
329	1	0.367	divergent	Counterexamples-to-the-duality-conjecture-for-metric-entropy-September-24-2026	Counterexamples-to-the-duality-conjecture-for-metric-entropy-September-24-2026/build/paper.tex	counterexample	bound counterexample uniform		bound uniform	0	0
330	1	0.662	divergent	Failure-of-Bounded-Approximation-in-a-Lipschitz-Free-Space-over-a-Uniformly-Discrete-Metric-Space-September-26-2026	Failure-of-Bounded-Approximation-in-a-Lipschitz-Free-Space-over-a-Uniformly-Discrete-Metric-Space-September-26-2026/build/main.tex	bound uniform	bound counterexample uniform		counterexample	0	0
331	7	0.301	divergent	Asymptotic-midpoint-uniform-convexity-and-unbounded-diamond-distortion-in-a-reflexive-tree-space-September-27-2026	Asymptotic-midpoint-uniform-convexity-and-unbounded-diamond-distortion-in-a-reflexive-tree-space-September-27-2026/build/main.tex	bound uniform	bound undecidability uniform		undecidability	0	0
332	1	0.837	divergent	Metric-Markov-Cotype-Two-of-l1-October-5-2026	Metric-Markov-Cotype-Two-of-l1-October-5-2026/build/main.tex	resolution uniform	resolution uniform			0	0
333	1	0.544	divergent	Smooth-isometric-immersions-of-closed-surfaces-into-Euclidean-four-space-September-23-2026	Smooth-isometric-immersions-of-closed-surfaces-into-Euclidean-four-space-September-23-2026/build/main.tex	resolution uniform	resolution	uniform		0	0
334	1	0.131	divergent	A-Smooth-Metric-with-No-Local-Isometric-Immersion-into-Three-Space-September-24-2026	A-Smooth-Metric-with-No-Local-Isometric-Immersion-into-Three-Space-September-24-2026/build/main.tex		undecidability		undecidability	0	0
335	2	0.216	divergent	Positive-scalar-curvature-forces-rational-inessentiality-September-23-2026	Positive-scalar-curvature-forces-rational-inessentiality-September-23-2026/build/main.tex	resolution uniform	bound resolution uniform		bound	0	0
336	3	0.485	divergent	Spectral-scalar-curvature-and-uniform-Urysohn-width-October-5-2026	Spectral-scalar-curvature-and-uniform-Urysohn-width-October-5-2026/build/main.tex	bound partial uniform	bound partial uniform			0	0
337	2	0.131	divergent	Generalized-Cartan-Hadamard-isoperimetry-and-Euclidean-equality-rigidity-September-23-2026	Generalized-Cartan-Hadamard-isoperimetry-and-Euclidean-equality-rigidity-September-23-2026/build/main.tex	bound partial uniform	bound partial resolution uniform		resolution	0	0
338	1	0.623	divergent	Uniformization-of-complete-Kahler-manifolds-with-positive-bisectional-curvature-September-23-2026	Uniformization-of-complete-Kahler-manifolds-with-positive-bisectional-curvature-September-23-2026/build/main.tex		resolution		resolution	0	0
339	1	0.123	divergent	Entropy-equality-and-local-symmetry-in-negative-curvature-September-23-2026	Entropy-equality-and-local-symmetry-in-negative-curvature-September-23-2026/build/main.tex	classification	classification resolution uniform		resolution uniform	0	0
340	1	0.898	divergent	A-counterexample-to-the-nearby-Lagrangian-conjecture-September-23-2026	A-counterexample-to-the-nearby-Lagrangian-conjecture-September-23-2026/build/main.tex	counterexample resolution	counterexample	resolution		0	0
341	1	0.137	divergent	Deforming-hypersymplectic-four-manifolds-to-hyperkahler-triples-September-23-2026	Deforming-hypersymplectic-four-manifolds-to-hyperkahler-triples-September-23-2026/build/main.tex		resolution		resolution	0	0
342	1	0.177	divergent	Taming-implies-compatibility-on-four-manifolds-September-23-2026	Taming-implies-compatibility-on-four-manifolds-September-23-2026/build/main.tex					0	0
343	1	0.095	divergent	Symplectic-Ball-Packings-in-Higher-Dimensions-September-23-2026	Symplectic-Ball-Packings-in-Higher-Dimensions-September-23-2026/build/main.tex	resolution uniform	classification	resolution uniform	classification	0	0
344	1	0.858	divergent	The-metric-Blaschke-theorem-September-23-2026	The-metric-Blaschke-theorem-September-23-2026/build/sections/00-introduction.tex	resolution		resolution		0	0
345	1	0.392	divergent	Infinitely-many-closed-geodesic-images-on-every-Riemannian-sphere-September-24-2026	Infinitely-many-closed-geodesic-images-on-every-Riemannian-sphere-September-24-2026/build/paper.tex		resolution uniform		resolution uniform	0	0
346	2	0.239	divergent	A-Codimension-One-Bound-for-the-Singular-Set-of-a-Stationary-Integral-Varifold-October-5-2026	A-Codimension-One-Bound-for-the-Singular-Set-of-a-Stationary-Integral-Varifold-October-5-2026/build/main.tex	bound partial	bound partial resolution uniform		resolution uniform	0	0
347	5	0.129	divergent	Sharpness-of-the-Cyclic-Integral-Floer-Bound-Below-the-Stable-Morse-Number-October-5-2026	Sharpness-of-the-Cyclic-Integral-Floer-Bound-Below-the-Stable-Morse-Number-October-5-2026/build/main.tex	bound counterexample	bound counterexample partial resolution uniform		partial resolution uniform	0	0
348	3	0.147	divergent	Zero-Plane-Rigidity-for-Einstein-Four-Manifolds-October-4-2026	Zero-Plane-Rigidity-for-Einstein-Four-Manifolds-October-4-2026/build/paper.tex		bound classification		bound classification	0	0
349	1	0.237	divergent	The-Solomon-Yau-least-volume-theorem-September-23-2026	The-Solomon-Yau-least-volume-theorem-September-23-2026/build/paper.tex	resolution uniform		resolution uniform		0	0
350	3	0.137	divergent	Power-law-violations-of-Yaus-nodal-upper-bound-September-23-2026	Power-law-violations-of-Yaus-nodal-upper-bound-September-23-2026/build/main.tex	bound counterexample partial	bound counterexample partial resolution		resolution	0	0
351	3	0.236	divergent	Bounded-scalar-curvature-and-smooth-extension-of-four-dimensional-Ricci-flow-September-24-2026	Bounded-scalar-curvature-and-smooth-extension-of-four-dimensional-Ricci-flow-September-24-2026/build/paper.tex	bound counterexample uniform	bound counterexample resolution uniform		resolution	0	0
352	1	0.160	divergent	A-finite-time-singularity-of-Calabi-flow-on-projective-space-September-24-2026	A-finite-time-singularity-of-Calabi-flow-on-projective-space-September-24-2026/build/main.tex	counterexample	counterexample			0	0
353	2	0.089	divergent	Smooth-Nonquadratic-Affine-Maximal-Graph-in-Dimension-Ten-October-5-2026	Smooth-Nonquadratic-Affine-Maximal-Graph-in-Dimension-Ten-October-5-2026/build/source/main.tex	bound classification uniform	bound counterexample uniform	classification	counterexample	0	0
354	1	0.071	divergent	The-Isoperimetric-Conjecture-for-the-Cubic-Flat-Three-Torus-September-24-2026	The-Isoperimetric-Conjecture-for-the-Cubic-Flat-Three-Torus-September-24-2026/build/paper.tex					0	0
355	1	0.182	divergent	Tangent-flow-uniqueness-2026-09-24	Tangent-flow-uniqueness-2026-09-24/build/paper.tex	bound	bound			0	0
356	2	0.134	divergent	Giglis-distributional-curvature-characterization-of-Alexandrov-spaces-September-24-2026	Giglis-distributional-curvature-characterization-of-Alexandrov-spaces-September-24-2026/build/main.tex	classification	bound classification resolution uniform		bound resolution uniform	0	0
357	1	0.141	divergent	Bi-Lipschitz-Coordinates-at-Regular-Points-of-Noncollapsed-RCD-Spaces-September-25-2026	Bi-Lipschitz-Coordinates-at-Regular-Points-of-Noncollapsed-RCD-Spaces-September-25-2026/build/source/paper.tex		partial resolution uniform		partial resolution uniform	0	0
358	1	0.611	divergent	A-Three-Manifold-Without-Conjugate-Points-and-Without-a-Nonpositively-Curved-Metric-September-24-2026	A-Three-Manifold-Without-Conjugate-Points-and-Without-a-Nonpositively-Curved-Metric-September-24-2026/build/main.tex					0	0
359	2	0.366	divergent	One-sided-negative-sectional-curvature-and-the-holomorphic-Liouville-property-September-25-2026	One-sided-negative-sectional-curvature-and-the-holomorphic-Liouville-property-September-25-2026/build/main.tex	bound partial	bound partial undecidability		undecidability	0	0
360	2	0.325	divergent	Global-Support-and-Convex-Injectivity-Domains-under-Weak-MTW-September-25-2026	Global-Support-and-Convex-Injectivity-Domains-under-Weak-MTW-September-25-2026/build/main.tex	bound resolution	bound density resolution		density	0	0
361	2	0.044	divergent	A-Three-Dimensional-Counterexample-to-Integer-Degree-Harmonic-Dimension-Comparison-September-26-2026	A-Three-Dimensional-Counterexample-to-Integer-Degree-Harmonic-Dimension-Comparison-September-26-2026/build/paper.tex	bound counterexample partial uniform	partial uniform	bound counterexample		0	0
362	1	0.253	divergent	Global-classical-solutions-of-the-three-dimensional-relativistic-Vlasov-Maxwell-system-September-23-2026	Global-classical-solutions-of-the-three-dimensional-relativistic-Vlasov-Maxwell-system-September-23-2026/build/main.tex	bound density uniform	bound density resolution uniform		resolution	0	0
363	2	0.369	divergent	Nonuniqueness-with-local-conservation-for-the-hard-sphere-Boltzmann-equation-October-5-2026	Nonuniqueness-with-local-conservation-for-the-hard-sphere-Boltzmann-equation-October-5-2026/build/main.tex	bound density	bound density			0	0
364	2	0.101	divergent	The-Boltzmann-Grad-limit-for-stable-radial-potentials-on-regular-kinetic-intervals-September-23-2026	The-Boltzmann-Grad-limit-for-stable-radial-potentials-on-regular-kinetic-intervals-September-23-2026/build/paper.tex	bound density uniform	bound density uniform			0	0
365	3	0.301	divergent	Determination-of-a-metric-and-a-unitary-connection-from-one-boundary-patch-October-5-2026	Determination-of-a-metric-and-a-unitary-connection-from-one-boundary-patch-October-5-2026/build/paper.tex	bound uniform	bound partial resolution uniform		partial resolution	0	0
366	1	0.471	divergent	Interior-regularity-of-planar-Mumford-Shah-minimizers-September-24-2026	Interior-regularity-of-planar-Mumford-Shah-minimizers-September-24-2026/build/main.tex	bound resolution	bound	resolution		0	0
367	1	0.147	divergent	The-critical-dimension-for-one-phase-Bernoulli-minimizers-September-24-2026	The-critical-dimension-for-one-phase-Bernoulli-minimizers-September-24-2026/build/paper.tex	bound partial	bound partial			0	0
368	2	0.929	divergent	Strong-diffeomorphic-approximation-in-three-dimensions-for-1-le-p-le-2-September-24-2026	Strong-diffeomorphic-approximation-in-three-dimensions-for-1-le-p-le-2-September-24-2026/build/main.tex	bound resolution uniform	bound resolution uniform			0	0
369	1	0.104	divergent	Strict-hot-spots-and-absence-of-interior-critical-points-on-smooth-simply-connected-planar-domains-September-24-2026	Strict-hot-spots-and-absence-of-interior-critical-points-on-smooth-simply-connected-planar-domains-September-24-2026/build/main.tex	bound	bound			0	0
370	1	0.316	divergent	The-Subcritical-Henon-Lane-Emden-Conjecture-September-24-2026	The-Subcritical-Henon-Lane-Emden-Conjecture-September-24-2026/build/main.tex	resolution	bound counterexample uniform	resolution	bound counterexample uniform	0	0
371	1	0.188	divergent	Stable-Self-Similar-Blowup-for-a-Supercritical-Defocusing-Schrodinger-Equation-on-the-Torus-September-24-2026	Stable-Self-Similar-Blowup-for-a-Supercritical-Defocusing-Schrodinger-Equation-on-the-Torus-September-24-2026/build/main.tex					0	0
372	1	0.387	divergent	Global-Uniqueness-for-the-Smooth-Isotropic-Elasticity-Inverse-Problem-September-24-2026	Global-Uniqueness-for-the-Smooth-Isotropic-Elasticity-Inverse-Problem-September-24-2026/build/main.tex	bound	bound resolution		resolution	0	0
373	1	0.019	divergent	A-counterexample-to-the-Monge-ansatz-for-the-three-marginal-Coulomb-cost-September-25-2026	A-counterexample-to-the-Monge-ansatz-for-the-three-marginal-Coulomb-cost-September-25-2026/build/paper.tex	density uniform	density uniform			0	0
374	1	0.227	divergent	Sharp-One-Third-Stability-of-Brenier-Maps-September-25-2026	Sharp-One-Third-Stability-of-Brenier-Maps-September-25-2026/build/source/main.tex	bound uniform	counterexample uniform	bound	counterexample	0	0
375	1	0.460	divergent	De-Giorgis-conjecture-in-dimension-eight-September-26-2026	De-Giorgis-conjecture-in-dimension-eight-September-26-2026/build/main.tex	bound	resolution	bound	resolution	0	0
376	9	0.074	divergent	Velocity-Field-Detection-of-Computation-in-Forced-Navier-Stokes-Flows-September-27-2026	Velocity-Field-Detection-of-Computation-in-Forced-Navier-Stokes-Flows-September-27-2026/build/main.tex		bound resolution uniform		bound resolution uniform	0	0
377	1	0.377	divergent	Uniform-Interior-C1alpha-Estimates-for-Infinity-Harmonic-Functions-October-4-2026	Uniform-Interior-C1alpha-Estimates-for-Infinity-Harmonic-Functions-October-4-2026/build/manuscript/main.tex	bound uniform	bound uniform			0	0
