fam	discipline	title	paps	paps_form	tier	chal	mainres	scope_note	scope_chars	verification	inputs	covmd	trace	shapes	conditional	resolves_named	counterex_broad	companions	companion_word	versions	summary
001	Number theory	Milne's rationality conjecture	1	0	T0	0	0	0	0	0	0	0		classification|uniform	0	1	0	032	0	0	1
002	Number theory	The full Birch--Swinnerton-Dyer formula in Selmer coranks zero and one	3	0	T0	0	0	0	0	0	0	0		density|uniform	0	0	0	006	0	0	1
003	Number theory	The quasi-Riemann hypothesis	3	2	T3	4	4	1	964	0	0	0		resolution|uniform	0	0	0		1	2	0
004	Number theory	Hilbert's tenth problem over $\mathbb Q$	2	0	T0	0	0	0	0	0	0	0		resolution|undecidability|uniform	0	1	1		0	0	1
005	Number theory	Irrationality of Catalan's constant	1	0	T2	1	0	1	159	0	0	0			0	0	0		0	0	0
006	Number theory	Goldfeld's conjecture	2	0	T0	0	0	0	0	0	0	0		density	0	1	0		0	0	1
007	Number theory	Two-point Chowla and the corrected binary Elliott conjecture	1	0	T2	2	0	1	599	0	0	0	ordinary-two-point-correlations	resolution|bound|uniform	0	1	0		0	0	1
008	Number theory	The Deligne--Drinfeld conjecture	1	1	T3	1	1	1	498	0	0	0		resolution	0	1	0		0	0	0
009	Number theory	Bogomolov--Pop and Milnor $K$-theoretic reconstruction	3	0	T2	1	0	1	687	0	0	0		classification	0	0	0		0	0	0
010	Number theory	Fontaine--Mazur modularity at the prime $2$ and $2$-adic pro-modularity	3	0	T0	0	0	0	0	0	0	0		resolution	0	0	0		0	0	1
011	Number theory	The Ford--Konyagin--Luca conjecture on prime predecessors	3	0	T0	0	0	0	0	0	0	0		resolution|uniform	0	1	0		0	0	1
012	Number theory	Independent largest prime factors of consecutive integers	1	0	T2	1	0	1	397	0	0	0		resolution|density	0	1	0		0	0	0
013	Number theory	Ostmann's inverse Goldbach conjecture	1	0	T2	2	0	1	424	0	0	0		resolution	0	1	0		0	0	0
014	Number theory	Restricted geometric Langlands, generic Ramanujan and Arthur parameters	8	0	T0	0	0	0	0	0	0	0		classification|partial|uniform|conditional	1	0	0		0	0	1
015	Number theory	Torus-packet equidistribution in prime, quartic, and sextic degrees	3	0	T2	1	0	1	435	0	0	0		uniform	0	0	0		0	0	0
016	Number theory	Zilber--Pink in abelian varieties and the Siegel threefold	4	0	T0	0	0	0	0	0	0	0		resolution|bound	0	1	0		0	0	1
017	Number theory	The irrationality exponent of $\pi$ is $2$	1	0	T2	1	0	1	412	0	0	0	irrationality-exponent-of-pi	uniform	0	0	0		0	0	1
018	Number theory	The Margulis--Platonov conjecture over global fields	2	0	T0	0	0	0	0	0	0	0		resolution|classification	0	1	0		0	0	1
019	Number theory	The $p$-adic section conjecture	2	0	T0	0	0	0	0	0	0	0			0	1	0		0	0	1
020	Number theory	Squarefree quartics and power-free polynomial values	1	1	T3	1	1	1	489	0	0	0		resolution|density	0	1	0		0	0	0
021	Number theory	A quadratic bound for Jacobsthal's function	1	1	T3	2	1	1	451	0	0	0		resolution|bound|partial|uniform	0	1	0		0	0	0
022	Number theory	The weak inhomogeneous Duffin--Schaeffer conjecture	1	0	T0	0	0	0	0	0	0	0		uniform	0	1	0		0	0	0
023	Number theory	Patterson’s first moment for cubic Gauss sums	1	0	T2	1	0	1	496	0	0	0		partial	0	0	0		0	0	0
024	Number theory	An asymptotic formula for the number of totients	1	0	T2	2	0	1	700	0	0	0		bound|uniform	0	1	0		0	0	0
025	Number theory	Erd\H{o}s’s short Egyptian-fraction conjecture	1	1	T3	2	1	1	805	0	0	0		resolution	0	1	0		0	0	0
026	Number theory	Positive lower density of large prime gaps	1	0	T2	1	0	1	352	0	0	0		density|uniform	0	0	0		0	0	0
027	Number theory	Integral density on curve character varieties	1	0	T0	0	0	0	0	0	0	0		resolution|bound|density|uniform	0	1	0		0	0	0
028	Number theory	The Gaussian moat conjecture	1	1	T3	1	1	1	460	0	0	0		resolution|bound|partial|uniform	0	1	0		0	0	0
029	Number theory	Artin's primitive root conjecture: infinitude for every base	2	0	T0	0	0	0	0	0	0	0		resolution|uniform	0	1	0		0	0	0
030	Number theory	Modularity over imaginary quadratic fields	1	0	T0	0	0	0	0	0	0	0		resolution	0	1	0		0	0	0
031	Number theory	Uchida's conjecture for open Galois homomorphisms	1	0	T0	0	0	0	0	0	0	0			0	1	0		0	0	0
032	Algebraic and complex geometry	The rational Hodge conjecture for CM abelian varieties and products of K3 surfaces	8	0	T0	0	0	0	0	0	0	0		resolution|classification|uniform	0	1	0		1	0	1
033	Algebraic and complex geometry	Campana's orbifold Iitaka conjecture and logarithmic subadditivity	5	0	T2	1	0	1	675	0	0	0		bound	0	1	0		0	0	0
034	Algebraic and complex geometry	Log abundance and effective Iitaka fibrations	14	0	T0	0	0	0	0	0	0	0		resolution|bound|classification|uniform	0	1	0		0	0	0
035	Algebraic and complex geometry	Threefold log abundance in numerical dimension one in characteristic $p>3$	2	0	T0	0	0	0	0	0	0	0		bound|classification	0	0	0		0	0	0
036	Algebraic and complex geometry	Numerical semiampleness and generalized minimal models	4	0	T0	0	0	0	0	0	0	0		classification	0	0	0		0	0	0
037	Algebraic and complex geometry	The sharp ordinary-double-point volume gap	2	0	T0	0	0	0	0	0	0	0		resolution|bound|partial	0	1	0		0	0	0
038	Algebraic and complex geometry	Fujita's freeness conjecture	1	0	T0	0	0	0	0	0	0	0		bound|uniform	0	1	0		0	0	0
039	Algebraic and complex geometry	Nagata's conjecture and maximal Seshadri constants	4	2	T3	2	2	1	1231	0	0	0		bound|classification|uniform	0	1	0		0	0	0
040	Algebraic and complex geometry	Bloch's conjecture for complex surfaces	1	0	T0	0	0	0	0	0	0	0		uniform	0	1	0		0	0	0
041	Algebraic and complex geometry	Hyperk\"ahler SYZ and projective-space bases	2	0	T0	0	0	0	0	0	0	0		resolution	0	1	0		0	0	0
042	Algebraic and complex geometry	Oka classification for K3 surfaces and other compact complex surfaces	1	0	T0	0	0	0	0	0	0	0			0	0	0		0	0	0
043	Algebraic and complex geometry	$P=W$ for fixed-determinant moduli spaces	1	0	T0	0	0	0	0	0	0	0			0	1	0		0	0	0
044	Algebraic and complex geometry	The equivariant cohomological Hikita conjecture for quivers	1	0	T0	0	0	0	0	0	0	0		uniform	0	1	0		0	0	0
046	Algebraic and complex geometry	Counterexamples to Shafarevich holomorphic convexity	2	0	T0	0	0	0	0	0	0	0		counterexample	0	0	1		0	0	0
047	Algebraic and complex geometry	Complex counterexamples to cancellation and affine fibrations	1	1	T3	1	1	1	450	0	0	0		resolution|counterexample	0	1	1		0	0	0
048	Algebraic and complex geometry	A characteristic-zero counterexample to Lipman--Zariski	1	0	T0	0	0	0	0	0	0	0		classification	0	1	1		0	0	0
049	Algebraic and complex geometry	A stable-coordinate counterexample in four variables	2	1	T3	2	2	1	676	0	0	0			0	1	1		0	0	0
050	Algebraic and complex geometry	A counterexample to Griffiths' positivity conjecture	1	1	T3	1	1	1	560	0	0	0			0	1	1		0	0	0
051	Algebraic and complex geometry	Kobayashi's canonical-ampleness conjecture	1	0	T0	0	0	0	0	0	0	0			0	1	0		0	0	0
052	Algebraic and complex geometry	Tangent-bundle splittings and universal covers	2	1	T3	2	1	1	1131	0	0	0			0	1	0		0	0	0
053	Algebraic and complex geometry	A counterexample to Pixton's original completeness conjecture	1	0	T0	0	0	0	0	0	0	0		counterexample	0	1	1		0	0	0
054	Algebraic and complex geometry	Counterexamples to Kuznetsov's rationality conjecture	1	0	T0	0	0	0	0	0	0	0		counterexample|uniform	0	1	1		0	0	0
055	Algebraic and complex geometry	Toda's Gepner conjecture and large-volume stability	2	0	T0	0	0	0	0	0	0	0		uniform	0	1	0		0	0	0
056	Algebraic and complex geometry	Termination of fourfold minimal model programs	5	0	T0	0	0	0	0	0	0	0		bound|classification|uniform	0	0	0		0	2	0
057	Algebraic and complex geometry	Campana's abelianity conjecture and special varieties	3	0	T0	0	0	0	0	0	1	0		partial	0	1	0		0	0	0
058	Algebraic and complex geometry	The Koll\'ar--Pardon universal-cover conjecture	2	1	T3	1	1	1	394	0	0	0		resolution|bound	0	1	0		0	0	0
059	Algebraic and complex geometry	Counterexamples to Zariski's multiplicity conjecture	2	0	T0	0	0	0	0	1	0	0		counterexample	0	1	1		0	0	0
060	Algebraic and complex geometry	The Global Spherical Shell conjecture	1	0	T0	0	0	0	0	0	0	0			0	1	0		0	0	0
062	Algebraic and complex geometry	The LeBrun--Salamon conjecture and projective contact classification	1	0	T0	0	0	0	0	0	0	0		resolution	0	1	0		0	0	0
063	Algebraic and complex geometry	The generalized Mukai conjecture	1	0	T0	0	0	0	0	0	0	0		resolution	0	1	0		0	0	0
064	Algebraic and complex geometry	The $\mu$-constant problem for surface singularities	1	0	T0	0	0	0	0	0	0	0		resolution|uniform	0	1	0		0	0	0
065	Algebraic and complex geometry	Virasoro constraints for complete intersections and projective bundles	2	0	T0	0	0	0	0	0	0	0		resolution|uniform	0	1	0		0	0	0
066	Algebraic and complex geometry	Bounded klt complements for Fano contractions	2	0	T0	0	0	0	0	0	0	0		bound|classification	0	1	0		0	0	0
067	Algebraic and complex geometry	The Campana--Peternell conjecture in dimension six	1	0	T0	0	0	0	0	1	0	0		resolution	0	1	0		0	0	0
068	Algebraic and complex geometry	Anticanonical nonvanishing under smooth semipositivity	7	0	T0	0	0	0	0	0	0	0			0	0	0		0	0	0
069	Algebraic and complex geometry	Quantum geometric Langlands at irrational level	1	0	T0	0	0	0	0	0	0	0		uniform	0	0	0		0	0	0
071	Real and complex analysis	Koebe's circle-domain conjecture and circle-domain rigidity	2	0	T2	1	0	1	890	0	0	0		resolution|bound	0	1	0		0	0	0
072	Real and complex analysis	Brennan's conjecture and a counterexample to Kraetzer's prediction	2	2	T3	3	3	1	1077	0	0	0		counterexample|bound|uniform	0	1	1		0	0	0
073	Real and complex analysis	The Falconer distance conjecture	1	1	T3	2	1	1	349	0	0	0		resolution	0	1	0		0	0	0
074	Real and complex analysis	Kakeya in three and four dimensions	2	0	T0	0	0	0	0	0	0	0		resolution|uniform	0	1	0		0	0	0
075	Real and complex analysis	The $L\log L$ Fourier-convergence conjecture	1	0	T0	0	0	0	0	0	0	0		resolution|partial	0	1	0		0	0	0
076	Real and complex analysis	Ultraflat real Littlewood polynomials	3	1	T3	2	1	1	575	0	0	0		bound|uniform	0	1	1		0	0	0
077	Real and complex analysis	Fourier restriction for positively curved surfaces	2	0	T0	0	0	0	0	0	0	0		resolution|bound|uniform	0	1	0		0	0	0
078	Real and complex analysis	The three-dimensional Bochner--Riesz conjecture	1	0	T0	0	0	0	0	0	0	0		resolution|bound|uniform	0	1	0		0	0	0
079	Real and complex analysis	Sogge's local smoothing conjecture in dimension three	1	0	T0	0	0	0	0	0	0	0		resolution	0	1	0		0	0	0
080	Real and complex analysis	The Sobolev endpoint in Carleson's Schr\"odinger convergence problem	2	0	T0	0	0	0	0	0	0	0		bound|uniform	0	1	0		0	0	0
081	Real and complex analysis	The David--Semmes Riesz-transform problem in higher codimension	1	1	T3	1	1	1	562	0	0	0		resolution|bound|uniform	0	1	0		0	0	0
082	Real and complex analysis	Maximal and variational bounds for the triangular Hilbert transform	3	1	T3	1	1	1	433	0	0	0		resolution|bound|uniform	0	0	0		0	0	0
083	Real and complex analysis	Stein's conjecture for Hilbert transforms along Lipschitz directions	1	0	T2	1	0	1	582	0	0	0		bound|uniform	0	1	0		0	0	0
084	Real and complex analysis	The geometric case of the Erd\H{o}s similarity conjecture	2	0	T2	1	0	1	375	0	0	0		resolution|uniform	0	1	0		0	0	0
085	Real and complex analysis	Endpoint regularity of the planar centered maximal function	1	1	T3	2	1	1	611	0	0	0		resolution|uniform	0	1	0		0	0	0
086	Real and complex analysis	An $L^3$ bound for the trilinear Hilbert transform	1	0	T0	0	0	0	0	0	0	0		resolution|bound	0	1	0		0	0	0
087	Convex and metric geometry	The Mahler conjectures and symplectic width	3	2	T3	4	3	1	1277	1	0	0	symmetric-and-general-mahler-conjectures	resolution|bound|classification	0	1	0		0	0	1
088	Convex and metric geometry	Petty's projection-volume conjecture and simplex counterexamples	2	2	T3	3	3	1	921	0	0	0		bound	0	1	1		0	0	0
089	Convex and metric geometry	Bounded-distortion $L_1$ embeddings of planar and bounded-treewidth graphs	2	2	T3	2	2	1	944	0	0	0		resolution|bound|uniform	0	1	0		0	0	0
090	Convex and metric geometry	Universal optimality of the triangular lattice	4	0	T2	4	0	1	1216	4	0	0		resolution|density|uniform	0	1	0		0	0	0
091	Convex and metric geometry	The logarithmic Brunn--Minkowski conjecture	1	1	T3	1	1	1	437	0	0	0		bound	0	1	0		0	0	0
092	Convex and metric geometry	The optimal order of convex-body covering density	2	1	T3	2	1	1	670	0	0	0		density|partial	0	0	0		0	0	0
093	Convex and metric geometry	Dimension-free logarithmic Sobolev inequality for subgaussian log-concave measures	1	0	T0	0	0	0	0	0	0	0		bound|uniform	0	0	0		0	0	0
094	Convex and metric geometry	Subpolynomial dimension reduction in $L_p$	1	1	T3	1	1	1	563	0	0	0		partial|uniform	0	1	0		0	0	0
095	Convex and metric geometry	Hyperbolicity cones without semidefinite lifts	3	1	T3	1	1	1	384	0	0	0		resolution|counterexample	0	1	1		0	0	0
096	Convex and metric geometry	The Gaussian propeller conjecture	1	1	T3	1	1	1	515	0	0	0		bound|partial	0	1	0		0	0	0
097	Convex and metric geometry	The Euclidean Steinitz--Bergstr\"om conjecture	1	1	T3	1	1	1	464	0	0	0		bound|partial	0	1	0		0	0	0
098	Convex and metric geometry	A negative answer to the Lang--Plaut problem	1	1	T3	2	2	1	424	0	0	0			0	1	1		0	0	0
099	Convex and metric geometry	The sharp distortion of edit distance into $\ell_1$	3	0	T2	4	0	1	1653	0	0	0		bound|partial|uniform	0	0	0		0	0	0
100	Convex and metric geometry	A counterexample to Bang's cylinder-covering bound	4	0	T2	3	0	1	2568	0	0	0		counterexample|bound	0	1	1		0	0	0
101	Convex and metric geometry	The sharp simplex conjecture for isotropic constants	1	0	T0	0	0	0	0	1	0	0		resolution|bound	0	1	0		0	0	0
102	Theoretical computer science	The Unique Games Conjecture and optimal approximation thresholds	5	3	T3	5	3	1	2465	0	0	0	basic-semidefinite-threshold-np-hardness		0	1	0		0	0	1
103	Theoretical computer science	Derandomization of logarithmic space: $\mathsf L=\mathsf{RL}=\mathsf{BPL}$	1	0	T0	0	0	0	0	0	0	0		resolution|bound	0	0	0		0	0	0
104	Theoretical computer science	Quasipolynomial algorithms for mean-payoff, stochastic and parity games	4	1	T3	2	1	1	602	0	0	0			0	0	0		0	0	0
105	Theoretical computer science	The 2-to-1 Games Conjecture with perfect completeness	1	1	T3	1	1	1	481	0	0	0		partial|uniform	0	1	0		0	0	0
106	Theoretical computer science	Hardness of coloring three-colorable graphs	1	1	T3	1	1	1	491	0	0	0		uniform	0	0	0		0	0	0
107	Theoretical computer science	Matrix multiplication with exponent at most $9/4$	3	3	T3	2	2	1	1004	2	0	0		bound|classification	0	0	0		0	0	0
108	Theoretical computer science	A cubic permanent--determinant lower bound	1	0	T2	2	0	1	605	0	0	0		bound	0	0	0		0	0	0
109	Theoretical computer science	Integer multiplication below $n\log n$	1	0	T0	0	0	0	0	0	0	0		resolution|counterexample	0	1	1		0	0	0
110	Theoretical computer science	Optimal-order randomized $k$-server on arbitrary metrics	2	0	T2	2	0	1	1146	0	0	0		bound|uniform	0	0	0		0	0	0
111	Theoretical computer science	One-sample matroid prophet inequalities against an almighty adversary	1	0	T2	2	0	1	741	0	0	0		uniform	0	0	0		0	0	0
112	Theoretical computer science	Beyond the square-root exponent for depth-three circuits	1	1	T3	1	1	1	493	0	0	0		bound	0	0	0		0	0	0
113	Theoretical computer science	Approximate counting and the perfect-matching entropy conjecture	2	1	T3	6	3	1	1409	0	0	0		resolution|bound|uniform	0	1	0		0	0	0
114	Theoretical computer science	Approximate counting of common integer polymatroid bases	2	1	T3	1	1	1	537	0	0	0			0	0	0		0	0	0
115	Theoretical computer science	Sampling and counting contingency tables with arbitrary margins	2	0	T2	1	0	1	1392	0	0	0		bound|uniform	0	0	0		0	0	0
116	Theoretical computer science	Uniform identity testing for noncommutative formulas	3	1	T3	2	1	1	1018	0	0	0		bound|classification	0	0	0		0	0	0
117	Theoretical computer science	Uniform sparsest cut: hardness and semidefinite gaps	2	1	T3	1	1	1	520	0	0	0		bound|uniform	0	0	0		0	0	0
118	Theoretical computer science	Unbounded bin-packing gaps and the modified integer round-up conjecture	1	1	T3	1	1	1	604	0	0	0		resolution|counterexample|partial	0	1	1		0	0	0
119	Theoretical computer science	The Courtade--Kumar and Hellinger conjectures	2	1	T3	2	1	1	719	1	0	0		resolution|uniform	0	1	0		0	0	0
120	Theoretical computer science	Almost-linear-time exact matching in general graphs	1	0	T0	0	0	0	0	0	0	0		bound	0	0	0		0	0	0
121	Theoretical computer science	Almost-linear expected-time approximation of edit distance	1	0	T2	1	0	1	581	0	0	0		bound|uniform	0	0	0		0	0	0
122	Theoretical computer science	Superpolynomial lower bounds and quasipolynomial reconstruction from deletion traces	3	0	T2	1	0	1	652	0	0	0		bound|partial|uniform	0	0	0		0	0	0
124	Theoretical computer science	Polynomial-time scheduling on three identical machines	1	0	T2	1	0	1	436	0	0	0		resolution|uniform	0	1	0		0	0	0
125	Theoretical computer science	The approximation threshold for metric $k$-median	2	1	T3	4	1	1	1264	0	0	0		uniform|conditional	1	0	0		0	0	0
126	Theoretical computer science	Exponential semidefinite complexity of perfect matching	1	0	T2	2	0	1	556	0	0	0		bound|uniform	0	1	1		0	0	0
127	Theoretical computer science	The asymptotic Gotsman--Linial conjecture	1	1	T3	1	1	1	359	0	0	0		partial|uniform	0	1	0		0	0	0
128	Theoretical computer science	A factor-two approximation for shortest common superstring	1	1	T3	1	1	1	442	0	0	0		partial|uniform	0	0	0		0	0	0
129	Theoretical computer science	Exponential state costs for two-way automata	2	2	T3	3	3	1	1263	0	0	0		resolution|bound	0	1	0		0	0	0
130	Theoretical computer science	Fourier transforms below $n\log n$	2	1	T3	1	1	1	525	0	0	0		uniform	0	0	0		0	0	0
131	Theoretical computer science	Polynomial mixing of graph switches with prescribed degrees	1	0	T2	1	0	1	587	0	0	0		resolution|uniform	0	1	0		0	0	0
132	Theoretical computer science	A counterexample to the quadratic sensitivity conjecture	1	1	T3	1	1	1	477	0	0	0			0	1	1		0	0	0
133	Theoretical computer science	The complexity of Weisfeiler--Leman refinement	4	0	T2	4	0	1	2165	0	0	0		bound	0	0	0		0	0	0
134	Theoretical computer science	Generalized star height at most three	3	0	T2	1	0	1	1249	0	0	0		resolution|bound|partial|uniform	0	1	0		0	0	0
135	Theoretical computer science	Sharp homogeneous depth-five complexity of matrix products	1	0	T2	1	0	1	629	0	0	0		bound|classification	0	0	0		0	0	0
136	Theoretical computer science	The quasilinear PCP-for-PPAD conjecture	1	0	T0	0	0	0	0	0	0	0		resolution	0	1	0		0	0	0
137	Theoretical computer science	One-tape time simulation in two-fifths-power space	1	0	T0	0	0	0	0	0	0	0		bound|partial	0	0	0		0	0	0
138	Theoretical computer science	Subset Sum in $O(2^{0.49n})$ time	2	0	T0	0	0	0	0	0	0	0		bound|uniform	0	0	0		0	0	0
139	Theoretical computer science	Subpolynomial queries for log-concave sampling	1	1	T3	1	1	1	545	0	0	0		bound|uniform	0	0	0		0	0	0
140	Theoretical computer science	Memory--sample lower bounds for noiseless Gaussian regression	6	5	T3	8	5	1	5397	0	0	0		partial|uniform	0	0	0		0	0	0
141	Theoretical computer science	The existential theory of the reals and existential--universal sentences in the counting hierarchy	1	0	T0	0	0	0	0	0	0	0			0	0	0		0	0	0
142	Theoretical computer science	Deterministic polynomial factorization over prime fields	1	0	T0	0	0	0	0	0	0	0		uniform	0	0	0		0	0	0
143	Dynamical systems and ergodic theory	Uniform limit-cycle bounds in Hilbert's sixteenth problem	2	1	T3	1	1	1	348	0	0	0		resolution|bound|uniform	0	1	0		0	0	0
144	Dynamical systems and ergodic theory	Banach's simple Lebesgue-spectrum problem	1	0	T2	1	0	1	543	0	0	0		resolution	0	1	0		0	0	0
145	Dynamical systems and ergodic theory	Rokhlin's multiple-mixing problem	1	0	T2	1	0	1	377	0	0	0		resolution	0	1	0		0	0	0
146	Dynamical systems and ergodic theory	Sinai's positive-entropy conjecture for the standard map	1	0	T2	3	0	1	599	0	0	0		uniform	0	1	0		0	0	0
147	Dynamical systems and ergodic theory	The near-boundary Birkhoff conjecture	2	0	T0	0	0	0	0	0	0	0		resolution|bound	0	1	0		0	0	0
148	Dynamical systems and ergodic theory	The dimension formula for self-similar measures on the line	1	1	T3	2	1	1	751	0	0	0		resolution|uniform	0	1	0		0	0	0
149	Dynamical systems and ergodic theory	Permanence for weakly reversible reaction networks	2	0	T2	1	0	1	564	0	0	0		resolution|bound|uniform	0	1	0		0	0	0
150	Dynamical systems and ergodic theory	Weak mixing of irrational triangular billiards	2	0	T2	1	0	1	481	0	0	0		uniform	0	0	0		0	0	0
151	Dynamical systems and ergodic theory	A $C^1$ counterexample to Shub’s entropy conjecture	1	0	T2	1	0	1	508	0	0	0		counterexample|bound	0	1	1		0	0	0
152	Dynamical systems and ergodic theory	Zero entropy does not guarantee a smooth positive-volume model	1	0	T2	1	0	1	583	0	0	0		density	0	0	0		0	0	0
153	Dynamical systems and ergodic theory	Arithmetic classification of Bernoulli convolutions	1	0	T0	0	0	0	0	1	0	0		uniform	0	0	0		0	0	0
154	Dynamical systems and ergodic theory	Pointwise multiple ergodic averages for mixing transformations	4	0	T0	0	0	0	0	0	0	0		bound	0	0	0		0	0	0
155	Combinatorics	A counterexample to periodic tiling in dimension three	1	1	T3	1	1	1	502	0	0	0		counterexample|uniform	0	1	1		0	0	0
156	Combinatorics	Borsuk's conjecture fails in dimension nine	1	1	T3	1	1	1	435	0	0	0			0	1	1		0	0	0
157	Combinatorics	Counterexamples to the Hadwiger and Colin de Verdi\`ere conjectures	3	0	T2	1	0	1	375	0	1	0		counterexample|bound|partial	0	1	1		0	0	0
158	Combinatorics	The Euclidean plane cannot be colored with five colors	1	1	T3	2	2	1	396	0	0	0			0	1	0		0	0	0
159	Combinatorics	Erd\H{o}s's reciprocal-sum conjecture and quasipolynomial Szemer\'edi bounds	1	0	T2	1	0	1	481	0	0	0	quasipolynomial-arithmetic-progressions	partial	0	1	0		0	0	1
160	Combinatorics	Superexponential van der Waerden numbers	1	1	T3	1	1	1	459	0	0	0		resolution|uniform	0	1	0		0	0	0
161	Combinatorics	Counterexamples to Sidorenko's conjecture and the forcing conjecture	1	0	T2	1	0	1	415	0	0	0		resolution|counterexample|density	0	1	1		0	0	0
162	Combinatorics	Counterexamples to Ryser's covering and Gy\'arf\'as's tree-cover conjectures	2	1	T3	3	2	1	1084	0	0	0		counterexample|bound|uniform	0	1	1		0	0	0
164	Combinatorics	Hindman's finite sums and products conjecture	1	0	T0	0	0	0	0	0	0	0			0	1	0		0	0	0
165	Combinatorics	Exact crossing numbers of complete and complete bipartite graphs	2	2	T3	2	2	1	781	0	0	0		resolution	0	1	0		0	0	0
166	Combinatorics	The higher-dimensional Erd\H{o}s distinct-distances conjecture	1	0	T0	0	0	0	0	0	0	0		resolution|bound|uniform	0	1	0		0	0	0
167	Combinatorics	Pinned distances and a power saving for planar unit distances	2	1	T3	2	1	1	906	0	0	0		resolution|bound|uniform	0	1	0		0	0	0
168	Combinatorics	Combinatorial invariance of Kazhdan--Lusztig polynomials	1	0	T2	1	0	1	375	0	0	0		resolution|uniform	0	1	0		0	0	0
169	Combinatorics	The Shareshian--Wachs $e$-positivity conjecture	1	0	T2	1	0	1	523	0	0	0		resolution	0	1	0		0	0	0
170	Combinatorics	Sharp logarithmic exponents for off-diagonal Ramsey numbers	2	0	T2	2	0	1	843	0	0	0		bound|uniform	0	0	0		0	0	0
171	Combinatorics	The hypercube Ramsey conjecture	1	0	T0	0	0	0	0	0	0	0		resolution	0	1	0		0	0	0
172	Combinatorics	Classification of finite Euclidean Ramsey configurations	1	1	T3	7	2	1	919	0	0	0		resolution|counterexample|classification	0	1	1		0	0	0
173	Combinatorics	Seymour's second-neighborhood conjecture	1	1	T3	1	1	1	393	0	0	0		uniform	0	1	0		0	0	0
174	Combinatorics	Deterministic construction of strong thin spanning trees	2	1	T3	2	1	1	935	0	0	0		resolution|partial	0	1	0		0	0	0
175	Combinatorics	Talagrand's conjectures and graph decompositions at expectation thresholds	3	2	T3	2	2	1	858	0	0	0		resolution|bound|partial	0	1	0		0	0	0
176	Combinatorics	The second Kahn--Kalai conjecture	1	1	T3	1	1	1	421	0	0	0		resolution|density|partial|uniform	0	1	0		0	0	0
177	Combinatorics	Bounded-degree coboundary expanders in every dimension	1	0	T2	1	0	1	506	0	0	0		bound|uniform	0	0	0		0	0	0
178	Combinatorics	Deterministic nonbipartite Ramanujan graphs in every fixed degree	1	0	T0	0	0	0	0	0	0	0		uniform	0	0	0		0	0	0
179	Combinatorics	The circulant Hadamard conjecture	1	1	T3	2	1	1	559	0	0	0		resolution|partial	0	1	0		0	0	0
180	Combinatorics	Barnette's Hamiltonian-cycle conjecture	1	0	T2	1	0	1	280	0	0	0		resolution	0	1	0		0	0	0
181	Combinatorics	The Erd\H{o}s--Gallai cycle-decomposition conjecture	1	1	T3	1	1	1	421	0	0	0		resolution|bound|partial	0	1	0		0	0	0
182	Combinatorics	Power savings for polynomial-difference-free sets	3	0	T2	1	0	1	311	0	0	0		uniform	0	0	0		0	0	0
183	Combinatorics	Power savings for planar halving lines and $k$-sets	1	0	T2	1	0	1	496	0	0	0		bound	0	0	0		0	0	0
184	Combinatorics	Coloring and independence in graphs with forbidden subgraphs	2	1	T3	1	1	1	335	0	0	0		resolution|partial	0	1	0		0	0	0
185	Combinatorics	Counterexamples to infinite matroid intersection and packing/covering	1	1	T3	2	1	1	667	0	0	0		counterexample	0	1	1		0	0	0
186	Combinatorics	The Friedgut--Kalai graph and hypergraph threshold conjectures	2	0	T2	1	0	1	500	0	0	0		resolution|bound|partial|uniform	0	1	0		0	0	0
187	Combinatorics	Snaky in 21 Maker moves	1	0	T2	3	0	1	726	1	0	0		resolution	0	1	0		0	0	0
188	Combinatorics	The sharp constant in random triangle removal	1	0	T2	1	0	1	443	0	0	0		resolution|bound|uniform	0	1	0		0	0	0
189	Combinatorics	Exact cycle--clique Ramsey numbers	1	0	T2	1	0	1	345	1	0	0		resolution|uniform	0	1	0		0	0	0
190	Combinatorics	Polynomial removal fails for ordered binary matrices	1	1	T3	1	1	1	498	0	0	0		counterexample|bound|density	0	0	1		0	0	0
191	Combinatorics	A power improvement in the Heilbronn triangle problem	1	0	T2	1	0	1	514	0	0	0		resolution|counterexample|bound|uniform	0	1	1		0	0	0
192	Combinatorics	A counterexample to the Gopalan--Servedio conjecture	1	0	T2	1	0	1	467	0	0	0		counterexample|bound|uniform	0	1	1		0	0	0
193	Algebra	Serre's intersection-multiplicity conjecture	1	0	T0	0	0	0	0	0	0	0		resolution|classification	0	1	0		0	0	0
194	Algebra	Lech's multiplicity conjecture	1	0	T2	1	0	1	598	0	0	0		resolution|classification|uniform	0	1	0		0	0	0
195	Algebra	A counterexample to the small Cohen--Macaulay module conjecture	1	0	T0	0	0	0	0	0	0	0			0	1	1		0	0	0
196	Algebra	A counterexample to Kaplansky's zero-divisor conjecture	1	1	T3	1	1	1	378	0	0	0			0	1	1		0	0	0
197	Algebra	Nonsofic groups and group-ring counterexamples	4	3	T3	4	3	1	2249	0	0	0	kaplansky-direct-finiteness-characteristic-two	counterexample	0	1	1		1	0	1
198	Algebra	A counterexample to the little finitistic-dimension conjecture	1	1	T3	2	2	1	634	0	0	0		resolution|counterexample	0	1	1		0	0	0
199	Algebra	Counterexamples to conjectures of Auslander--Reiten, Tachikawa, and Nakayama	2	2	T3	2	2	1	1108	0	0	0		resolution|counterexample|classification	0	1	1		0	0	0
200	Algebra	Eisenbud--Green--Harris and lex-plus-powers in characteristic zero	2	0	T0	0	0	0	0	0	0	0		resolution|classification|uniform	0	1	0		0	0	0
201	Algebra	A counterexample to Kurosh's division-ring problem	1	0	T0	0	0	0	0	0	0	0		classification	0	1	1		0	0	0
202	Algebra	The blockwise Alperin weight conjecture	1	0	T0	0	0	0	0	0	0	0		resolution|uniform	0	1	0		0	0	0
203	Algebra	Donovan's conjecture over fields and discrete valuation rings	2	0	T0	0	0	0	0	0	0	0		bound|classification|uniform	0	1	0		0	0	0
204	Algebra	Tensor saturation for even spin groups	1	0	T0	0	0	0	0	0	0	0		resolution	0	1	0		0	0	0
205	Algebra	Saxl's conjecture and universal tensor squares	2	1	T3	2	1	1	908	1	0	0			0	1	0		0	0	0
206	Algebra	Finite lattice representation: counterexamples and undecidability	2	0	T2	1	0	1	510	0	0	0		undecidability	0	1	1		0	0	0
207	Algebra	The $\ell^1$-Bass and complex Bass trace conjectures	2	1	T3	2	1	1	594	0	0	0		resolution|classification|uniform	0	1	0		1	0	0
208	Algebra	The finite Benson--Etingof--Ostrik conjecture	1	0	T0	0	0	0	0	0	0	0		resolution|classification	0	1	0		0	0	0
209	Algebra	Integral counterexamples to Gersten’s conjecture	2	0	T0	0	0	0	0	0	0	0		counterexample|classification	0	1	1		0	0	0
210	Algebra	Foulkes’ conjecture for sixth powers and quadratic stabilization	2	1	T3	1	1	1	493	1	0	0		resolution|uniform	0	1	0		0	0	0
211	Probability and statistical mechanics	Geometry, diffusion, and spectra of random planar maps	7	0	T2	1	0	1	466	0	0	0			0	0	0		0	0	0
212	Probability and statistical mechanics	No bigeodesics and smooth limit shapes in planar first-passage percolation	2	1	T3	2	1	1	524	0	0	0		bound|uniform	0	0	0		0	0	0
213	Probability and statistical mechanics	No infinite critical clusters on quasi-transitive graphs	2	1	T3	2	1	1	677	0	0	0		resolution	0	1	0		0	0	0
214	Probability and statistical mechanics	The Benjamini--Schramm nonuniqueness conjecture	1	0	T2	2	0	1	757	0	0	0		resolution|bound	0	1	0		0	0	0
215	Probability and statistical mechanics	Massive continuum limits and exact mass asymptotics for planar $O(n)$ models	5	1	T3	1	1	1	474	0	0	0			0	0	0		0	0	0
216	Probability and statistical mechanics	Critical logarithmic corrections and BKT scaling for the planar XY model	6	0	T0	0	0	0	0	0	0	0			0	0	0		0	0	0
217	Probability and statistical mechanics	The low-temperature Sherrington--Kirkpatrick fluctuation law	2	0	T0	0	0	0	0	0	0	0		classification|uniform	0	0	0		0	0	0
218	Probability and statistical mechanics	Conformal universality for weakly interacting and disordered Ising models	6	0	T2	1	0	1	585	0	0	0		bound	0	0	0		0	0	0
219	Probability and statistical mechanics	GOE universality for random regular graphs with weak disorder	2	0	T0	0	0	0	0	0	0	0		uniform	0	0	0		0	0	0
220	Probability and statistical mechanics	Directional zero--one laws and ballisticity in random environments	3	1	T3	3	1	1	1277	0	0	0		resolution|uniform	0	1	0		0	0	0
221	Probability and statistical mechanics	The M\'ezard--Parisi formula for diluted spin glasses	1	0	T2	1	0	1	439	0	0	0	mezard-parisi-formula		0	0	0		0	0	1
222	Probability and statistical mechanics	Perceptron free energies and microscopic jamming	4	0	T2	3	0	1	1064	0	0	0		bound|density	0	0	0		0	0	0
223	Probability and statistical mechanics	Conformal limits of square-lattice random-cluster interfaces	6	0	T0	0	0	0	0	0	0	0		bound	0	0	0		0	0	0
224	Probability and statistical mechanics	Critical and near-critical universality for Voronoi percolation	3	0	T0	0	0	0	0	0	0	0		bound	0	0	0		0	0	0
225	Probability and statistical mechanics	Gaussian free field limits for the balanced six-vertex model	1	0	T0	0	0	0	0	0	0	0			0	0	0		0	0	0
226	Probability and statistical mechanics	The double-dimer $\mathrm{CLE}_4$ conjecture in the half-plane	1	0	T0	0	0	0	0	0	0	0		resolution	0	1	0		0	0	0
227	Probability and statistical mechanics	The dynamical phase transition in the Sherrington--Kirkpatrick model	8	1	T3	5	2	1	2748	0	0	0		partial	0	0	0		0	0	0
228	Probability and statistical mechanics	Continuum phase transitions for radial pair potentials	2	2	T3	3	2	1	1045	0	0	0		bound|density	0	0	0		0	0	0
229	Probability and statistical mechanics	Sharp three- and four-state reconstruction thresholds	3	0	T2	2	0	1	654	2	0	0			0	0	0		0	0	0
230	Probability and statistical mechanics	Exact Hausdorff measure for SLE	2	0	T2	1	0	1	333	0	0	0		resolution|bound	0	1	0		0	0	0
231	Probability and statistical mechanics	The free uniform spanning forest is a factor of IID	1	0	T2	2	0	1	650	0	0	0		uniform	0	0	0		0	0	0
232	Probability and statistical mechanics	Gaussian fields and SLE interfaces for Lipschitz heights	3	0	T0	0	0	0	0	0	0	0		bound|uniform	0	0	0		0	0	0
233	Probability and statistical mechanics	The joint critical Ashkin--Teller scaling limit	1	0	T0	0	0	0	0	0	0	0		bound	0	0	0		0	0	0
234	Probability and statistical mechanics	All-temperature pressure for orthogonally invariant Ising spin glasses	1	0	T2	1	0	1	775	0	0	0			0	0	0		0	0	0
235	Probability and statistical mechanics	Random-SAT thresholds, sharp variance and computability	4	0	T2	4	0	1	1663	0	0	0		resolution|bound|uniform	0	1	0		0	0	0
236	Probability and statistical mechanics	The factor-of-IID threshold for free Ising states on trees	1	1	T3	1	1	1	428	0	0	0		resolution	0	1	0		0	0	0
237	Probability and statistical mechanics	The three-quarter diameter exponent for honeycomb walks	13	0	T2	3	0	1	1596	0	0	0		uniform	0	0	0		0	0	0
238	Probability and statistical mechanics	Optimal logarithmic mixing of the Thorp shuffle	12	3	T3	13	4	1	6237	0	0	0			0	0	0		0	0	0
239	Probability and statistical mechanics	Sharp singularity rates for symmetric sign matrices	2	0	T0	0	0	0	0	0	0	0		bound|partial|uniform	0	0	0		0	0	0
240	Mathematical logic	Shelah's eventual categoricity conjecture	2	1	T3	1	1	1	584	0	0	0		bound|uniform|conditional	1	1	0		0	0	0
241	Mathematical logic	Rigidity of the Turing degrees	1	1	T3	1	1	1	375	0	0	0		resolution	0	1	0		0	0	0
242	Mathematical logic	Single-fold Diophantine representations	1	1	T3	1	1	1	502	0	0	0		resolution|undecidability	0	1	0		0	0	0
243	Mathematical logic	Choiceless counting does not capture polynomial time	2	1	T3	2	1	1	857	0	0	0		uniform	0	1	0		0	0	0
244	Mathematical logic	The partition principle does not imply choice	1	1	T3	2	1	1	674	0	0	0		counterexample|conditional	1	0	1		0	0	0
245	Mathematical logic	The $\beta$-Barendregt--Geuvers--Klop conjecture	1	0	T2	1	0	1	397	0	0	0		resolution|uniform	0	1	0		0	0	0
246	Group theory	Cannon's conjecture	1	0	T2	1	0	1	428	0	0	0		bound	0	1	0		0	0	0
247	Group theory	An infinite finitely presented residually finite $2$-group	2	0	T2	1	0	1	525	0	0	0		undecidability	0	1	1		0	0	0
248	Group theory	Thompson's group $F$ is nonamenable	1	1	T3	1	1	1	359	0	0	0		resolution	0	1	0		0	0	0
249	Group theory	A finitely generated counterexample to Eilenberg--Ganea	1	0	T2	1	0	1	382	0	0	0			0	1	1		0	0	0
250	Group theory	The Boone--Higman conjecture and higher finiteness	3	1	T3	3	1	1	1293	0	0	0			0	1	0		0	0	0
251	Group theory	Amenability, unitarizability, and Ulam stability	2	1	T3	2	1	1	558	0	1	0		resolution|bound|uniform	0	1	0		0	0	0
252	Group theory	A non-residually-finite torsion-free hyperbolic group	1	1	T3	1	1	1	348	0	0	0			0	1	1		0	0	0
253	Group theory	An infinite finitely presented simple amenable group	1	1	T3	1	1	1	295	0	0	0			0	1	0		0	0	0
254	Group theory	Classifying spaces and geometric obstructions for Artin groups	3	2	T3	3	2	1	1416	0	0	0		uniform	0	1	0		0	0	0
255	Group theory	Quasi-isometric rigidity of virtually polycyclic groups	1	0	T2	1	0	1	606	0	0	0		resolution|uniform	0	1	0		0	0	0
256	Group theory	Howie's conjecture on equations over groups	2	0	T2	1	0	1	502	0	0	0		resolution|uniform	0	1	0		1	0	0
257	Group theory	A hyperbolic group with no geometric CAT(0) action	1	1	T3	1	1	1	491	0	0	0			0	0	1		0	0	0
258	Group theory	Gersten's conjecture for one-relator groups	2	0	T0	0	0	0	0	0	0	0			0	1	0		0	0	0
259	Group theory	A group without fixed price	1	0	T0	0	0	0	0	0	1	0		bound	0	1	1		0	0	0
260	Mathematical physics	Spacetime Penrose inequalities and rigidity	13	0	T2	1	0	1	871	0	0	0		bound	0	0	0		0	0	0
261	Mathematical physics	Localization and delocalization in the Anderson model	2	0	T2	1	0	1	474	0	0	0		resolution|uniform	0	0	0		0	0	0
262	Mathematical physics	Sharp one-dimensional Lieb--Thirring inequalities	3	1	T3	1	1	1	423	0	0	0		bound|uniform	0	0	0		0	0	0
263	Mathematical physics	The ionization and generalized ionization conjectures	3	1	T3	2	1	1	1144	0	0	0		bound|partial	0	1	0		0	0	0
264	Mathematical physics	Strong cosmic censorship near two-ended Kerr data	3	0	T0	0	0	0	0	0	0	0			0	0	0		0	0	0
265	Mathematical physics	The two-dimensional gapped area law	2	0	T0	0	0	0	0	0	0	0		bound|partial|uniform	0	0	0		0	0	0
266	Mathematical physics	Exactly three mutually unbiased bases in dimension six	2	0	T2	2	0	1	1063	1	0	0		resolution	0	1	0		1	0	0
267	Mathematical physics	Positive-temperature Bose--Einstein condensation and quantum depletion	5	0	T2	1	0	1	630	0	0	0		bound|density	0	0	0		0	0	0
268	Mathematical physics	The spin-one Haldane gap	2	0	T0	0	0	0	0	2	0	0		resolution|bound|uniform	0	1	0		1	0	0
269	Mathematical physics	The Laughlin gap and stability under scalar disorder	2	1	T3	4	1	1	1241	2	0	0		resolution|bound|uniform	0	1	0		0	0	0
270	Mathematical physics	Threshold and positive-energy bound states of the BFSS model	2	0	T0	0	0	0	0	0	0	0		resolution|bound|uniform	0	1	0		1	0	0
271	Mathematical physics	Bloch's law and spontaneous ferromagnetic order	4	0	T2	1	0	1	523	0	0	0	spontaneous-magnetization-quantum-heisenberg-ferromagnet		0	0	0		0	0	1
272	Mathematical physics	Entanglement without secret key and the PPT-square conjecture	1	0	T2	2	0	1	569	1	0	0		counterexample	0	1	1		0	0	0
273	Mathematical physics	The entropy photon-number inequality	1	0	T2	1	0	1	614	0	0	0		bound|uniform	0	0	0		0	0	0
274	Mathematical physics	Moore's parity conjecture for $\mathrm{QAC}^0$	2	2	T3	2	2	1	1108	0	0	0		resolution|bound|uniform	0	1	0		0	0	0
275	Mathematical physics	QMA-hardness of continuum Coulomb energy	2	0	T2	1	0	1	1125	0	0	0			0	0	0		0	0	0
276	Mathematical physics	The classical capacity of generalized amplitude damping	1	1	T3	1	1	1	522	0	0	0			0	0	0		0	0	0
277	Mathematical physics	Threshold repetition for entangled games	1	1	T3	1	1	1	588	0	0	0		uniform	0	1	0		0	0	0
278	Mathematical physics	Failure of Kohn--Sham ensemble representation	1	0	T0	0	0	0	0	0	0	0		counterexample|density	0	0	1		0	0	0
279	Mathematical physics	Exact quantum factoring over a fixed finite gate set	1	0	T2	1	0	1	440	0	0	0		uniform	0	0	0		0	0	0
280	Mathematical physics	Strong locality for strongly rational unitary vertex operator algebras	1	0	T2	1	0	1	585	0	0	0		resolution	0	1	0		0	0	0
281	Mathematical physics	QAOA optimality for the SK model	2	0	T2	2	0	1	1339	0	0	0		uniform	0	0	0		0	0	0
282	Mathematical physics	Scale-to-conformal enhancement in four-dimensional QFT	1	0	T0	0	0	0	0	0	0	0		bound|conditional	1	0	0		0	0	0
283	Mathematical physics	Polynomial-time, constant-error unitary synthesis from a Boolean oracle	1	0	T0	0	0	0	0	0	0	0		bound|uniform	0	0	0		0	0	0
284	Mathematical physics	The optimal randomized--quantum query exponent	1	0	T0	0	0	0	0	0	0	0		bound|partial	0	1	1		0	0	0
285	Operator algebras	Counterexamples to Baum--Connes and Kadison--Kaplansky	3	0	T0	0	0	0	0	0	0	0		resolution|counterexample	0	1	1		0	0	0
286	Operator algebras	Arithmetic rigidity of lattice von Neumann algebras	2	0	T0	0	0	0	0	0	0	0		classification|uniform	0	0	0		0	0	0
287	Operator algebras	All nonabelian free group factors are isomorphic	1	0	T2	1	0	1	400	0	0	0	free-group-factor-isomorphism	resolution	0	1	0		0	0	1
288	Operator algebras	Kadison's similarity conjecture	1	0	T2	2	0	1	574	0	0	0		bound	0	1	0		0	0	0
289	Operator algebras	The strong Kadison--Kastler conjecture	3	0	T2	1	0	1	433	0	0	0		counterexample	0	1	1		0	0	0
290	Operator algebras	Connes' bicentralizer conjecture and relative bicentralizers	2	1	T3	1	1	1	559	0	0	0		resolution|uniform	0	1	0		0	0	0
291	Operator algebras	Toms--Winter and equivariant Jiang--Su stability	4	1	T3	1	1	1	732	0	0	0		resolution|uniform	0	1	0		0	0	0
292	Operator algebras	A counterexample to Kirchberg's norm-ultrapower embedding problem	1	0	T2	1	0	1	457	0	0	0			0	1	1		0	0	0
293	Operator algebras	A counterexample to the hyperinvariant-subspace problem	2	1	T3	6	1	1	1526	0	0	0			0	1	1		0	0	0
294	Operator algebras	A counterexample to Kaplansky's quasitrace conjecture	1	1	T3	2	1	1	674	0	0	0		counterexample	0	1	1		0	0	0
295	Operator algebras	The Kadison--Ringrose cohomology conjecture	1	0	T2	1	0	1	416	0	0	0		resolution|bound	0	1	0		0	0	0
296	Operator algebras	The generator problem for finite factors	1	1	T3	2	1	1	685	0	0	0		resolution|uniform	0	1	0		0	0	0
297	Operator algebras	A ZFC counterexample to Naimark's problem	1	0	T2	1	0	1	474	0	0	0		counterexample|classification	0	1	1		0	0	0
298	Operator algebras	A counterexample to Voiculescu’s free-entropy equality conjecture	1	0	T2	1	0	1	516	0	0	0		bound	0	1	1		0	0	0
299	Operator algebras	The Kirchberg--R\o rdam character criterion	1	1	T3	1	1	1	423	0	0	0		uniform	0	1	0		0	0	0
300	Operator algebras	The Popa--Vaes quadratic strong-operator paving conjecture	2	0	T0	0	0	0	0	0	0	0		resolution|bound	0	1	0		0	0	0
301	Operator algebras	Classification by trace cones after Razak--Jacelon stabilization	1	0	T0	0	0	0	0	0	0	0		resolution|uniform	0	1	0		0	0	0
302	Operator algebras	The Phillips--Toms formula for minimal integer actions	2	0	T0	0	0	0	0	0	0	0		bound|partial|uniform	0	0	0		0	0	0
303	Operator algebras	From ordinary to strong pure infiniteness	1	0	T2	2	0	1	464	0	0	0		resolution	0	1	0		0	0	0
304	Topology	The Hilbert--Smith conjecture in every dimension	1	0	T0	0	0	0	0	0	0	0		resolution|bound	0	1	0		0	0	0
305	Topology	Counterexamples to disk embedding and Wall's manifold conjecture	3	0	T0	0	0	0	0	0	0	0		counterexample	0	1	1		0	0	0
306	Topology	The purely cosmetic surgery conjecture for knots in $S^3$	1	0	T0	0	0	0	0	0	0	0			0	1	0		0	0	0
307	Topology	Failure of rational injectivity for maximal coarse assembly	2	0	T2	1	0	1	536	0	0	0		bound|uniform	0	1	1		1	0	0
308	Topology	Smith--Toda complexes at every height with varying primes	2	0	T0	0	0	0	0	0	0	0		uniform	0	0	0		0	0	0
309	Topology	The Kervaire invariant problem at the prime three	1	0	T0	0	0	0	0	0	0	0		resolution	0	1	0		0	0	0
310	Topology	Quillen's conjecture in rational homology	1	0	T0	0	0	0	0	0	0	0		resolution|uniform	0	1	0		0	0	0
311	Topology	Chai's invariant-ideal conjecture	1	0	T0	0	0	0	0	0	0	0		resolution	0	1	0		0	0	0
312	Topology	The Grothendieck homotopy hypothesis	1	1	T3	1	1	1	479	0	0	0			0	0	0		0	0	0
313	Topology	Finite generation for the $K(n)$-local sphere	1	0	T0	0	0	0	0	0	0	0		resolution|uniform	0	1	0		0	0	0
314	Topology	The chromatic Smith fixed-point problem for finite $p$-groups	1	0	T0	0	0	0	0	0	0	0		bound|uniform	0	0	0		0	0	0
315	Topology	The four-dimensional Singer conjecture	1	0	T0	0	0	0	0	0	0	0		uniform	0	1	0		0	0	0
316	Topology	Curtis’s conjecture	1	0	T0	0	0	0	0	0	0	0			0	1	0		0	0	0
317	Topology	Thomason model structures in every strict higher dimension	1	0	T2	1	0	1	568	0	0	0		resolution|uniform	0	1	0		0	0	0
318	Topology	Chromatic splitting: counterexamples and filtrations	5	0	T0	0	0	0	0	0	0	0		counterexample	0	0	1		0	0	0
319	Topology	Counterexamples to the Hahn--Wilson conjecture at height two	1	0	T0	0	0	0	0	0	0	0		counterexample|uniform	0	1	1		0	0	0
320	Topology	A four-dimensional counterexample to Borel rigidity	1	0	T0	0	0	0	0	0	0	0		counterexample	0	1	1		0	0	0
321	Topology	A counterexample to Wall's finite D(2) conjecture	1	0	T0	0	0	0	0	0	0	0		counterexample|uniform	0	1	1		0	0	0
322	Functional analysis	Tingley's sphere-isometry problem	1	1	T3	1	1	1	450	0	0	0		resolution	0	1	0		0	0	0
323	Functional analysis	Relative independence of the separable quotient problem	1	0	T2	1	0	1	572	0	0	0		counterexample	0	1	1		0	0	0
324	Functional analysis	Lipschitz equivalence without linear isomorphism	2	2	T3	2	2	1	762	0	0	0		resolution	0	1	1		0	0	0
325	Functional analysis	The complete Crouzeix conjecture	2	2	T3	5	3	1	1323	0	0	0		resolution|bound|uniform	0	1	0		0	0	0
326	Functional analysis	The cotype--cotype conjecture under the approximation property	1	1	T3	1	1	1	302	0	0	0		resolution|classification	0	1	0		0	0	0
327	Functional analysis	Markov type characterizes superreflexivity	1	1	T3	1	1	1	542	0	0	0		classification|uniform	0	1	0		0	0	0
328	Functional analysis	Fixed points of nonexpansive maps in reflexive Banach spaces	1	1	T3	1	1	1	418	0	0	0		resolution|bound|uniform	0	1	0		0	0	0
329	Functional analysis	A counterexample to Pietsch's metric-entropy duality conjecture	1	1	T3	1	1	1	501	0	0	0		counterexample	0	1	1		0	0	0
330	Functional analysis	A negative answer to Kalton's Lipschitz-free approximation question	1	0	T2	2	0	1	654	0	0	0		bound|uniform	0	1	1		0	0	0
331	Functional analysis	Asymptotic midpoint uniform convexity without asymptotically uniformly convex renorming	7	7	T3	7	7	1	5449	0	0	0		bound|uniform	0	0	0		0	0	0
332	Functional analysis	Metric Markov cotype two for $\ell_1$	1	0	T0	0	0	0	0	0	0	0		resolution|uniform	0	1	0		0	0	0
333	Differential geometry	Smooth isometric immersions of surfaces into $\mathbb R^4$	1	0	T2	1	0	1	310	0	0	0		resolution|uniform	0	1	0		0	0	0
334	Differential geometry	A smooth surface metric with no local immersion in $\mathbb R^3$	1	1	T3	1	1	1	387	0	0	0			0	1	1		0	0	0
335	Differential geometry	Gromov's integral scalar-curvature inequality	2	0	T0	0	0	0	0	0	0	0		resolution|uniform	0	1	0		0	0	0
336	Differential geometry	Spectral scalar curvature and codimension-two width	3	0	T0	0	0	0	0	0	0	0		bound|partial|uniform	0	0	0		0	0	0
337	Differential geometry	Cartan--Hadamard isoperimetry and CAT$(0)$ fillings	2	0	T2	2	0	1	686	0	0	0		bound|partial|uniform	0	0	0		0	0	0
338	Differential geometry	Yau's uniformization conjecture	1	0	T0	0	0	0	0	0	0	0			0	1	0		0	0	0
339	Differential geometry	Katok's entropy rigidity conjecture	1	0	T0	0	0	0	0	0	0	0		classification	0	1	0		0	0	0
340	Differential geometry	A counterexample to the nearby Lagrangian conjecture	1	0	T0	0	0	0	0	0	0	0		resolution|counterexample	0	1	1		0	0	0
341	Differential geometry	Donaldson's hypersymplectic deformation conjecture	1	0	T0	0	0	0	0	0	0	0			0	1	0		0	0	0
342	Differential geometry	Donaldson's tamed-to-compatible conjecture	1	1	T3	1	1	1	380	0	0	0			0	1	0		0	0	0
343	Differential geometry	Sharp symplectic ball-packing criteria in higher dimensions	1	0	T2	2	0	1	545	0	0	0		resolution|uniform	0	1	0		0	0	0
344	Differential geometry	The metric Blaschke conjecture	1	0	T0	0	0	0	0	0	0	0		resolution	0	1	0		0	0	0
345	Differential geometry	Infinitely many closed geodesics on spheres and three-manifolds	1	0	T0	0	0	0	0	0	0	0			0	0	0		0	0	0
346	Differential geometry	Sharp singular-set bounds for stationary integral varifolds	2	0	T0	0	0	0	0	0	0	0		bound|partial	0	0	0		0	0	0
347	Differential geometry	Counterexamples to strong forms of Arnold's fixed-point conjecture	5	1	T3	1	1	1	479	0	0	0		counterexample|bound	0	1	1		0	0	0
348	Differential geometry	Nonnegatively curved Einstein four-manifolds and a topological gap	3	0	T2	1	0	1	414	2	0	2			0	0	0		0	0	0
349	Differential geometry	The Solomon--Yau least-volume conjecture	1	0	T0	0	0	0	0	0	0	0		resolution|uniform	0	1	0		0	0	0
350	Differential geometry	Yau's nodal conjecture: surfaces and counterexamples	3	2	T3	3	2	1	1402	0	0	0		counterexample|bound|partial	0	1	1		0	0	0
351	Differential geometry	Scalar curvature detects four-dimensional Ricci-flow singularities	3	0	T0	0	0	0	0	0	0	0		counterexample|bound|uniform	0	1	1		0	0	0
352	Differential geometry	Finite-time singularity of Calabi flow	1	0	T0	0	0	0	0	1	0	0		counterexample	0	1	1		0	0	0
353	Differential geometry	The sharp dimension threshold for affine Bernstein rigidity	2	0	T2	1	0	1	580	0	0	0		bound|classification|uniform	0	0	0		0	0	0
354	Differential geometry	Isoperimetric regions in the cubic three-torus	1	0	T2	1	0	1	500	0	0	0			0	0	0		0	0	0
355	Differential geometry	Unique tangent flows at the first surface singularity	1	0	T0	0	0	0	0	0	0	0		bound	0	0	0		0	0	0
356	Differential geometry	Gigli's characterization of Alexandrov curvature	2	1	T3	1	1	1	611	0	0	0		classification	0	1	0		0	0	0
357	Differential geometry	Bi-Lipschitz coordinates at every regular RCD point	1	0	T0	0	0	0	0	0	0	0			0	0	0		0	0	0
358	Differential geometry	A three-manifold with no conjugate points and no nonpositively curved metric	1	1	T3	1	1	1	542	0	0	0			0	0	1		0	0	0
359	Differential geometry	Negative K\"ahler curvature without bounded holomorphic coordinates	2	1	T3	1	1	1	474	0	0	0		bound|partial	0	0	1		0	0	0
360	Differential geometry	Villani’s convexity conjecture and regular optimal transport	2	2	T3	2	2	1	1118	0	0	0		resolution|bound	0	1	0		0	0	0
361	Differential geometry	Counterexamples to Yau's harmonic dimension bound	2	1	T3	1	1	1	575	1	0	0		counterexample|bound|partial|uniform	0	0	1		0	0	0
362	Partial differential equations	Global smoothness for relativistic Vlasov--Maxwell	1	1	T3	1	1	1	519	0	0	0	relativistic-vlasov-maxwell	bound|density|uniform	0	0	0		0	0	1
363	Partial differential equations	Boltzmann nonuniqueness with exact local conservation	2	0	T2	1	0	1	654	0	0	0		bound|density	0	0	0		0	0	0
364	Partial differential equations	Kinetic limits and fluctuations over the Boltzmann lifespan	2	0	T0	0	0	0	0	0	0	0		bound|density|uniform	0	0	0		1	0	0
365	Partial differential equations	Joint metric and connection recovery from one boundary patch	3	1	T3	1	1	1	444	0	0	0		bound|uniform	0	0	0		0	0	0
366	Partial differential equations	The planar Mumford--Shah regularity conjecture	1	0	T0	0	0	0	0	0	0	0		resolution|bound	0	1	0		0	0	0
367	Partial differential equations	The critical dimension for the one-phase Bernoulli problem	1	0	T2	1	0	1	437	1	0	0		bound|partial	0	1	0		0	0	0
368	Partial differential equations	The three-dimensional Ball--Evans approximation problem	2	0	T0	0	0	0	0	0	0	0		resolution|bound|uniform	0	1	0		0	0	0
369	Partial differential equations	The hot spots conjecture for simply connected planar domains	1	0	T2	1	0	1	514	0	0	0		bound	0	1	0		0	0	0
370	Partial differential equations	The subcritical Lane--Emden and H\'enon--Lane--Emden conjectures	1	1	T3	1	1	1	453	0	0	0		resolution	0	1	0		0	0	0
371	Partial differential equations	Stable blowup for a defocusing Schr\"odinger equation	1	0	T2	1	0	1	685	1	0	0			0	0	0		0	0	0
372	Partial differential equations	Global uniqueness in smooth isotropic elasticity	1	0	T2	1	0	1	432	0	0	0		bound	0	0	0		0	0	0
373	Partial differential equations	Nonattainment in three-marginal Coulomb transport	1	0	T2	1	0	1	619	0	0	0		density|uniform	0	0	0		0	0	0
374	Partial differential equations	Sharp one-third stability of optimal transport maps	1	0	T2	1	0	1	657	0	0	0		bound|uniform	0	1	1		0	0	0
375	Partial differential equations	De Giorgi's conjecture in dimension eight	1	0	T0	0	0	0	0	0	0	0		bound	0	1	0		0	0	0
376	Partial differential equations	Universal computation in forced Navier--Stokes flows	9	0	T2	6	0	1	3234	0	0	0			0	0	0		0	0	0
377	Partial differential equations	Interior $C^{1,\alpha}$ regularity for infinity-harmonic functions	1	0	T0	0	0	0	0	0	0	0		bound|uniform	0	0	0		0	0	0
