fam	discipline	tier	conjecture	standing_prior_2025	prior_confidence	release_claim	gap	surprise_tier	abstract_line
004	Number theory	T0	Hilbert's tenth problem over Q	Open in print as of early 2025. Koenigsmann's 2021 arXiv announcement (a universal definition of Z in Q) claims it, with Jahnke-Koenigsmann-Wiegandt on the universal theory of number fields; not a settled published theorem in the prior's record	high	No algorithm decides rational solvability of integer-coefficient polynomials; negative resolution of H10 over Q	Prior has the claim as an unverified announcement, not a published proof; the release asserts a complete proof	1	overview.tex:84
007	Number theory	T2	Chowla conjecture (two-point); corrected binary Elliott conjecture	Full two-point Chowla open; logarithmically averaged forms proved by Tao (2015-16). Corrected binary Elliott open in the pointwise form; logarithmic averaged form by Tao	medium	Two-point Chowla with O(X/(log X)^c) decay along nonproportional affine forms; binary corrected Elliott for bounded multiplicative functions	Prior has only logarithmic-average versions; a pointwise decay bound is beyond what the prior records	2	overview.tex:90
008	Number theory	T3	Deligne-Drinfeld conjecture (rational GT Lie algebra)	Open; standard in deformation quantization. Brown computed low-degree dimensions; freeness in all odd weights 3,5,7,... unproved	medium	The rational Grothendieck-Teichmuller Lie algebra with the Ihara bracket is freely generated in each odd weight >=3	Famous structural conjecture, expected to stay open for a long time	2	overview.tex:92
011	Number theory	T0	Ford-Konyagin-Luca conjecture on prime predecessors	Open. Limit laws for prime factors of p-1 known at the level of mean values (Ford-Konyagin-Luca, 2000s); the joint Poisson-Dirichlet PD(1) limit for the ordered normalized logs was stated, not proved	low	Normalized ordered logs of prime factors of p-1 converge jointly to PD(1); also infinitely many n with more than n^{1-eps} totient preimages	Prior states the conjecture but is not certain of its exact form; the totient-preimage corollary is beyond the prior's record	2	overview.tex:98
012	Number theory	T2	Erdos-Pomerance joint Dickman conjecture	Open. The one-variable Dickman limit law for P+(n) is classical (Billingsley, Erdos-Wirsing, Tenenbaum); independence of P+(n) and P+(n+1) in natural density was conjectured by Erdos-Pomerance (1979)	medium	Largest prime factors of n and n+1 are asymptotically independent; P+(n)<P+(n+1) has density 1/2	Famous, plausible, unachieved in the prior's record	2	overview.tex:100
013	Number theory	T2	Ostmann's inverse Goldbach conjecture	Open. Ostmann (1950s) conjectured the primes are not a direct sum A+B of two sets of integers >=2; partial results in additive number theory, no resolution	medium	No finite modification of the primes is additively decomposable as A+B with |A|,|B|>=2	Famous in additive number theory, expected to remain open	2	overview.tex:102
016	Number theory	T0	Zilber-Pink conjecture (abelian form, over Q-bar)	Open and famous. Pila (2011) for curves in the j-plane; Pila-Rissetto (2021) for curves in A^2; Andre-Oort for A_g by Pila-Tsimerman-Zannier (2016). The full abelian statement for subvarieties of arbitrary dimension was out of reach	high	Abelian Zilber-Pink over Q-bar in every dimension; full curve case in the Siegel threefold A_2 for Hodge-generic curves without boundary assumptions	Prior has only curve cases and Andre-Oort; the general subvariety statement is beyond what the prior considers achievable	1	overview.tex:108
018	Number theory	T0	Margulis-Platonov conjecture	Open in general as of early 2025; proved in many classes (Platonov-Rapinchuk's book states it as a conjecture with reductions). Function fields of characteristic two are the hard case	high	Normal subgroups of G(k) for absolutely almost simple simply connected G, over every global field including characteristic two	Prior has it as a conjecture with reductions, not a theorem over all global fields	1	overview.tex:112
020	Number theory	T3	Squarefree-values conjecture for quartics	Open for degree >=4. Poonen-Voloch (2018) settled degree 3; the predicted Euler-product density for squarefree quartics was standard folklore; Browning has higher-degree power-free results	medium	Squarefree quartics have the predicted positive density; (d-2)-power-free density for degrees 4 through 8, covering every d>=4 with Browning's theorem	Famous sieve conjecture; the prior has degree 3 as the frontier, so degrees 4-8 are a real step	2	overview.tex:116
021	Number theory	T3	Jacobsthal's quadratic-bound question	Open. Jacobsthal's function g(n) is known with logarithmic losses (Iwaniec, Maier, Pomerance); the bound g(n) <= C k^2 for n with k prime factors is folklore-conjectured	medium	Every interval of C k^2 consecutive integers meets an integer coprime to any n with at most k prime factors	The prior knows the logarithmic-loss barrier; removing it uniformly is the news	2	overview.tex:118
025	Number theory	T3	Erdos short Egyptian-fraction conjecture	Open. Graham (1963) gave O(log b) terms for every a/b; Erdos's lower bound is of order log b/log log b; matching upper bound conjectured	medium	Every 1<=a/b is a sum of O(log log b) distinct unit fractions; the worst case has the same order	Famous Erdos problem; the prior expects the gap to persist	2	overview.tex:126
027	Number theory	T0	Litt's integral-density question (determinant-one curve case)	Niche in the prior's record. Litt's conjecture on Zariski density of integral points on SL_r character varieties of curves is recent and not in the prior's working knowledge	low	The determinant-one curve case: integral points are Zariski dense in every component, with prescribed quasi-unipotent boundary classes	The prior cannot place this conjecture's standing; no surprise judgment available	4	overview.tex:130
028	Number theory	T3	Gaussian moat conjecture	Open recreational problem (Klagsbrun 1968): walk to infinity through Gaussian primes with bounded steps. Extensive computation supports it; no proof of any kind existed in the prior's record	high	No infinite walk through distinct Gaussian primes with bounded steps; components of the distance-D graph have uniformly bounded size	The prior treats this as far out of reach - even unbounded-step qualitative structure is unknown	1	overview.tex:132
029	Number theory	T0	Artin's primitive root conjecture (infinitude for every base)	Open unconditionally. Hooley (1967) under GRH; Heath-Brown (1986): all but at most two bases. Infinitude for every admissible base was not known	high	For every a not -1 and not a square, at least c_a x/(log x)^2 primes in (x,2x) have primitive root a	The prior's frontier is "all but two bases"; every-base infinitude is strictly beyond it	1	overview.tex:134
030	Number theory	T0	Modularity of elliptic curves over imaginary quadratic fields	Open as of early 2025. Potential modularity known (Allen et al.); modularity lifting in the ordinary case (Boxer-Pilloni); the full statement for every elliptic curve over every imaginary quadratic field was out of reach	high	Every elliptic curve over every imaginary quadratic field is modular, with matching local parameters at every place	The prior has this as a major open problem in the Langlands-programme sense	1	overview.tex:136
032	Algebraic and complex geometry	T0	Rational Hodge conjecture for CM abelian varieties	Largely known in the prior's record. Deligne's theory of CM Hodge structures plus Koblitz-Schoen, Anan'in (2012) and Komori-Yoshioka give Hodge classes on CM abelian varieties. Tate for abelian varieties over finite fields is Faltings (1983)	high	Rational Hodge for every complex CM abelian variety in every dimension and codimension; companion results for products of K3 surfaces and Kuga-Satake algebraicity	The prior already has the headline case as a theorem; the release's novelty is the K3-product and Kuga-Satake companions	3	overview.tex:142
034	Algebraic and complex geometry	T0	Log abundance in every dimension	Open above dimension 3 as of early 2025. Basepoint-free and abundance known for klt pairs in dimension <=3; Fujino reduces log abundance to non-vanishing; the effective Iitaka fibration conjecture open in dimension >=4	high	Log abundance for normal compact Kahler log canonical pairs with effective rational boundary in every dimension; projective log abundance in char 0; effective Iitaka fibrations	The prior's frontier is dimension 3; every-dimension log abundance is a programme-level result	1	overview.tex:146
037	Algebraic and complex geometry	T0	Sharp ordinary-double-point volume gap	Open in higher dimension. Normalized volume theory (Li-Xu) with minimizers studied; the sharp bound 2(n-1)^n with equality at the analytic ODP is a conjecture of the Li-Xu / Chen-Li-Li-Liu circle; low dimensions settled	medium	Every singular complex algebraic klt germ of dimension n>=2 with zero boundary has normalized volume at most 2(n-1)^n, equality exactly at the ODP	Famous in the K-stability programme; the prior has it as a conjecture with low-dimensional cases	2	overview.tex:152
041	Algebraic and complex geometry	T0	Strong hyperkahler SYZ conjecture	Open. Verbitsky's Lagrangian fibration theory and Sawon's results; semiampleness of a nef isotropic line bundle was conjectured (Verbitsky's strong SYZ), proved in the maximal-fibration cases	medium	Every holomorphic line bundle with nonzero nef isotropic c1 on a compact irreducible holomorphic symplectic manifold is semiample; projective Lagrangian fibrations have P^n as base	The prior has the semiampleness statement as the open core of hyperkahler SYZ	1	overview.tex:160
047	Algebraic and complex geometry	T3	Affine-space cancellation over C in dimension four; Dolgachev-Weisfeiler affine-fibration conjecture	Cancellation A^1 x X = A^{n+1} implies X = A^n is known for n<=2 (Abhyankar-Hein, Russell); open for n=3 over C; Gupta's counterexamples live in positive characteristic. Dolgachev-Weisfeiler open	medium	An integral complex affine fourfold X not isomorphic to A^4 with X x A^1 = A^5; the Dolgachev-Weisfeiler conjecture is false	The prior expects characteristic zero to be the safe case; a complex counterexample is a reversal	2	overview.tex:170
058	Algebraic and complex geometry	T3	Kollar-Pardon universal-cover conjecture	Recent and open in the prior's record; Kollar-Pardon's structural description of semialgebraic universal covers of projective varieties was a conjecture with partial evidence	medium	Semialgebraic universal covers of normal projective complex varieties are exactly D x C^m x F with D bounded symmetric and F simply connected projective	The prior knows the conjecture exists but not its difficulty	2	overview.tex:192
062	Algebraic and complex geometry	T0	LeBrun-Salamon conjecture	Open above dimension four. LeBrun proved the 4-dimensional case; the claim that every positive quaternionic-Kahler manifold of real dimension >=8 is a Wolf space was conjectured	high	Every closed connected positive quaternionic-Kahler manifold of real dimension >=8 is homothetic to a compact symmetric Wolf space; projective contact manifolds classified	Famous in quaternionic geometry; the prior has dimension >=8 as open	2	overview.tex:198
063	Algebraic and complex geometry	T0	Generalized Mukai conjecture	Open in general. Known for Picard number 1 and low dimensions (Wiśniewski, Bonavero-Campana-Wiśniewski); the rho(iota-1)<=n inequality with equality cases was conjectured	medium	Every Fano n-fold with Picard number rho and pseudoindex iota satisfies rho(iota-1)<=n, equality exactly for products of projective spaces	Famous Fano-manifold conjecture, expected open	2	overview.tex:200
064	Algebraic and complex geometry	T0	mu-constant problem (surface case)	Open for hypersurfaces. The plane-curve case (n=2) is classical (Zariski, Lipman, Teissier); topological triviality from constant Milnor number in C^3 families was open	medium	Topological right-triviality for every one-parameter family of isolated hypersurface singularities in C^3 with constant Milnor number	The prior's frontier is the curve case; the surface case is the next open step	2	overview.tex:202
065	Algebraic and complex geometry	T0	Virasoro conjecture for complete intersections	Open in general. Kontsevich-Manin's Virasoro constraints proved for toric varieties (Givental, Mirzakhani-Vakil) and curves; complete intersections of dimension >=2 not covered	medium	Full ordinary unreduced descendant Virasoro conjecture for smooth complete intersections in projective space, all genera and curve classes; passes to projective bundles	The prior has toric varieties as the frontier	2	overview.tex:204
067	Algebraic and complex geometry	T0	Campana-Peternell conjecture in dimension six	Open above dimension 3. Proved for Fano threefolds with nef tangent bundle (Hwang-Mok, Kamishima-Pink); the general statement was conjectured	medium	Every smooth complex projective Fano sixfold with nef tangent bundle is rational homogeneous	The prior has dimension 3 as the frontier; dimension six is a step beyond	2	overview.tex:208
071	Real and complex analysis	T2	Koebe circle-domain conjecture (existence part); He-Schramm rigidity	Open in general. Known for finitely connected domains (He-Schramm); the infinitely connected case open; the rigidity conjecture of He-Schramm open	medium	Every domain in the Riemann sphere is conformally a circle domain; circle domains with conformally removable boundary are Mobius-rigid	Famous classical problem; the prior has the infinite-connectivity case as open	2	overview.tex:216
073	Real and complex analysis	T3	Falconer distance conjecture	Open in the stated form. The planar case is known above dimension 3/2 (Lopez and earlier work); the full d>=2 statement dim>d/2 implies positive-measure distances was not proved	medium	Every compact E in R^d with Hausdorff dimension > d/2 determines distances of positive Lebesgue measure, every d>=2	The prior's frontier is dimension-dependent thresholds, not the sharp d/2 in all dimensions	2	overview.tex:220
074	Real and complex analysis	T0	Kakeya maximal conjecture in 3D; Kakeya Hausdorff conjecture in 4D	3D Kakeya was announced by Hong Wang and Joshua Zahl in February 2025 (tube-union volume estimates); the 4D Hausdorff-dimension case was open. The prior treats 3D as freshly announced, not yet a settled literature	high	3D Kakeya maximal in L^3 with O_eps(delta^-eps) norm; every 4D Kakeya set has Hausdorff dimension 4	The prior already has 3D as announced in early 2025; the 4D Hausdorff result is the news	3	overview.tex:222
075	Real and complex analysis	T0	L log L sufficiency for a.e. convergence of Fourier series	Known in the prior's record. Sjölin (1971) and Antonov (1996) proved a.e. convergence of Fourier series for f in L log L on the circle; the endpoint question is classical	high	Ordinary symmetric Fourier partial sums of every f in L log L(T) converge a.e. along the full sequence	The prior has the headline as a theorem since 1996; the release's contribution is a new proof	3	overview.tex:224
077	Real and complex analysis	T0	Fourier restriction / extension for positively curved surfaces in R^3	Open in the stated range. Tomas-Stein gives p>=4 for the paraboloid; Guth (2016) proved cone extension at p>3.25; the full p>3 range for general positively curved surfaces was out of reach	high	Diagonal Fourier extension L^p(Sigma)->L^p(R^3) for every compact smooth positively curved surface, every p>3, with boundary allowed	The prior's frontier is p>3.25 for the cone and p>=4 for the paraboloid	1	overview.tex:228
078	Real and complex analysis	T0	Three-dimensional Bochner-Riesz conjecture	Open in dimension 3 as of early 2025. The 2D case is solved (Fefferman, Cordoba, Córdoba-Varopoulos); 3D was a headline open problem in harmonic analysis	high	Bochner-Riesz multipliers of order delta bounded on L^p(R^3) throughout the strict range delta>max{3|1/p-1/2|-1/2,0}	The prior has 3D Bochner-Riesz as open in the full strict range	1	overview.tex:230
079	Real and complex analysis	T0	Sogge local smoothing conjecture in 3 spatial dimensions	2+1 dimensions proved by Guth-Wang-Zhang (2016). The 3+1 case was open as of early 2025 and is the standard next case	high	Local smoothing for the Euclidean wave equation in R^{3+1} in the full strict range 2<p<infinity, regularity above max{0,1-3/p}	The prior has 2+1 as solved and 3+1 as open	1	overview.tex:232
081	Real and complex analysis	T3	David-Semmes Riesz-transform problem in higher codimension	Open in higher codimension. n=1 solved (David-Semmes 1993); codimension one (n=d-1) known (Hofmann-Taylor, Lato-Pipher-Verchota); 2<=n<=d-2 open	medium	For d>=4 and 2<=n<=d-2, L^2-bounded truncated n-Riesz transform implies uniform n-rectifiability, with quantitative bounds	The prior has codimension one as the frontier	2	overview.tex:236
084	Real and complex analysis	T2	Erdos similarity conjecture (geometric-progression case)	Open for the geometric progression. Erdos similarity (1974) is solved for many sequence types; the {q^n} case with two-sided dilations was open	medium	For every q in (0,1) there is a compact subset of [0,1] of measure arbitrarily close to 1 with no dilated translated copy of {q^n}	Famous, plausible, unachieved	2	overview.tex:242
085	Real and complex analysis	T3	Hajlasz-Onninen maximal-function regularity (planar centered disks, endpoint)	Open at the endpoint. Kinnunen-Saksman proved W^{1,p} regularity of the centered maximal function for p>1, all d; the p=1 planar case was open	medium	||nabla M f||_1 <= C ||nabla f||_1 for every f in W^{1,1}(R^2), centered disks, absolute constant	The prior has p>1 as the frontier; the endpoint is the open case	2	overview.tex:244
086	Real and complex analysis	T0	Trilinear Hilbert transform at the L^3 exponent	Open in the full range. Lacey-Li (2006) and Christ-Thiele give restricted-range bounds; boundedness at the L^3 x L^3 x L^3 -> L^1 endpoint for slopes 1,2,3 was not known	high	The principal-value trilinear Hilbert transform with shifts x-t, x-2t, x-3t is bounded L^3 x L^3 x L^3 -> L^1	The prior has only restricted-range boundedness	1	overview.tex:246
087	Convex and metric geometry	T3	Symmetric and nonsymmetric geometric Mahler conjectures	Open in high dimension. Symmetric case known in dimension 2 (Mahler), 3 (Iriye-Ishikawa) and for Hanner polytopes; the simplex case known in dimension 2 and 3; all-dimension statements with full equality cases were open	medium	Both Mahler conjectures in every dimension with Hanner polytopes and simplices as minimizers and all equality cases; sharp functional forms; Gromov width 4 for K x K-degree	The prior's frontier is dimension 3 plus special classes	1	overview.tex:250
089	Convex and metric geometry	T3	Gupta-Newman-Rabinovich-Sinclair conjecture (planar and bounded-treewidth)	Open and famous in metric geometry and approximation algorithms. Partial results (Chekuri-Gupta-Nguyen, Lee-Naor) with non-constant distortion; the constant-distortion planar case was open	medium	Planar shortest-path metrics embed into L^1 with universal distortion; bounded-treewidth with distortion depending only on treewidth; bounded flow-cut gaps	The prior has the conjecture open with quantitative partial results	1	overview.tex:254
090	Convex and metric geometry	T2	Universal optimality of the triangular lattice	Partly known. Cohn-Kumar (2007) proved the Gaussian potential; Blichfeldt-type results for Riesz energies in a range; the statement for every completely monotone potential was open	medium	The triangular lattice minimizes energy per particle for every nonnegative completely monotone potential of squared distance, and renormalized Riesz energies 0<s<2 and Coulomb	The prior has the Gaussian case as the model theorem, the general class as open	2	overview.tex:256
095	Convex and metric geometry	T3	Generalized Lax conjecture (hyperbolicity cones as spectrahedral shadows)	Open as of early 2025; the standard conjecture in the spectrahedral-shadow literature, with Vinnikov's conjecture as a companion. Netzer-Sanyal-type counterexamples exist for neighbouring statements	low	Some hyperbolicity cones are not spectrahedral shadows; no exact finite affine semidefinite lift exists	The prior has the conjecture standing; a counterexample reverses a widely used expectation	1	overview.tex:266
101	Convex and metric geometry	T0	Strong isotropic-constant conjecture (simplex maximizer)	Open. Ball's simplex conjecture is classical; known in dimension 2 (Mahler) and for unconditional bodies; the sharp entropy lower bound for log-concave densities was conjectured	medium	Simplices uniquely maximize the isotropic constant in every dimension; sharp log-concave entropy lower bound with equality for products of one-sided exponentials	Famous asymptotic-geometric-conjecture; the prior has it open above dimension 2	1	overview.tex:278
109	Theoretical computer science	T0	Schonhage-Strassen n log n optimality conjecture for integer multiplication	The Omega(n log n) lower bound for multiplication on fixed multitape Turing machines is a folklore conjecture (Schonhage); no superlinear lower bound was known in the prior's record. Upper bounds are O(n log n) (Schonhage-Strassen, Harvey-van der Hoeven)	high	Exact multiplication in O(n (log n)^{1-kappa}), kappa=2^-182, deterministic worst case on one fixed multitape machine	The prior has no superlinear lower bound to beat and no o(n log n) multitape algorithm	1	overview.tex:296
113	Theoretical computer science	T3	Anari-Oveis Gharan-Vinzant perfect-matching entropy conjecture	Partly known in the prior's record: the entropy bound was proved for d=3 and for large d in the spectral-independence programme; the boundary-point and general multigraph form was open	low	FPRAS for counting perfect matchings in arbitrary finite simple graphs with exact zero detection; the perfect-matching entropy conjecture including boundary points	The prior has substantial partial results, so the headline is less surprising than it reads	3	overview.tex:304
118	Theoretical computer science	T3	Modified integer round-up conjecture (Scheithauer-Terno)	Open in the bin-packing literature; the integer round-up property is known for restricted item-size classes, the modified version conjectured	low	The integral bin-packing optimum can exceed the configuration LP value by an arbitrarily large additive constant; additive-constant approximation is NP-hard	The prior knows the round-up family of conjectures but not this variant's standing	3	overview.tex:314
119	Theoretical computer science	T3	Courtade-Kumar conjecture; Hellinger conjecture	Open in general. Known for dictators, parity, symmetric functions (proved for symmetric functions in the early 2020s) and small n	high	A single coordinate retains the most mutual information after independent bit-flip noise; the Hellinger conjecture for every Boolean bias and noise correlation	Famous information-inequality conjecture, plausible and unachieved	2	overview.tex:316
124	Theoretical computer science	T2	Garey-Johnson three-processor unit-job scheduling problem	Listed by Garey-Johnson (1979) as an open complexity case: P for m=2 (Lenstra-Shen), NP-hard for variable m; fixed m=3 with unit jobs and arbitrary precedence was open	medium	Deterministic polynomial-time algorithm minimizing makespan for unit jobs with arbitrary precedence on three identical machines	Famous open case in scheduling theory	2	overview.tex:325
129	Theoretical computer science	T3	Sakoda-Sipser state-succinctness conjecture	Open since 1978: exponential state blow-up for complementing 2NFAs and for simulating 1NFAs by 2DFAs; only subexponential lower bounds were known in the prior's record	high	Exponential lower bounds for both the complementation and the simulation problem, over growing alphabets	Famous open problem in descriptional complexity	2	overview.tex:335
131	Theoretical computer science	T2	Kannan-Tetali-Vempala conjecture (simple undirected case)	Open since 1999: polynomial mixing of the edge-switching chain for a given degree sequence; proved for restricted degree-sequence classes	medium	The lazy edge-switch chain mixes in O(n^8) for every graphical degree sequence; exact uniform sampling in expected polynomial time	Famous Markov-chain conjecture	2	overview.tex:339
134	Theoretical computer science	T2	Generalized star-height problem (uniform boundedness)	Open since Eggan (1963) / Schutzenberger: star height of a language with n states is at most n; whether a bound independent of automaton size exists was open	medium	Every regular language has a generalized regular expression with at most three nested stars (union, concatenation, complement)	The prior has no absolute bound known; a constant bound is a clean resolution	2	overview.tex:345
136	Theoretical computer science	T0	Quasilinear PCP-for-PPAD conjecture	Recent and not in the prior's working knowledge: PCP-style local verification for End-of-Line with quasilinear proof length is a conjecture from the PPAD-hardness literature	low	End-of-Line of length N reduces to numerical circuit constraints of length N (log N)^{O(1)} with robust local verification	The prior cannot place the conjecture's standing	4	overview.tex:349
143	Dynamical systems and ergodic theory	T3	Uniform boundedness in Hilbert's sixteenth problem	Open for degree >=3. The quadratic case has a uniform bound (cyclicity of the period annulus, Roussari and Sheng); no degree-dependent bound was known for higher degrees	medium	The number of isolated periodic orbits of a real planar polynomial field of degree d is bounded by a function of d; exact maximum 2 for classical quintic Lienard systems	The prior has the quadratic case as the frontier	1	overview.tex:365
144	Dynamical systems and ergodic theory	T2	Banach simple Lebesgue-spectrum problem (probability-preserving smooth form)	Classical and open in the smooth category. Simple Lebesgue spectrum exists for measure-preserving transformations (Ornstein-type constructions); a smooth diffeomorphism with simple Lebesgue spectrum on the 3-torus was not known	medium	A smooth volume-preserving diffeomorphism of T^3 has simple Lebesgue spectrum on all of mean-zero L^2	Famous problem in smooth ergodic theory	2	overview.tex:367
145	Dynamical systems and ergodic theory	T2	Rokhlin multiple-mixing problem	The prior records the opposite: mixing of all orders is false. Krengel (1978), Friedman-Ornstein (1982) and Jones (1980) give mixing transformations that are not 2-fold mixing; Jones also addressed higher-order separation	high	Every invertible mixing probability-preserving transformation is mixing of all finite orders	The claim contradicts the prior's record of published counterexamples; the reconciliation is not readable from the abstract	1	overview.tex:369
147	Dynamical systems and ergodic theory	T0	Near-boundary Birkhoff conjecture	Partly known. Bialy (1993) proved the near-boundary case for closed orbits (a grazing annulus of closed geodesics implies an ellipse); the version with invariant curves / caustics foliating a collar was open	medium	A smooth strictly convex planar billiard is an ellipse when a full grazing annulus is foliated by invariant curves, or by a physical collar of smooth closed convex caustics	The prior has Bialy's theorem as the near-boundary result; the invariant-curve hypothesis is broader	3	overview.tex:373
148	Dynamical systems and ergodic theory	T3	Entropy-rate dimension formula for self-similar measures on the line	Partly known. Peres-Simon-Solomyak (2006) proved the formula under separation; Hochman (2010) for the 1D conformal IFS with exact overlaps in the binary case; the general no-separation statement with unequal ratios was open	medium	dim_H mu = min{1, h_RW/chi} for every self-similar measure on the line, allowing exact overlaps and unequal contractions	The prior has separation as a standing hypothesis in the known theorems	2	overview.tex:375
149	Dynamical systems and ergodic theory	T2	Permanence conjecture for weakly reversible reaction networks	Partly known. Persistence for 2D networks (Craciun-Nazari-Pantea 2013) and 3D (2022); the uniform-bounds permanence statement for all weakly reversible mass-action systems was open	medium	Every finite weakly reversible mass-action system has a common compact convex forward-invariant absorbing set in each compatibility class	The prior has persistence, the weaker property, as the recent frontier	2	overview.tex:377
160	Combinatorics	T3	Erdos superexponential-growth question for van der Waerden numbers	Open. Gowers (2001) gives tower-type upper bounds; lower bounds are of the form k^{c r log r} (Berlekamp-type for r=2: k 2^k); the k^{c k log_2 r} lower bound was not known	medium	W_r(k) > k^{c k floor(log_2 r)} for all r>=2 and large k; W_r(k)^{1/k} -> infinity for fixed r	The prior's lower bounds are far below the claimed order	1	overview.tex:401
161	Combinatorics	T2	Sidorenko's conjecture; forcing conjecture (Skokan-Thoma)	Open and widely believed true as of early 2025. Proved for trees (Sidorenko), cycles, and many classes (Conlon-Kim-Schacht, Lee, Kral-Norine-Yeo); no counterexample was known	high	A connected bipartite pattern on 35 vertices and 66 edges occurring below random-graph density; the same pattern refutes the forcing conjecture	The prior treats Sidorenko as a conjecture with strong supporting evidence; a counterexample is a reversal	1	overview.tex:403
165	Combinatorics	T3	Harary-Hill conjecture; Turan brickyard problem in the Zarankiewicz formulation	Famous open problem. The Zarankiewicz formula is the standard upper bound for the crossing number of K_n and K_{m,n}; the lower bound was open (verified for small n, de Klerk-Paksoy-Marcus type results)	medium	Crossing numbers of every complete and complete bipartite graph, with optimality of the classical drawings among all drawings with continuous arcs	The prior has the formula as a conjecture, not a theorem	1	overview.tex:409
166	Combinatorics	T0	Erdos distinct-distances conjecture in higher dimensions	The planar case is solved (Guth-Katz 2015, up to epsilon losses). The d>=3 statement with the n^{2/d} integer-grid order was open as of early 2025	high	For every d>=3, n points in R^d determine at least c_d n^{2/d} distinct distances	The prior has the planar case as solved and higher dimensions as open	2	overview.tex:411
167	Combinatorics	T3	Weak pinned Erdos distance conjecture; planar unit-distance power saving	Open. Pinned-distance results are known above dimension thresholds (Dote-Vinuesa type); the n^{1-eps} for all but o(n) points statement was open; the unit-distance upper bound is the Erdos problem with best known O(n^{4/3})	low	All but o(n) points of any n-point planar set determine at least n^{1-eps} nonzero distances; unit distances O(n^{4/3-delta})	The prior has the pinned problem as open with weaker quantitative results	2	overview.tex:413
168	Combinatorics	T2	Combinatorial invariance conjecture for Kazhdan-Lusztig polynomials	Open. Known for lower intervals, for 321-avoiding permutations in S_n (Billay-Geuss et al. 2021), and for universal Coxeter groups (Brenti-Caselli-Del Fra)	medium	Isomorphic Bruhat intervals in arbitrary Coxeter systems have identical equal-parameter KL polynomials	Famous conjecture in geometric representation theory	2	overview.tex:415
169	Combinatorics	T2	Shareshian-Wachs e-positivity conjecture	Open. The Schur-positivity companion is proved (Shareshian-Wachs, Bleak-Ehrenborg, Ras-Pyati-Shin); e-positivity for natural unit interval graphs was conjectured	medium	The chromatic quasisymmetric function of every natural unit interval graph is e-positive with N[q] coefficients, counted by explicit permutations	Famous algebraic-combinatorics conjecture	2	overview.tex:417
171	Combinatorics	T0	Burr-Erdos hypercube Ramsey conjecture	Open. R(Q_n,Q_n) has a 2^n lower bound and tower-type / 2^{2n}-type upper bounds in the prior's record; the Theta(2^n) statement was conjectured	medium	The two-color Ramsey number of the n-cube is Theta(2^n)	The prior's upper bound is far above the claimed order	1	overview.tex:421
172	Combinatorics	T3	Leader-Russell-Walters conjecture on Euclidean Ramsey configurations	Graham-Rothschild (1973) is the foundation; exact-scale (original-scale) Euclidean Ramsey theory is a later programme and the transitive-set characterization was conjectured	medium	Algebraic classification over the coordinate field of exact-scale Euclidean Ramsey configurations; the transitive-subset conjecture is false	The prior knows the programme exists; the classification plus counterexample exceeds its record	2	overview.tex:423
174	Combinatorics	T3	Strong thin-tree conjecture	Partly known. Thin trees connect to the Kadison-Singer / sparsification problem; Cymerman-Ram (2021) proved the strong thin tree conjecture for k-edge-connected multigraphs	low	Every finite loopless k-edge-connected multigraph has a spanning tree taking at most C/k of every cut, found deterministically in polynomial time	The prior has the conjecture as recently proved, so the headline is not new to it	3	overview.tex:427
175	Combinatorics	T3	Talagrand discrete-convexity conjecture; Ascoli-He-Park-Talagrand decomposition	Partly known. Talagrand's expectation-threshold conjecture for monotone graph properties was proved by J. Park (2022); the graph-decomposition conjecture is a 2023-era statement	medium	Integral and fractional expectation thresholds differ by a universal factor; Talagrand's discrete-convexity conjecture; the graph-decomposition conjecture	The prior has the core Talagrand conjecture as already solved	3	overview.tex:429
176	Combinatorics	T3	Second Kahn-Kalai conjecture	Partly known. Kahn-Kalai (1995) posed two threshold conjectures; the expectation-threshold side was settled by Park (2022); the stated log-factor form for general graphs was open	medium	The appearance threshold of H in G(n,p) is at most C p_E (1+log_2 h) with universal C	The prior has the first conjecture solved and the second open	2	overview.tex:431
179	Combinatorics	T3	Circulant Hadamard conjecture	Famous open problem (Ryser-type): no circulant Hadamard matrix of order >4. Partial results (Leung-Schmidt type, orders with few prime factors); Barker-sequence classification classical	medium	Real circulant Hadamard matrices exist exactly in orders 1 and 4; Barker sequences exist exactly at lengths 2,3,4,5,7,11,13	The prior has the conjecture open with restricted-order partial results	1	overview.tex:437
180	Combinatorics	T2	Barnette's Hamiltonian-cycle conjecture	Famous open problem since 1966: every 3-connected cubic bipartite planar graph is Hamiltonian. Verified computationally in ranges; no proof in the prior's record	high	Every finite simple cubic bipartite planar 3-vertex-connected graph has a Hamiltonian cycle	The prior has it as a standard open conjecture with strong computational evidence	1	overview.tex:439
181	Combinatorics	T3	Erdos-Gallai cycle-decomposition conjecture	Open. Erdos-Gallai asked for f(n) bounding the number of cycles and edges in a decomposition; subquadratic bounds were known, the linear bound conjectured	medium	Every n-vertex graph's edges split into at most C n cycles and single edges	The prior's record has superlinear bounds	2	overview.tex:441
184	Combinatorics	T3	Alon-Krivelevich-Sudakov coloring conjecture; Ajtai-Erdos-Komlos-Szemeredi independence conjecture	The AEKS independence theorem is classical (1982): K_r-free graphs of average degree d have independent sets of size n log d/d. The AKS Delta/log Delta correspondence-coloring bound for F-free graphs was open (Molloy's Delta/log Delta for triangle-free is the model case)	medium	Correspondence-coloring version of AKS for F-free graphs; a proof of the AEKS independence bound	The prior already has the AEKS half as a theorem; the AKS correspondence form is the news	3	overview.tex:447
186	Combinatorics	T2	Friedgut-Kalai threshold-width conjectures for graphs and hypergraphs	Friedgut-Kalai (1996) sharp-threshold theorem bounds the threshold width by the inverse total influence; the O((log n)^{-2}) width for graphs and the hypergraph analogue were conjectures, with partial results via the Kahn-Kalai programme	medium	Threshold width O((log n)^{-2}) for graphs and O_r((log n)^{-r/(r-1)}) for r-uniform hypergraphs, r>=3, for nontrivial increasing relabeling-invariant properties; the hypergraph influence bound extends to nonmonotone properties	The prior has the Friedgut-Kalai influence bound as the theorem and the logarithmic width as open	2	overview.tex:451
187	Combinatorics	T2	Snaky achievement problem	Not in the prior's working knowledge: a six-cell polyomino achievement game whose Maker win-length was an open computational-combinatorics question	low	Maker forces the Snaky within 21 moves on the infinite square board	The prior cannot place the problem's standing	4	overview.tex:453
188	Combinatorics	T2	Joos-Kuhn sharp-constant conjecture (triangle case)	Partly known. The triangle-removal process final density ~ c n^{3/2} was established by Isaak (2016-17, sharp constant); the Joos-Kuhn conjecture generalizes to other graphs	medium	The terminal edge count of random triangle removal is n^{3/2}/(2 sqrt 2) with mean-square convergence	The prior has the triangle case as previously proved	3	overview.tex:455
189	Combinatorics	T2	Erdos-Faudree-Rousseau-Schelp conjecture R(C_m,K_n)	Conjecture with substantial partial results (Faudree-Rousseau-Schelp, Zhang-Chen type proofs for ranges of m,n); the prior is not certain a complete proof for all m>=n>=3 existed	low	R(C_m,K_n) = (m-1)(n-1)+1 for m>=n>=3 except R(C_3,K_3)=6	The prior's record is partial-range proofs, not the full formula	2	overview.tex:457
191	Combinatorics	T2	Heilbronn triangle problem upper bound	Open with a long line of partial results. Best known constructions give areas about n^{-2} (log n)^{-c} (Komlos-Sulyok-Szemeredi type); the "almost n^{-2}" bound was the conjectured optimum	medium	n points in the unit square with every triangle of area at least n^{-2+c}, an absolute power improvement	The prior has the conjectured optimum as essentially n^{-2}; a power gain reverses it	1	overview.tex:461
193	Algebra	T0	Serre intersection-multiplicity positivity conjecture	Famous open case of Serre's 1957 conjectures. Vanishing and Euler-Poincare are known (Gabber, Roberts); strict positivity of chi(M,N) was open, with partial results in low dimension and complete-intersection cases	high	chi^R(M,N) > 0 for nonzero finitely generated modules over any regular local ring with finite-length tensor product and complementary dimensions, including ramified mixed characteristic	The prior has positivity as the outstanding Serre case	1	overview.tex:467
194	Algebra	T2	Lech multiplicity conjecture	Open since 1955: e(R) <= e(S) under flat local homomorphisms; known in low dimension and for unramified extensions	medium	e(R) <= e(S) for every flat local homomorphism of nonzero Noetherian local rings, every dimension and characteristic	Famous commutative-algebra conjecture	2	overview.tex:469
198	Algebra	T3	Little finitistic-dimension conjecture	Famous open problem in representation theory: findim of a finite-dimensional algebra is finite. Wald-Benson counterexamples exist for infinite-dimensional algebras; no finite-dimensional counterexample was known	high	A finite-dimensional complex algebra whose finite-dimensional modules have unbounded finite projective dimensions	The prior has the finite-dimensional case as the open core of the problem	1	overview.tex:477
199	Algebra	T3	Auslander-Reiten, Tachikawa, and Nakayama conjectures	All open and famous as of early 2025: the Nakayama conjecture, the Auslander-Reiten conjecture, Tachikawa's second conjecture, the Auslander-Gorenstein and Wakamatsu tilting conjectures. No counterexample was known for any of them	high	Characteristic-two examples refuting Auslander-Reiten, Gorenstein-projective, Tachikawa II, classical/generalized/strong Nakayama, Auslander-Gorenstein, and Wakamatsu tilting	The prior has each as open with a large body of supporting evidence; a joint refutation is a reversal	1	overview.tex:479
200	Algebra	T0	Eisenbud-Green-Harris and lex-plus-powers conjectures	Open in general as of early 2025. Known for complete intersections and for special Hilbert functions; the lex-plus-powers conjecture (Bigatti-Coe-Caviglia programme) has partial results	medium	Any homogeneous ideal containing a regular sequence has a lex-plus-powers ideal with the same Hilbert function and no smaller Betti numbers, in char 0	The prior has the conjecture open with structural partial results	1	overview.tex:481
202	Algebra	T0	Blockwise Alperin weight conjecture	Famous open conjecture (Alperin 1985). Späth's reduction to the inductive Alperin-McKay condition (2013) and the inductive Alperin weight condition are the standard frontier; the full blockwise statement was open	high	The number of irreducible Brauer characters in a block equals the number of conjugacy classes of weights, every prime and every finite group	The prior has this as a major open problem in modular representation theory	1	overview.tex:485
204	Algebra	T0	Type-D saturation conjecture (Spin(2n))	Partly known. Type A saturation factor 1 is the Horn-Knutson-Tao theorem; Belkale-Kumar (2011) proved saturation constant 1 for types B, C, D via intersection theory on flag varieties	low	Saturation factor 1 for Spin(2n): invariants at a common dilation give invariants at the original weights	The prior has the type-D case as covered by Belkale-Kumar	3	overview.tex:489
207	Algebra	T3	l^1-Bass and complex Bass trace conjectures	Open. The Bass conjecture (traces of idempotents supported on finite conjugacy classes) is open for general groups; Kaplansky's idempotent conjecture for torsion-free groups is open	medium	l^1-Bass for every discrete group; integral Bass trace and Kaplansky idempotents for torsion-free groups over char-0 domains	The prior has these as standard open conjectures in the Lott / Novikov programme	1	overview.tex:495
208	Algebra	T0	Finite Benson-Etingof-Ostrik conjecture	Open as of early 2025. The BEO conjecture predicts a fiber functor to the Verlinde category Ver_p; known for representation categories of finite group schemes in restricted cases	medium	Every finite symmetric tensor category over an algebraically closed field of char p>0 admits a fiber functor to Ver_{p^n}, including char 2	The prior has the conjecture open with the Etingof-Ostrik classification programme unfinished	1	overview.tex:497
210	Algebra	T3	Foulkes conjecture (sixth case)	Partly known. Foulkes' conjecture (1950s) is proved for a=2,3,4 and 5 by successive work; the a=6 case and the quadratic-stabilization statement were open	medium	Sym^6(Sym^b V) embeds in Sym^b(Sym^6 V) for b>=6; the multiplication map is surjective for a>=2, b>=a(a-1)	The prior's frontier is a=5	2	overview.tex:501
213	Probability and statistical mechanics	T3	Benjamini-Schramm criticality conjecture (no infinite cluster at p_c)	Open beyond Z^2. Kesten (1980) settles Z^2; for Z^3 and for quasi-transitive graphs with p_c<1 the absence of an infinite cluster at criticality was a headline open problem	high	No infinite cluster at p_c for bond percolation on every infinite connected locally finite quasi-transitive graph with p_c<1; also site and bond percolation on Z^3	The prior has Z^3 criticality as open	1	overview.tex:509
214	Probability and statistical mechanics	T2	Benjamini-Schramm nonuniqueness conjecture p_c<p_u	Open as of early 2025 for general nonamenable quasi-transitive graphs; known for regular trees and for some graph families, with the triangle condition as a companion conjecture	medium	p_c<p_u on every infinite connected locally finite nonamenable quasi-transitive graph; a nonempty nonuniqueness window; the critical triangle condition	The prior has the conjecture open with tree cases as the model	2	overview.tex:511
220	Probability and statistical mechanics	T3	Directional zero-one laws and the ballisticity conjecture for RWRE	Open in the stated generality. Sznitman's (T_gamma) condition gives ballisticity; directional transience implying ballisticity was open; the zero-one law for iid uniformly elliptic environments in d>=2 was open	medium	Directional escape has probability 0 or 1 for iid strictly elliptic and stationary ergodic finite-range environments; directional transience implies ballisticity in d>=2	The prior has these as standing open problems in the RWRE literature	1	overview.tex:523
226	Probability and statistical mechanics	T0	Double-dimer CLE_4 scaling-limit conjecture (half-plane Temperleyan form)	Conjectured in the Kenyon-Wilson double-dimer programme (2011): the double-dimer loop ensemble should converge to CLE_4. Loop-observable convergence was known; full loop convergence in the Temperleyan half-plane was open	medium	Two independent Temperleyan dimer coverings produce loops converging to nested CLE_4, as unparametrized curves	The prior has the CLE_4 identification as a conjecture supported by observable-level evidence	1	overview.tex:535
230	Probability and statistical mechanics	T2	Schramm Hausdorff-measure question for chordal SLE_kappa	Open. Beffume (2004) gives the SLE dimension d=1+kappa/8; the exact gauge with the log-log correction and positive finite measure on trace segments was Schramm's question	medium	The gauge r^d (log log(1/r))^{(2-d)/2} gives positive finite measure to every SLE trace segment, 0<kappa<8	The prior has the dimension but not the measure	2	overview.tex:543
235	Probability and statistical mechanics	T2	Random k-SAT threshold existence and computability	Partly known. Sharp thresholds for large k (Ding-Sly-Sun, 2022) and the Aizenman-Krzakala-Siracusa non-uniform threshold; existence of the threshold for every fixed k>=3 and its computability were open	medium	Finite positive limiting thresholds and Theta_k(n) hitting-time variance for every fixed k>=3; computability of the 3-SAT threshold. The blurb credits Carenini with priority (ECCC TR26-229, 2026-10-05)	The prior has large-k results, not every fixed k; the priority credit is a post-prior release fact	2	overview.tex:553
236	Probability and statistical mechanics	T3	Lyons factor-of-IID question for the ferromagnetic Ising model on trees	Niche in the prior's record. Factor-of-iid representations of the Ising model are known at high temperature on Z^d (Bricmont-Lebowitz-Pfister-Spencer); the sharp threshold on the d-regular tree was Lyons's question	low	The free zero-field Ising state on the d-regular tree is a factor of iid exactly when tanh(beta) <= (d-1)^{-1/2}	The prior knows the question exists; the sharp threshold is beyond its record	2	overview.tex:555
241	Mathematical logic	T3	Rigidity of the Turing degrees	Long-standing open problem. Nies-Shore-Slamann (1998) proved the Turing degrees are definable in the enumeration degrees; that every automorphism of the Turing degrees is the identity was open	high	Every order automorphism of the Turing degrees is the identity	The prior has rigidity as a headline open problem of the subject	1	overview.tex:567
242	Mathematical logic	T3	Single-fold Diophantine representation conjecture	Open. Matijasevic-Robinson-type questions on Diophantine representations with few auxiliary solutions; the finite-fold conjecture was open	medium	Every r.e. set has a Diophantine representation with exactly one auxiliary solution per member; undecidability persists under the at-most-one-solution promise	The prior has the finite-fold conjecture as open and the single-fold form as a known strong demand	2	overview.tex:569
245	Mathematical logic	T2	beta-Barendregt-Geuvers-Klop conjecture	Open and standard in type theory: weak normalization implying strong normalization for all pure type systems; proved for restricted classes (simply typed, System F fragments)	high	Weak normalization implies strong normalization for every pure type system, including nonfunctional rules and open contexts	Famous open conjecture in the Barendregt-Geuvers-Klop programme	2	overview.tex:575
248	Group theory	T3	Amenability of Thompson's group F	The famous open problem (open as of early 2025, with a long history and strong evidence on both sides; no solution in the prior's record)	high	Thompson's group F is nonamenable	The prior has both answers open; a resolution in either direction is headline-level	1	overview.tex:583
251	Group theory	T3	Dixmier's problem (amenability and similarity of representations)	Open converse. Dixmier's theorem gives similarity to unitary for amenable groups; the converse characterization for all discrete groups was open; Ulam stability for groups was a recent programme	medium	Amenability is equivalent to every uniformly bounded representation being similar to a unitary one; and to strong Ulam stability for countable groups	The prior has the forward direction as classical and the converse as open	1	overview.tex:589
255	Group theory	T2	Eskin-Fisher-Whyte quasi-isometric rigidity conjecture for polycyclic groups	The nilpotent case is Eskin-Fisher-Whyte (2011), a landmark; the polycyclic generalization was stated as the next case and open in the prior's record	medium	Polycyclic groups are quasi-isometrically rigid: any group within finite distance of one is virtually a lattice in the same simply transitive Lie group	The prior has the nilpotent theorem and the polycyclic case as open	2	overview.tex:597
256	Group theory	T2	Howie and Kervaire conjectures on balanced presentations of the trivial group	Open as of early 2025. Kervaire's 1969 conjecture (balanced presentation of the trivial group is 2-generator) and Howie's variant are standard open problems; known for special classes	medium	Every balanced presentation of the trivial group is a 2-generator presentation, with the companion Howie conjecture	The prior has both as open with partial-class results	2	overview.tex:599
266	Mathematical physics	T2	Zauner dimension-six mutually unbiased bases conjecture	The prior is confident: Zauner's conjecture (a SIC-POVM in every dimension with a single unitary generating it) is open; in dimension 6 the maximal entanglement value 3 was the outstanding case, with 3 known and 4 conjectured	high	The maximal entanglement of a 6x6 bipartite unitary is exactly 3, giving SIC-12 from a single unitary	The prior has the value 4 as the conjectured one, so the exact 3 is a reversal	1	overview.tex:621
268	Mathematical physics	T0	Spin-one Haldane gap	Established in physics (Haldane 1982-83, numerically and experimentally confirmed) with no rigorous proof for the spin-1 antiferromagnetic Heisenberg chain in the prior's record	high	The spin-1 antiferromagnetic Heisenberg chain has a nonzero gap above its unique translation-invariant ground state	The prior has this as accepted physics and an open problem in mathematical physics	1	overview.tex:625
269	Mathematical physics	T3	Fermionic Laughlin gap at filling 1/3	Accepted in physics (Haldane 1984, Halperin 1984) for the fractional quantum Hall state; no rigorous gap proof in the prior's record	high	The fermionic 1/3 Laughlin state has a mobility gap above its gapped ground state, via a norm bound on a nonlocal operator	The prior has the physical acceptance and the mathematical proof as open	1	overview.tex:627
270	Mathematical physics	T0	BFSS bound state at the threshold coupling	Expected in the BFSS matrix-model programme (Banks-Fischler-Shenker-Susskind 1997); the existence of a normalizable bound state at the threshold coupling was unproved, and the companion contradicts the original BFSS paper at N=2	medium	A bound state exists at the threshold coupling for every N>=2; the N=2 case contradicts the original BFSS analysis	The prior has the threshold bound state as expected and unproved	1	overview.tex:629
274	Mathematical physics	T3	Moore's parity problem for depth-2 quantum circuits	Open as of early 2025. Nisan's 2002 exponential lower bound for QAC0 is the classical result; parity in depth-2 quantum circuits (QAC0 with unbounded fan-out) was Moore's stated open problem	medium	Parity is not computable by depth-2 quantum circuits with generalized Toffoli gates and unbounded fan-out	The prior has the classical Nisan bound and the quantum case as open	2	overview.tex:637
280	Mathematical physics	T2	Strong locality for strongly rational vertex operator algebras	Partly known. The Virasoro case is Carpi-Kawakami-Toma-Takesaki (2020); the strongly rational case was open, as was the split property for von Neumann algebras generated by local VOA regions	medium	Strong locality for local von Neumann algebras of strongly rational VOAs, with the split and generalized split properties	The prior has the Virasoro case as proved and the rational case as open	2	overview.tex:649
285	Operator algebras	T0	Coefficient-free Baum-Connes conjecture and the Kadison-Kaplansky conjecture	Open as of early 2025. The Baum-Connes conjecture with coefficients fails (Higson-Lafforgue-Skandalis 1998); the coefficient-free version is the open core. Kadison-Kaplansky (idempotents in C[G], torsion-free G) is a standard open problem	high	Strong amenability for all hyperbolic groups, coefficient-free Baum-Connes, and the Kadison-Kaplansky idempotent conjecture for torsion-free groups	The prior has both as open, with the coefficients version known to fail	1	overview.tex:662
287	Operator algebras	T2	Connes embedding problem and the free group factor isomorphism problem L(F_2) = L(F_3)	Famous open as of early 2025. The Connes embedding problem was open (with the Tsirelson/Rosenthal variants); L(F_2) vs L(F_3) is the flagship open problem of free group factors	high	The Connes embedding problem has a positive solution and L(F_2) is isomorphic to L(F_3)	The prior has both as flagship open problems	1	overview.tex:666
290	Operator algebras	T3	Connes bicentralizer problem	Open since the 1970s (Connes 1976 reduction of injectivity of the hyperfinite II_1 factor to the bicentralizer property); known for special masa inclusions	medium	Every masa in the hyperfinite II_1 factor has the bicentralizer property, giving injectivity of the factor	The prior has it as a long-standing open reduction	1	overview.tex:672
291	Operator algebras	T3	Toms-Winter conjecture (unital case) and the equivariant Z-stability conjecture	Partly known. The nonunital Toms-Winter theorem is proved (Toms 2008, Rordam 2009, Villadsen examples as motivation); the unital case and the equivariant Z-stability conjecture were open	medium	Three regular tracial states force Z-stability for unital simple exact stably finite algebras; finite-group actions with a compatible action on the tracial state space are Z-stable	The prior has the nonunital case as proved	2	overview.tex:674
295	Operator algebras	T2	Kadison-Ringrose conjecture on bounded derivations	Famous open as of early 2025 (Kadison-Ringrose 1983): every bounded derivation from a C*-algebra into a dual Banach bimodule is inner; proved for separable C*-algebras and von Neumann algebras	high	Every bounded derivation from a C*-algebra into a dual Banach bimodule is inner, in full generality	The prior has the general case as open	1	overview.tex:682
296	Operator algebras	T3	Generator problem for II_1 factors	Open as of early 2025: does every II_1 factor have a self-adjoint generator? Known for hyperfinite and for many constructed families	medium	Every II_1 factor is generated by a single self-adjoint element	The prior has it as a standard open problem	2	overview.tex:684
300	Operator algebras	T0	Kadison's paving conjecture and the Popa-Vaes quadratic paving conjecture	The classical Kadison paving conjecture was solved for l_infinity by Marcus-Spielman-Srivastava (2013, via the Bourgain-Tzaïri conjecture); the noncommutative Popa-Vaes quadratic paving conjecture was open	medium	Quadratic paving for operators in the group von Neumann algebra of a discrete group, with the paving constants	The prior has the commutative case as solved and the noncommutative version as open	1	overview.tex:692
301	Operator algebras	T0	Robert's trace-cone question for simple separable exact nonunital C*-algebras	Not in the prior's working knowledge: a niche structural question about the Cuntz semigroup and trace cone of nonunital simple exact algebras	low	Strict comparison of positive elements by traces holds for simple separable exact nonunital C*-algebras	The prior cannot place the question's standing	4	overview.tex:694
303	Operator algebras	T2	Kirchberg-Rordam question on ordinary versus strong pure infiniteness	Open as of early 2025: Kirchberg-Rordam (2000) defined purely infinite C*-algebras; whether ordinary pure infiniteness implies the strong form was a stated open question	medium	Ordinary pure infiniteness implies strong pure infiniteness for separable nuclear unital simple amenable C*-algebras	The prior has the distinction as a standing open question	2	overview.tex:698
304	Topology	T0	Hilbert-Smith conjecture in all dimensions	Open as of early 2025. The p-adic case reduces to the periodic-homeomorphism conjecture; Pardon's 3-manifold result is the model case; the general dimensional statement was open	high	No locally compact group acts effectively on a connected manifold as a transitive transformation group, in every dimension	The prior has the 3-manifold case as Pardon's theorem and the general case as open	1	overview.tex:702
309	Topology	T0	Kervaire invariant problem at odd primes	Partly known. Hill-Hopkins-Ravenel (2009) solved the Kervaire invariant problem at the powers of 2 (elements exist only in dimensions 2,4,8,16,32); the odd-primary analogue was open	medium	The Kervaire invariant element theta_j does not exist at any odd prime p and any j>=1	The prior has the 2-primary case as solved and the odd-primary case as open	1	overview.tex:712
310	Topology	T0	Quillen conjecture in rational homology	Partly known. Quillen (1971) proved finite generation of the cohomology of a finite group over a field; the "only if" direction (finite generation forces the group to be finite) was open for general rings	high	Finite generation of the cohomology of a group acting on a noetherian ring forces the group to be finite, in the rational-homology form	The prior has the forward direction as classical and the converse as open	1	overview.tex:714
311	Topology	T0	Chai's conjecture on invariant ideals and the Hovey-Strickland programme	Open as of early 2025. Chai's invariant-ideal conjecture (arithmetic geometry of the moduli of abelian varieties, p-rank stratification) and the Hovey-Strickland conjecture on Landweber-exact functors / Brown-Comenetz duality are open	medium	Chai's invariant-ideal conjecture for the p-rank stratification, with the companion Hovey-Strickland statement	The prior knows the statements exist and are open	2	overview.tex:716
313	Topology	T0	Degreewise finiteness of the K(n)-local sphere	Open as of early 2025. The K(n)-local sphere's homotopy groups are known to be finitely generated Z_p-modules in a range; the full degreewise finiteness conjecture (Sadofsky, Barthel-Beaudet-Vivandi programme) was open	medium	The K(n)-local sphere is degreewise finite, with the homotopy fixed point spectral sequence converging	The prior has it as an open structural conjecture	2	overview.tex:720
317	Topology	T2	Ara-Maltsiniotis conjecture on the K-theory of derived categories	Open as of early 2025 (Ara-Maltsiniotis 1999): the K_0 of a triangulated category of perfect complexes, and the Quillen-equivalence conjecture for the derived category of a scheme	medium	The Ara-Maltsiniotis conjecture on K_0 of bounded derived categories, with the Quillen-equivalence statement	The prior has it as an open conjecture in derived K-theory	2	overview.tex:728
322	Functional analysis	T3	Tingley's problem for Banach spaces	Partly known. Tingley's problem (surjective isometries between unit spheres extend to linear isometries) is solved for C*-algebras and von Neumann algebras by Kadets-Kolesnikov-Peralta-Tan; the general Banach-space case was open	medium	Surjective isometries between unit spheres of arbitrary Banach spaces extend to real-linear isometries	The prior has the operator-algebra case as solved and the Banach case as open	1	overview.tex:740
324	Functional analysis	T3	The separable Lipschitz-isomorphism problem	Open as of early 2025: whether every separable Banach space is Lipschitz-isomorphic to a Hilbert space (the Lipschitz-free space programme) was open	medium	Every separable Banach space is Lipschitz-isomorphic to a Hilbert space	The prior has it as a standard open problem in nonlinear Banach geometry	1	overview.tex:744
325	Functional analysis	T3	Crouzeix's conjecture	Famous open as of early 2025 (Crouzeix 2004): the numerical range is a 1-convex set for every matrix, with the constant 1; proved for 2x2, normal, and some special classes; the general case is a headline open problem	high	||p(A)|| <= max |p(z)| over the numerical range of A, for every polynomial and every matrix, with constant 1	The prior has the constant 2 version as Crouzeix-von-Seyffertdill and the constant 1 as open	1	overview.tex:746
326	Functional analysis	T3	cotype-cotype conjecture under the approximation property	Open as of early 2025: the cotype 2 problem for Banach spaces (the Maurey-Pisier theorem gives type 2 implies cotype 2 for L_p-type settings); the general cotype-to-cotype question was open	medium	The cotype 2 problem in the Maurey-Pisier setting, with the companion cotype question	The prior has the theorem and the open generalization	2	overview.tex:748
328	Functional analysis	T3	Kirk's fixed-point problem for reflexive spaces	Open as of early 2025. Kirk's theorem (1965) gives the fixed-point property for weakly compact convex sets in spaces with uniform normal structure; the reflexive-space case without uniform convexity was the standard open problem	high	Every weakly compact convex subset of a reflexive Banach space has the fixed-point property for nonexpansive mappings	The prior has it as a classic open problem with many partial cases	1	overview.tex:752
332	Functional analysis	T0	Mendel-Naor question on metric Markov cotype 2 for L_1	Open as of early 2025. Mendel-Naor (2010) introduced metric Markov cotype and proved L_p spaces have it; the L_1 case was their stated open question, connected to the Ball extension problem	medium	L_1 has metric Markov cotype 2, with the companion Ball extension problem	The prior has the L_1 case as open	1	overview.tex:760
333	Differential geometry	T2	Smooth isometric immersion of closed surfaces into R^4	Open as of early 2025. The C^{1,1} isometric immersion of closed surfaces into R^4 is known (Borisov, Han-Jia); smooth isometric embedding of closed surfaces into R^4 was open	high	Every closed surface admits a smooth isometric immersion into 4-dimensional Euclidean space	The prior has the low-regularity case as known and the smooth case as open	1	overview.tex:764
335	Differential geometry	T0	Gromov's integral scalar-curvature inequality and Gromov-Lawson rational inessentiality	Open as of early 2025. Gromov's integral scalar-curvature inequality for enlargeable manifolds and the rational inessentiality of enlargeable manifolds (Gromov-Lawson, Stolz programme) were open	medium	The integral scalar-curvature inequality for enlargeable manifolds and rational inessentiality, with the torus-area inequality	The prior has these as headline open problems in scalar curvature	1	overview.tex:768
340	Differential geometry	T0	Nearby Lagrangian submanifolds conjecture	Partly known. Humiliere-Leclercq-Seyfaddini (2015) proved the nearby Lagrangian conjecture in dimension 2; the general case was open, and the release's companion gives a counterexample	high	A counterexample to the nearby Lagrangian conjecture, with the companion statement	The prior has the conjecture as open with the surface case proved; a counterexample is a reversal	1	overview.tex:778
343	Differential geometry	T2	Siegel-Yao conjecture on Siegel transforms	Open as of early 2025. The Siegel transform is L^1 for k=2 (Lorentz, Duke-Rudnick-Sarnak); the L^1 property for k>=3 in the Siegel-Yao setting was open	medium	The Siegel transform is integrable for every k>=3 in the stated lattice setting	The prior has the k=2 case as classical	2	overview.tex:784
344	Differential geometry	T0	Metric Blaschke conjecture	Partly known. The metric Blaschke conjecture (a sphere-bundle version of the Blaschke conjecture on 2-sphere foliations) is known for standard spheres (Yamaguchi-Ito); the general case was open	medium	The metric Blaschke conjecture for the stated class of 2-sphere foliations	The prior has the sphere case as known	2	overview.tex:786
349	Differential geometry	T0	Solomon-Yau conjecture on least-volume hyperspheres	Open as of early 2025 (Solomon-Yau 1985): a least-volume hypersphere in the round sphere is equatorial; known for low dimensions and special classes	medium	A least (n-1)-volume hypersphere in the round n-sphere is an equatorial sphere	The prior has it as an open problem in geometric measure theory	2	overview.tex:796
360	Differential geometry	T3	Villani's conjecture on displacement convexity under weak MTW	Open as of early 2025. Lott-Villani / Sturm give displacement convexity under the curvature-dimension condition; Villani's conjecture that the weak MTW condition implies displacement convexity was open	medium	Displacement convexity of entropy under the weak Ma-Trudang-Wang condition	The prior has the strong MTW case as known and the weak case as open	2	overview.tex:818
366	Partial differential equations	T0	Mumford-Shah regularity conjecture in the plane	Partly known. The Mumford-Shah conjecture (the singular set of a minimizer is a finite union of C^{1,alpha} arcs) is proved for local minimizers with crack-tip configurations (David-Semmes, Bonnet) and for Borel regularity of the singular set; the full planar statement was open	medium	The singular set of a planar Mumford-Shah minimizer is a finite union of C^{1,alpha} arcs	The prior has the crack-tip and Borel-regularity results as the frontier	2	overview.tex:832
368	Partial differential equations	T0	Ball-Evans theorem in three dimensions	Partly known. Ball-Evans (1998) proved the div-curl/Lam system in two dimensions; the three-dimensional case was open	medium	The Ball-Evans theorem extends to three dimensions, with the companion Lam-system statement	The prior has the 2D theorem and the 3D case as open	1	overview.tex:837
370	Partial differential equations	T3	Subcritical Lane-Emden and Hénon solutions	Partly known. The Lane-Emden system's subcritical case is known for radial solutions (Chen-Li, Zou); the non-radial subcritical case and the Hénon system analogue were open	medium	No positive solution for the subcritical Lane-Emden system and the Hénon system in the stated range, non-radial included	The prior has the radial case as proved	2	overview.tex:841
