library	repo_url	pinned_commit	lakefile_declared	yaml_relationship	direct_imports	patch_file	patch_lines
mathlib	https://github.com/leanprover-community/mathlib4.git	d13f23b723b8a846827a245b89c10fc7d3f11612	y	builds-on	56196	none	0
PrimeNumberTheoremAnd	https://github.com/AlexKontorovich/PrimeNumberTheoremAnd.git	c39a751132c88b6e8080b74c74023fd95b3d8be0	y	builds-on	244	PrimeNumberTheoremAnd-lean4341.patch	39904
StrongPNT	https://github.com/math-inc/strongpnt.git	2f5835c322314f55f1026ec2f139d704b7c45c69	y	builds-on	12	StrongPNT-lean4341.patch	26284
rellich-kondrachov	https://github.com/abenenson/rellich-kondrachov.git	70f85d4c1bf99c6e7d61e8be4daa6f3664d08d23	y	builds-on	9	rellich-kondrachov-lean4341.patch	2697
TauCeti	https://github.com/TauCetiProject/TauCeti.git	3bed7e37f3c504a99e8c07e9f309540812a7aa90	y	builds-on	5	none	0
ClassFieldTheory	https://github.com/n-yamaguchi-0729/ClassFieldTheory.git	2eb22d6485af45f29c5219de6c49f196a61c4f49	y	builds-on	4	ClassFieldTheory-lean4341.patch	31757
fixed-point-theorems	https://github.com/harfe/fixed-point-theorems-lean4.git	770940ddf9878cf61952ed53d910b92bca841838	y	builds-on	4	fixed-point-theorems-lean4341.patch	640
SphereEversion	https://github.com/leanprover-community/sphere-eversion.git	9c53f91e2a281199163ecea04dc4976cb79e2076	y	builds-on	2	SphereEversion-lean4341.patch	21
gromov	https://github.com/Aaron1011/gromov.git	8db79f13cf211b570e3116301d91379fbc01cf3e	y	builds-on	2	gromov-lean4341.patch	18638
schoenflies-lean	https://github.com/alonamaloh/schoenflies-lean	05a43d29cde026618777db3d4e4316204ccca237	y	builds-on	2	schoenflies-lean-lean4341.patch	2575
AbsorptionCutoff	https://github.com/BennyAvelin/AbsorptionCutoff.git	41c45c6d72e979419e46224bb7b4be5cee31f2b5	y	builds-on	1	AbsorptionCutoff-lean4341.patch	111
BernoulliRegular	none	none	n	none	1	none	0
AINTLIB	https://github.com/CBirkbeck/AINTLIB.git	160e446617a2168c34c95bbe7a76c4105b392434	y	builds-on	0	AINTLIB-lean4341.patch	23288
LeanArchitect	https://github.com/hanwenzhu/LeanArchitect.git	468e8f58fb4ad6e6ad672a08da6d0d0531e95a97	y	builds-on	0	none	0
PrimeCert	https://github.com/b-mehta/PrimeCert.git	0803c2f6bd289c09704c7d352bb8fcf770cbb9b2	y	builds-on	0	none	0
Zeta3Irrational	https://github.com/ahhwuhu/zeta_3_irrational.git	e8785315a01c8fbcddaa0fc03b3c8b29a61bc1f1	y	builds-on	0	Zeta3Irrational-lean4341.patch	3240
belyi	https://github.com/lana-agents/belyi.git	9ce4d3f793d3bc831f2fc7214b7dbad90ea012d8	y	builds-on	0	belyi-lean4341.patch	408
carleson	https://github.com/fpvandoorn/carleson.git	306ae5b29300771aece1aa39f0a939183cc59486	y	builds-on	0	carleson-lean4341.patch	4374
checkdecls	https://github.com/PatrickMassot/checkdecls.git	3d425859e73fcfbef85b9638c2a91708ef4a22d4	y	builds-on	0	none	0
doc-gen4	https://github.com/leanprover/doc-gen4.git	953c8992d174b4e56955e01e101d46668c68f2bb	y	builds-on	0	none	0
elliptic-curves	https://github.com/lana-agents/elliptic-curves.git	bebec3fc9f2602e81c83e5236789572a541c85fb	y	builds-on	0	elliptic-curves-lean4341.patch	668
formal-schemes	https://github.com/lana-agents/formal-schemes.git	51aa935079537bf4dc580751a6e70727fb23ca93	y	builds-on	0	formal-schemes-lean4341.patch	193
genl	https://github.com/lana-agents/genl.git	ea2846c877d1e16d8f0b911a5fed07f5ee69eaaf	y	builds-on	0	genl-lean4341.patch	189
heights	https://github.com/lana-agents/heights.git	721496ca4c158e511d25d8ccf6bfe8503eda73c1	y	builds-on	0	heights-lean4341.patch	494
iut	https://github.com/lana-agents/iut.git	d9465c111ec4073709f67e9fccec7e3eb374a816	y	builds-on	0	iut-lean4341.patch	1164
leancert	https://github.com/alerad/leancert.git	7f91b6eb3567437f6cfac03ed279706603ee22f4	y	builds-on	0	none	0
oka	https://github.com/lana-agents/oka.git	75dcdc3faadd10b986afb9283e89902bcdddecd4	y	builds-on	0	oka-lean4341.patch	2014
orbicurve-cores	https://github.com/lana-agents/orbicurve-cores.git	61616dcd77fbe45c083a8ebfa7cc80728f86e841	y	builds-on	0	orbicurve-cores-lean4341.patch	695
pi1	https://github.com/lana-agents/pi1.git	ca7def953193f861a462aa0831eec8f0a31ff69f	y	builds-on	0	pi1-lean4341.patch	418
tate-curves-theta	https://github.com/lana-agents/tate-curves-theta.git	ca6c2279d3cea0690cdb01328e727118d5485d68	y	builds-on	0	tate-curves-theta-lean4341.patch	143
tempered-fundamental-groups	https://github.com/lana-agents/tempered-fundamental-groups.git	2006651f52b70ea2fe3388238c7d9db14d21748f	y	builds-on	0	tempered-fundamental-groups-lean4341.patch	272
