term	pattern	fams	title	abstract	scope	path	status	note
graph-theory	\bgraph|graph coloring|independence number|clique|spanning tree|hamiltonian|matching in|treewidth	43	14	37	34	3	assigned	Incidental in 008 206 246 265 281 307 331 340 347 353: graph vocabulary in a non-graph abstract or scope note.
algebraic-topology	homotopy|homology|cohomology|fundamental group|cobordism|model structure|obstruction|fixed-point problem|smith--toda|quillen|eilenberg--ganea|d\(2\)|wall's|classifying space	42	10	29	21	0	assigned	Broad by design - homotopy/homology/cohomology are abstract-level words. Incidental in 099 151 152 172 194 196 227 240 287 292 295 307 324 328 331 334 341 342.
algebraic-geometry	algebraic geometr|birational|moduli space|moduli of|anticanonical|gotsman--linial|newton polytope|coherent sheaf|\bklt\b|fano|minimal model|abundance|iitaka|seshadri|line bundle|\bample\b|\bnef\b|severi|ogeri|bridgeland|gromov-witten|virasoro|complete intersection|projective bundle|derived category|p=w\b|hikita|quiver|shafarevich|zariski|lipman|griffiths|kobayashi|pixton|kuznetsov|gepner|mukai|campana|peternell|fujita|nagata|bloch's conjecture|hodge conjecture|zilber-pink|siegel threefold|affine fibration|spherical shell|lebrun|salamon|projective contact	35	30	34	5	1	assigned	moduli narrowed to 'moduli space|moduli of' after 372 matched it as 'moduli of elasticity'. Incidental in 002 027 198.
manifolds	manifold	31	4	31	8	1	assigned	Bare stem; 31 families, mostly abstract-level hits.
riemannian-geometry	riemannian|ricci|sectional curvature|geodesic|scalar curvature|isoperimet|einstein manifold|einstein metric|einstein four-manifold|three-manifold|four-manifold|three-torus|blaschke|bernstein rigidity|nonnegatively curved	29	10	26	17	0	assigned	Incidental in 144 212 246 257 305 320 376.
complexity-theory	complexity theor|unique games|2-to-1 games|p vs np|hardness of approximation|inapproxurab|\bpcp\b|ppad|circuit|quasipolynomial|matrix multiplication|permanent|subset sum|weisfeiler--leman|star height|state costs|derandomization|mean-payoff|parity games|exponential semidefinite|depth-three|depth-five|space simulation|sensitivit	27	17	21	18	3	assigned	sensitivit added for 132. Incidental in 096 130 141 159 164 238.
group-theory	group theory|finite group|simple group|solvable group|nilpotent group|free group|amenable|nonamenable|residually finite|hyperbolic group|polycyclic|artin group|cannon's|thompson's group|eilenberg--ganea|boone--higman|ulam stability|fixed price|howie|sofic|equations over groups|2-group	27	15	26	16	1	assigned	Incidental in 014 196 206 207 285 290 291 305 310: group vocabulary in AG, K-theory, and analysis abstracts.
metric-geometry	metric space|gromov|cat\(0\)|cat\(-1\)|distortion|embedding of|embeddings of|warped metric|quasi-isometr|coarse|bi-lipschitz|markov type|edit distance|treewidth|nonexpansive	25	10	19	21	3	assigned	Incidental in 133 190 211 254.
algorithms	algorithm\b|polynomial-time algorithm|almost-linear-time|near-linear-time|randomized algorithm|integer multiplication|exact matching in	24	2	10	16	0	assigned	Kept broad on bare 'algorithm'. 076 097 372 match only in scope-note exclusion prose ('it does not supply an ... algorithm'); 004 206 match 'no algorithm decides', a nonexistence statement about algorithms.
operator-algebras	c\*algebra|c\*-algebra|von neumann|operator algebra|tracial|trace cone|quantum group|connes|popa|vaes|kirchberg|kadison|bicentralizer|kaplansky's quasitrace|jiang--su|pure infiniteness|quasitrace|baum--connes|ultrapower|similarity conjecture|generator problem|naimark|voiculescu|ringrose|toms--winter|razak|jacelon|phillips--toms|free group factor	24	20	21	18	1	assigned	kaplansky narrowed to "kaplansky's quasitrace" after 196 (Kaplansky's zero-divisor is noncommutative-algebra). Incidental in 033 084 197 273 280 293.
computability	computab|turing|decidab|halting|undecidab|np-complete|np-hard|complexity class|turing degrees	22	3	13	9	10	assigned	The path layer is the strongest signal here (10 of 22): the release files these under a computability module dir.
mathematical-physics	quantum field|gauge|renormalization|conformal field|spin chain|integrable system|boltzmann|virasoro constraint|vertex operator|\bqft\b|penrose|cosmic censorship|\bkerr\b|spacetime|bfss|haldane|laughlin|bloch's law|bose--einstein|coulomb energy|kohn--sham|lieb--thirring|ionization	21	16	19	8	2	assigned	einstein narrowed to 'bose--einstein' after 267 281 (Bose-Einstein, not Einstein).
statistical-mechanics	ising|statistical mechanic|partition function|gibbs measure|phase transition|bkt|xy model|ashkin--teller|six-vertex|dimer|o\(n\) model|area law|haldane|bose--einstein|ferromagnetic|bloch's law|laughlin|low-temperature	21	15	19	9	2	assigned	bloch's narrowed to "bloch's law" after 271 (Bloch's law is condensed matter, not the Bloch conjecture).
complex-geometry	hler|calabi-yau|compact complex|\boka\b|\bsyz\b|kodaira|canonical-ampleness|uniformization|complex surface	20	7	19	4	3	assigned	holomorphic dropped after it reached 041 046 050 052 058 059 064 359 (algebraic-geometry families). Accented names match on the letters after the accent escape: 'hler' reaches K\\"ahler and Kahler.
convex-geometry	convex bod|brunn--minkowski|convex geometr|polytope|zonotope|simplex|covering density|steinitz|mahler|petty|isotropic|log-concave|subgaussian|slicing|projection-volume|intersection body|illumination|bang|propeller|dimension reduction|logarithmic sobolev	20	12	12	16	3	assigned	divisor and cancellation dropped after 196 and 324.
curves	\bcurves?\b|genus [0-9iv]+|nodal|plane cubic	17	2	17	2	1	assigned	Bare plural; reaches algebraic, differential, and random curves.
harmonic-analysis	fourier transform|fourier restriction|fourier coefficien|fourier convergen|fourier-convergence|calder[oö]n|singular integral|restriction for|hardy space|oscillatory integral|kakeya|bochner--riesz|local smoothing|littlewood polynomial|maximal function|hilbert transform|riesz transform|carleson|sogge|decoupling|square function|sparsest|l\+log l|convergence problem	17	13	13	10	1	assigned	Core block 074-086 130. hilbert narrowed to 'hilbert transform' after 'Hilbert space' reached 089 090 094 098; fourier dropped after Gauss sums reached 010 014 020 023 031.
partial-differential-equations	partial differential|navier--stokes|euler equation|wave equation|heat equation|stokes equation|elliptic regularity|weak solution|vlasov--maxwell|boltzmann|mumford--shah|ball--evans|hot spots|lane--emden|de giorgi|infinity-harmonic|elastici|blowup|global smoothness|one-phase bernoulli|defocusing|schr[oö]dinger|stationary integral varifold	17	14	12	8	0	assigned	Named-conjecture vocabulary. The defocusing|schrodinger alternation was missing a '|' in an earlier revision, which silently dropped schrodinger from the pattern; fixed in this pass.
functional-analysis	functional analysis|bounded operator|resolvent|compact operator|semigroup|crouzeix|hilbert space|approximation property|fixed points of|sphere-isometry|linear isomorphism	16	5	11	12	1	assigned	Carries 'hilbert space' deliberately - Hilbert-space geometry is functional analysis, so 098 326 328 land here and not in harmonic-analysis.
measure-theory	measure theor|\bmeasurable|radon measure|borel|self-similar measures|measure-preserving	16	2	10	9	0	assigned	Incidental in 139 140 152 222 231 259 323 365 373.
disordered-systems	anderson model|localization|delocalization|random sat|satisfiability|perceptron|jamming|disorder|spin glass|sherrington|replica|diluted|orthogonally invariant|pair potentials	15	10	11	11	1	assigned	Named-model vocabulary: Sherrington-Kirkpatrick, random SAT, perceptron, jamming.
spectral-theory	spectral gap|eigenvalue|laplacian|isospectral|weyl law|hot spots|spectral scalar|kovalev-lindner|adjacency matrix	15	2	9	9	0	assigned	'spectral gap' reaches physics gap results in 211 219 227 234 265 268 269; kept because a gap statement is a spectral statement. Graph-spectra hits 131 133 178.
surfaces	\bsurface	15	9	14	5	0	assigned	Bare plural.
banach-spaces	banach|l\u005ep space|lp space|\bell_\d|schur|basic sequence|cotype|superreflexiv|lipschitz-free|renorming|midpoint uniform convexity|separable quotient|pietsch|kalton|markov cotype	13	10	13	11	2	assigned	
discrete-geometry	sphere packing|lattice packing|packing density|covering density|covering bound|covering of|lattice point|halving line|k-set|distinct distances|unit distances|crossing number|heilbronn|convex position|erdos-szekeres|voronoi|moat|borsuk|hadwiger's covering|illumination|bin-packing|periodic tiling|triangulat	13	11	10	11	2	assigned	packing and covering narrowed to packing density/covering density/covering bound/covering of/hadwiger's covering after bin-packing 118, symplectic ball-packing 343, Langlands covering groups 014, Ryser covering 162.
logic	zfc|set theory|large cardinal|model theor|descriptive set theory|forcing|independence from|categoricit|shelah|axiom of choice|choiceless|partition principle|proof theory|type theory|barendregt|existential theory of the reals	13	7	13	10	2	assigned	
planar-maps-and-lattice-models	planar map|first-passage|benjamini--schramm|limit shape|square-lattice|random-cluster|ashkin--teller|six-vertex|dimer|honeycomb|xy model|o\(n\) model|self-avoiding	13	9	13	4	0	assigned	Named-model vocabulary: planar maps, Benjamini-Schramm, six-vertex, dimer, XY, random-cluster, self-avoiding.
quantum-theory	quantum|schr[oö]dinger|qubit|entanglement|bell inequality|mutually unbiased	13	6	12	8	1	assigned	Broad quantum stem.
symplectic-geometry	symplectic|floer|poisson bracket|moment map|lagrangian|hamiltonian|ball-packing|hypersymplectic|contact|arnold|calabi flow	12	8	10	6	1	assigned	
condensed-matter	haldane|laughlin|bloch's law|ferromagnetic|bose--einstein|quantum depletion|anderson model|area law|jamming|perceptron|bfss|qaoa	11	9	10	6	1	assigned	Named-model vocabulary: Haldane, Laughlin, Bloch's law, BFSS, QAOA, quantum depletion.
conformal-universality	conformal universality|conformal limit|\bsle\b|\bcle\b|gaussian free field|scaling limit|continuum limit|critical universality|\bbkt\b|universality for	11	11	9	3	0	assigned	conformal narrowed to 'conformal universality|conformal limit' after 218 223 280 282 (conformal field theory).
dynamical-systems	dynamical system|lyapunov|periodic orbit|attractor|renormalization|teichm[uü]ller|standard map|birkhoff|billiard|bernoulli convolution|reaction network|shub|hilbert's sixteenth|cycle bounds|entropy conjecture|positive-entropy	11	8	6	7	0	assigned	Named-object vocabulary: Shub, billiards, Bernoulli convolutions, Hilbert's sixteenth, Teichmuller, positive-entropy.
primes	prime number|\bprimes\b|prime gap|prime predecessor|jacobsthal|prime ideal|largest prime factor|twin prime|primitive root	11	6	10	6	1	assigned	
probability	brownian|markov chain|random walk|large deviation|central limit|stochastic process|zero--one law|coupling|martingale|first-passage|ballisticity|random environment|diffusion|uniform spanning|factor of iid|gaussian field|regression	11	6	8	7	1	assigned	
quantum-information	entanglement|qubit|entangled game|secret key|\bppt\b|amplitude damping|mutual information|photon-number|free-entropy|quantum depletion	11	6	7	9	0	assigned	
diophantine-equations	diophantin|integer solution|s-unit|thue|pythagorean|hilbert's tenth|catalan's constant|rational points|totient|egyptian fraction|irrationality	10	5	10	6	0	assigned	irrationality added for 017. Incidental in 011 019 022 150 - 150 matches 'irrationality' via 'irrational triangular billiards'.
graph-coloring	coloring|three-colorable|five colors|chromatic polynomial|chromatic number|chromatic index|chromatic symmetric|chromatic uniqueness|chromatic-	10	3	9	7	2	assigned	chromatic narrowed to chromatic polynomial/number/index/symmetric/uniqueness after bare chromatic reached chromatic homotopy (314 318 319) and chromatic graph polynomials (160 162).
arithmetic-geometry	arithmetic geometr|p-adic|padic|section conjecture|lang's conjecture|mordell|faltings|height of|integral points|character variet|shafarevich|milnor k|bogomolov|global field	9	5	8	2	0	assigned	mordell and faltings are zero-yield as standalone terms and are kept inside this pattern.
expanders-and-spectral-graphs	ramanujan|expander|coboundary|thin spanning|spectral gap|graph switches|cosmat	9	5	5	5	0	assigned	Named-model vocabulary: Ramanujan, expander, coboundary, thin spanning, graph switches, cosmat.
fractal-geometry	fractal|hausdorff|self-similar|self affine|self-similarity|box-counting|snowflake|besicovitch|furstenberg|dimension formula	9	2	6	6	0	assigned	
number-fields	number field|ring of integers|class group|unit group|ideal class|local field|valued field|function field|discrete valuation ring	9	1	8	2	0	assigned	
representation-theory	representation theor|irreducible representation|kac--moody|character of|hecke algebra|kazhdan--lusztig|crystal|tensor saturation|saxl|universal tensor|foulkes|fusion category	9	4	6	5	2	assigned	
abelian-varieties	abelian variet|jacobian|picard number|complex torus|polarized|\bk3\b	8	3	7	1	0	assigned	
analytic-number-theory	zeta function|l-function|dirichlet character|dirichlet series|dirichlet l|dirichlet's|dirichlet probabilit|sieve|exponential sum|circle method|m[oö]bius function|chowla conjecture|elliott conjecture|gauss sum|riemann hypothesis|euler product|divisor problem|large sieve|squarefree	8	4	8	4	0	assigned	dirichlet narrowed to character/series/l-function/probability phrases, chowla to 'chowla conjecture' after 007, mobius to 'mobius function'. l-function still reaches 085 199 as incidental mentions.
commutative-algebra	commutative ring|noetherian|regular ring|depth of|krull dimension|ideal of a polynomial|cohen--macaulay|multiplicity conjecture|serre's intersection|lech|finitistic dimension|auslander--reiten|tachikawa|nakayama|lex-plus-powers|initial ideal|groebner|algebraic k-theory	8	6	6	4	1	assigned	gersten's dropped: Gersten's conjecture is group cohomology and lives in noncommutative-algebra (209 258).
ergodic-theory	ergodic|measure-preserving|measure preserving|weak mixing|ergodic average|lebesgue spectrum|multiple mixing|mixing transformations	8	2	6	5	0	assigned	lebesgue narrowed to 'lebesgue spectrum' after 144 (Lebesgue-spectrum, not Lebesgue measure).
information-theory	channel capacity|information theor|shannon|mutual information|rate-distortion|source coding|entropy photon|amplitude damping|secret key|hellinger|courtade--kumar|perfect-matching entropy|metric-entropy	8	6	4	8	0	assigned	
noncommutative-algebra	division ring|kaplansky's zero-divisor|group ring|nonsofic|bass trace|lattice representation|gersten's conjecture|small cohen	8	7	7	4	0	assigned	noncommutative dropped as a stem after 116. Carries "gersten's conjecture" for 209 258 - the U+2019 fold is what makes 209 match at all.
stable-homotopy	smith--toda|kervaire invariant|chromatic splitting|chromatic smith|chromatic homotopy|chromatic filtration|chromatic tower|k\(n\)-local|quillen|curtis's|thomason|cobordism|stable homotopy|homotopy hypothesis	8	8	7	2	0	assigned	
category-theory	\bcategory|functor|topos|abelian category|derived category|model structure|presheaf|kan extension|homotopy hypothesis	7	2	6	3	1	assigned	adjoint and 'spectral sequence' dropped after they reached algebraic-geometry abstracts and scope notes.
combinatorial-optimization	scheduling|bin-packing|k-median|k-server|shortest common superstring|packing gap|round-up conjecture|prophet inequality|optimal-order	7	4	2	7	0	assigned	Named-problem vocabulary: scheduling, bin-packing, k-median, k-server, prophet inequality, optimal-order.
differential-geometry	differential geometr|levi-civita|connection on|curvature tensor|holonomy|isometric immersion|cartan--hadamard|katok|entropy rigidity|conjugate points|alexandrov|\bcd\b|no local immersion	7	6	7	4	0	assigned	
enumerative-combinatorics	sign matric|alternating sign|symmetric function|e-positivity|kazhdan--lusztig|hadamard|circulant|lattice path|honeycomb walks|standard young	7	5	6	5	1	assigned	Named-object vocabulary: sign matrices, Kazhdan-Lusztig, honeycomb walks, standard Young.
geometric-topology	surgery|disk embedding|coarse assembly|singer|hilbert--smith|borel rigidity|invariant-ideal	7	7	5	1	0	assigned	
lie-theory	lie group|lie algebra|lie-theoretic|root system|weyl group|spin group|algebraic group|reductive	7	1	6	2	0	assigned	
potential-theory	potential theor|\bcapacity\b|subharmonic|green function|logarithmic energy|equilibrium measure|infinity-harmonic	7	2	4	6	0	assigned	
probabilistic-combinatorics	talagrand|kahn--kalai|threshold conjecture|expectation threshold|concentration|random triangle removal|second-neighborhood|friedgut	7	5	6	7	0	assigned	Named-theorem vocabulary: Talagrand, Kahn-Kalai, Friedgut, second-neighborhood.
additive-combinatorics	additive combinatoric|sumset|freiman|sum-free|arithmetic progression|cramer|sidon|reciprocal sum|hindman|finite sums|goldbach|difference-free|van der waerden	6	4	5	4	0	assigned	
geometric-measure-theory	varifold|rectifiable|perimeter|bounded variation|plateau|stationary integral|integral current|monotonicity formula|singular-set bounds|isoperimetric regions	6	2	5	2	0	assigned	
quantum-computing	qac\W{0,3}0\b|\bqma\b|qaoa|unitary synthesis|quantum factoring|gate set|query exponent|quantum circuit|boolean oracle	6	6	5	4	0	assigned	
random-graphs	random graph|erdos-r[eé]nyi|erd\\H\{o\}s-r[eé]nyi|erdős-r[eé]nyi|g\(n, ?p\)|random regular graph|random triangle removal	6	2	3	3	0	assigned	erdos narrowed to the Erdos-Renyi spellings after bare 'erdos' reached every Erdos-named family.
sampling-and-counting	approximate counting|sampling|contingency table|polymatroid bases|margins|log-concave sampling|perfect-matching entropy	6	4	3	6	0	assigned	sampling is a broad stem. 113 115 131 178 are algorithmic results that reach 'algorithms' only through bare 'algorithm'.
extremal-combinatorics	extremal|tur[aá\\]n|forbidden subgraph|sidorenko|forcing conjecture|removal|regularity lemma|supersaturation|flag algebra|andrasfai|zykov	5	4	3	4	1	assigned	Named-conjecture vocabulary: Sidorenko, forcing, Andrasfai, Zykov, flag algebra. hadwiger lives in discrete-geometry as "hadwiger's covering" after graph Hadwiger 157.
general-relativity	penrose|cosmic censorship|\bkerr\b|spacetime|schwarzschild|general relativity|positive-energy	5	3	4	2	0	assigned	
modularity	modularit|modular form|automorphic|langlands|ramanujan|arthur parameter|galois representation	5	5	5	0	0	assigned	
spin-glasses	spin glass|replica symmetry|parisi|sherrington--kirkpatrick|sk model|spin glasses	5	5	4	3	0	assigned	
calculus-of-variations	calculus of variations|minimizing sequence|energy functional|gamma-convergence|relaxation|lower semicontinuity|mountain pass|mumford--shah|free boundary|one-phase bernoulli|direct method	4	2	3	3	0	assigned	
convex-optimization	semidefinite|convex optimization|linear programming|gradient descent|integer programming|hyperbolicity cone|\bsdp\b|interior point|ellipsoid method	4	3	4	3	0	assigned	
elliptic-curves	elliptic curve|birch--swinnerton-dyer|selmer|\bsha\b|modular curve|genus one	4	1	4	0	0	assigned	
galois-theory	galois|field extension|etale|absolute galois	4	1	3	2	0	assigned	
kinetic-theory	boltzmann|vlasov|kinetic limit|fluid|vortex|turbulen|euler system|boussinesq|tayler|navier--stokes	4	4	3	3	1	assigned	fluid is a bare stem and reaches only 376; the 344-356 block is named-model vocabulary (Vlasov-Maxwell, Boltzmann, Euler system, Boussinesq).
modular-representation	alperin weight|donovan|benson--etingof--ostrik|block of|modular representation|brauer|defect group	4	3	3	1	0	assigned	modular narrowed to 'modular representation' - bare modular collides with modular form (modularity) and with physics usage.
optimal-transport	optimal transport|monge|kantorovich|wasserstein|coulomb transport|three-marginal|transport maps|villani	4	3	3	4	0	assigned	
percolation	percolation|infinite critical cluster	4	3	3	2	0	assigned	
ramsey-theory	ramsey	4	4	1	3	1	assigned	
coding-theory	error-correcting|coding theor|reed-solomon|binary code|list decod|polar code|ldpc|locally testable|locally decodable|deletion trace|superstring|shannon capacity	3	2	1	3	1	assigned	
complex-analysis	entire function|riemann surface|several complex variables|meromorphic|koebe|circle-domain|brennan|bounded holomorphic	3	3	3	3	0	assigned	3 families: 071 072 359.
game-theory	game theor|nash|payoff game|parity game|mean-payoff|entangled game|mechanism design|auction|stochastic game	3	2	2	2	0	assigned	
matroids	matroid|polymatroid|base polytope|independence oracle	3	3	3	3	2	assigned	
minimal-surfaces	minimal surface|mean curvature|plateau|soap|least-volume|willmore|tangent flow|varifold	3	3	3	0	0	assigned	
formal-languages	star height|regular language|finite word|monoid|semigroup of words	2	1	2	1	0	assigned	
hilbert-problems	hilbert's tenth|hilbert's sixteenth|hilbert's seventeenth|hilbert's twenty|hilbert's eighth|hilbert's twenty-fourth|hilbert problem	2	2	2	1	0	assigned	2 families: 004 (Hilbert's tenth over Q) and 143. Distinct from the hilbert-transform stem in harmonic-analysis.
hypergraphs	hypergraph	2	1	2	2	0	assigned	
combinatorial-games	maker|breaker|snaky|positional game|picker	1	1	1	1	0	assigned	1 family (187, Snaky). Thin topic, kept and labelled.
fluid-dynamics	fluid|vortex|turbulen|euler system|boussinesq|tayler|navier--stokes|prandtl|leray|couette|poiseuille	1	1	0	1	0	assigned	1 family. Thin topic, kept and labelled.
knot-theory	\bknot|legendrian|heegaard|cosmetic surgery	1	1	1	0	0	assigned	1 family. Thin topic, kept and labelled.
random-matrices	random matric|matrix ensemble|\bgoe\b|\bgue\b|wigner|tracy-widom|covariance matric|singular value|eigenvalue spacing|band matrix|kovalev	1	1	0	0	0	assigned	1 family after 'spectrum' and 'spectra of' were dropped - they reached every physics spectrum.
ricci-flow	ricci flow	1	0	1	0	0	assigned	1 family. Thin topic, kept and labelled.
automorphic-forms	modular form|maass|hecke operator|hecke eigenvalue	0	0	0	0	0	negative	Measured corpus negative: 'automorphic' and 'modular form' reach 0 families; the language survives only inside the modularity pattern.
cluster-algebras	cluster algebra|cluster variet|mutation of a cluster	0	0	0	0	0	negative	Measured corpus negative: 0 hits over title, abstract, scope note, and Lean path.
machine-learning	neural|machine learning|generalization bound|transformer|deep learning	0	0	0	0	0	negative	Measured corpus negative: 0 hits. The perceptron and jamming results sit in disordered-systems and condensed-matter.
tropical-geometry	tropical	0	0	0	0	0	negative	Measured corpus negative: 0 hits over all four layers.
