fam	configs	paps	scope_chars	path	page
003	4	2	964	lean/docs/003.md	number-theory/003-quasi-riemann-hypothesis.md
005	1	1	159	lean/docs/005.md	number-theory/005-irrationality-of-catalans-constant.md
007	2	1	599	lean/docs/007.md	number-theory/007-two-point-chowla-and-the-corrected-binary-elliott-conjecture.md
008	1	1	498	lean/docs/008.md	number-theory/008-deligne-drinfeld-conjecture.md
009	1	1	687	lean/docs/009.md	number-theory/009-bogomolov-pop-and-milnor-k-theoretic-reconstruction.md
012	1	1	397	lean/docs/012.md	number-theory/012-independent-largest-prime-factors-of-consecutive-integers.md
013	2	1	424	lean/docs/013.md	number-theory/013-ostmanns-inverse-goldbach-conjecture.md
015	1	1	435	lean/docs/015.md	number-theory/015-torus-packet-equidistribution-in-prime-quartic-and-sextic-degrees.md
017	1	1	412	lean/docs/017.md	number-theory/017-irrationality-exponent-of-is-2.md
020	1	1	489	lean/docs/020.md	number-theory/020-squarefree-quartics-and-power-free-polynomial-values.md
021	2	1	451	lean/docs/021.md	number-theory/021-a-quadratic-bound-for-jacobsthals-function.md
023	1	1	496	lean/docs/023.md	number-theory/023-pattersons-first-moment-for-cubic-gauss-sums.md
024	2	1	700	lean/docs/024.md	number-theory/024-an-asymptotic-formula-for-the-number-of-totients.md
025	2	1	805	lean/docs/025.md	number-theory/025-erdoss-short-egyptian-fraction-conjecture.md
026	1	1	352	lean/docs/026.md	number-theory/026-positive-lower-density-of-large-prime-gaps.md
027	1	1	740	lean/docs/027.md	number-theory/027-integral-density-on-curve-character-varieties.md
028	1	1	460	lean/docs/028.md	number-theory/028-gaussian-moat-conjecture.md
033	1	1	675	lean/docs/033.md	algebraic-and-complex-geometry/033-campanas-orbifold-iitaka-conjecture-and-logarithmic-subadditivity.md
039	2	2	1231	lean/docs/039.md	algebraic-and-complex-geometry/039-nagatas-conjecture-and-maximal-seshadri-constants.md
047	1	1	450	lean/docs/047.md	algebraic-and-complex-geometry/047-complex-counterexamples-to-cancellation-and-affine-fibrations.md
049	3	2	1141	lean/docs/049.md	algebraic-and-complex-geometry/049-a-stable-coordinate-counterexample-in-four-variables.md
050	1	1	560	lean/docs/050.md	algebraic-and-complex-geometry/050-a-counterexample-to-griffiths-positivity-conjecture.md
052	2	2	1131	lean/docs/052.md	algebraic-and-complex-geometry/052-tangent-bundle-splittings-and-universal-covers.md
058	1	1	394	lean/docs/058.md	algebraic-and-complex-geometry/058-koll-pardon-universal-cover-conjecture.md
066	1	1	767	lean/docs/066.md	algebraic-and-complex-geometry/066-bounded-klt-complements-for-fano-contractions.md
071	1	2	890	lean/docs/071.md	real-and-complex-analysis/071-koebes-circle-domain-conjecture-and-circle-domain-rigidity.md
072	3	2	1077	lean/docs/072.md	real-and-complex-analysis/072-brennans-conjecture-and-a-counterexample-to-kraetzers-prediction.md
073	2	1	349	lean/docs/073.md	real-and-complex-analysis/073-falconer-distance-conjecture.md
075	1	1	438	lean/docs/075.md	real-and-complex-analysis/075-l-l-fourier-convergence-conjecture.md
076	2	1	575	lean/docs/076.md	real-and-complex-analysis/076-ultraflat-real-littlewood-polynomials.md
081	1	1	562	lean/docs/081.md	real-and-complex-analysis/081-david-semmes-riesz-transform-problem-in-higher-codimension.md
082	1	1	433	lean/docs/082.md	real-and-complex-analysis/082-maximal-and-variational-bounds-for-the-triangular-hilbert-transform.md
083	1	1	582	lean/docs/083.md	real-and-complex-analysis/083-steins-conjecture-for-hilbert-transforms-along-lipschitz-directions.md
084	1	1	375	lean/docs/084.md	real-and-complex-analysis/084-geometric-case-of-the-erdos-similarity-conjecture.md
085	2	1	611	lean/docs/085.md	real-and-complex-analysis/085-endpoint-regularity-of-the-planar-centered-maximal-function.md
087	4	3	1277	lean/docs/087.md	convex-and-metric-geometry/087-mahler-conjectures-and-symplectic-width.md
088	3	2	921	lean/docs/088.md	convex-and-metric-geometry/088-pettys-projection-volume-conjecture-and-simplex-counterexamples.md
089	2	2	944	lean/docs/089.md	convex-and-metric-geometry/089-bounded-distortion-l-1-embeddings-of-planar-and-bounded-treewidth-graphs.md
090	4	2	1216	lean/docs/090.md	convex-and-metric-geometry/090-universal-optimality-of-the-triangular-lattice.md
091	1	1	437	lean/docs/091.md	convex-and-metric-geometry/091-logarithmic-brunn-minkowski-conjecture.md
092	2	2	670	lean/docs/092.md	convex-and-metric-geometry/092-optimal-order-of-convex-body-covering-density.md
094	1	1	563	lean/docs/094.md	convex-and-metric-geometry/094-subpolynomial-dimension-reduction-in-l-p.md
095	1	1	384	lean/docs/095.md	convex-and-metric-geometry/095-hyperbolicity-cones-without-semidefinite-lifts.md
096	1	1	515	lean/docs/096.md	convex-and-metric-geometry/096-gaussian-propeller-conjecture.md
097	1	1	464	lean/docs/097.md	convex-and-metric-geometry/097-euclidean-steinitz-bergstr-om-conjecture.md
098	2	1	424	lean/docs/098.md	convex-and-metric-geometry/098-a-negative-answer-to-the-lang-plaut-problem.md
099	4	3	1653	lean/docs/099.md	convex-and-metric-geometry/099-sharp-distortion-of-edit-distance-into-1.md
100	3	4	2568	lean/docs/100.md	convex-and-metric-geometry/100-a-counterexample-to-bangs-cylinder-covering-bound.md
102	5	5	2465	lean/docs/102.md	theoretical-computer-science/102-unique-games-conjecture-and-optimal-approximation-thresholds.md
103	1	1	682	lean/docs/103.md	theoretical-computer-science/103-derandomization-of-logarithmic-space-l-rl-bpl.md
104	2	2	602	lean/docs/104.md	theoretical-computer-science/104-quasipolynomial-algorithms-for-mean-payoff-stochastic-and-parity-games.md
105	1	1	481	lean/docs/105.md	theoretical-computer-science/105-2-to-1-games-conjecture-with-perfect-completeness.md
106	1	1	491	lean/docs/106.md	theoretical-computer-science/106-hardness-of-coloring-three-colorable-graphs.md
107	2	2	1004	lean/docs/107.md	theoretical-computer-science/107-matrix-multiplication-with-exponent-at-most-9-4.md
108	2	1	605	lean/docs/108.md	theoretical-computer-science/108-a-cubic-permanent-determinant-lower-bound.md
110	2	2	1146	lean/docs/110.md	theoretical-computer-science/110-optimal-order-randomized-k-server-on-arbitrary-metrics.md
111	2	1	741	lean/docs/111.md	theoretical-computer-science/111-one-sample-matroid-prophet-inequalities-against-an-almighty-adversary.md
112	1	1	493	lean/docs/112.md	theoretical-computer-science/112-beyond-the-square-root-exponent-for-depth-three-circuits.md
113	6	2	1409	lean/docs/113.md	theoretical-computer-science/113-approximate-counting-and-the-perfect-matching-entropy-conjecture.md
114	1	1	537	lean/docs/114.md	theoretical-computer-science/114-approximate-counting-of-common-integer-polymatroid-bases.md
115	1	2	1392	lean/docs/115.md	theoretical-computer-science/115-sampling-and-counting-contingency-tables-with-arbitrary-margins.md
116	2	2	1018	lean/docs/116.md	theoretical-computer-science/116-uniform-identity-testing-for-noncommutative-formulas.md
117	1	1	520	lean/docs/117.md	theoretical-computer-science/117-uniform-sparsest-cut-hardness-and-semidefinite-gaps.md
118	1	1	604	lean/docs/118.md	theoretical-computer-science/118-unbounded-bin-packing-gaps-and-the-modified-integer-round-up-conjecture.md
119	2	1	719	lean/docs/119.md	theoretical-computer-science/119-courtade-kumar-and-hellinger-conjectures.md
121	1	1	581	lean/docs/121.md	theoretical-computer-science/121-almost-linear-expected-time-approximation-of-edit-distance.md
122	1	1	652	lean/docs/122.md	theoretical-computer-science/122-superpolynomial-lower-bounds-and-quasipolynomial-reconstruction-from-deletion-traces.md
124	1	1	436	lean/docs/124.md	theoretical-computer-science/124-polynomial-time-scheduling-on-three-identical-machines.md
125	4	2	1264	lean/docs/125.md	theoretical-computer-science/125-approximation-threshold-for-metric-k-median.md
126	2	1	556	lean/docs/126.md	theoretical-computer-science/126-exponential-semidefinite-complexity-of-perfect-matching.md
127	1	1	359	lean/docs/127.md	theoretical-computer-science/127-asymptotic-gotsman-linial-conjecture.md
128	1	1	442	lean/docs/128.md	theoretical-computer-science/128-a-factor-two-approximation-for-shortest-common-superstring.md
129	3	2	1263	lean/docs/129.md	theoretical-computer-science/129-exponential-state-costs-for-two-way-automata.md
130	2	2	1144	lean/docs/130.md	theoretical-computer-science/130-fourier-transforms-below-n-n.md
131	1	1	587	lean/docs/131.md	theoretical-computer-science/131-polynomial-mixing-of-graph-switches-with-prescribed-degrees.md
132	1	1	477	lean/docs/132.md	theoretical-computer-science/132-a-counterexample-to-the-quadratic-sensitivity-conjecture.md
133	4	4	2165	lean/docs/133.md	theoretical-computer-science/133-complexity-of-weisfeiler-leman-refinement.md
134	1	3	1249	lean/docs/134.md	theoretical-computer-science/134-generalized-star-height-at-most-three.md
135	1	1	629	lean/docs/135.md	theoretical-computer-science/135-sharp-homogeneous-depth-five-complexity-of-matrix-products.md
137	1	1	775	lean/docs/137.md	theoretical-computer-science/137-one-tape-time-simulation-in-two-fifths-power-space.md
139	1	1	545	lean/docs/139.md	theoretical-computer-science/139-subpolynomial-queries-for-log-concave-sampling.md
140	8	6	5397	lean/docs/140.md	theoretical-computer-science/140-memory-sample-lower-bounds-for-noiseless-gaussian-regression.md
143	1	1	348	lean/docs/143.md	dynamical-systems-and-ergodic-theory/143-uniform-limit-cycle-bounds-in-hilberts-sixteenth-problem.md
144	1	1	543	lean/docs/144.md	dynamical-systems-and-ergodic-theory/144-banachs-simple-lebesgue-spectrum-problem.md
145	1	1	377	lean/docs/145.md	dynamical-systems-and-ergodic-theory/145-rokhlins-multiple-mixing-problem.md
146	3	1	599	lean/docs/146.md	dynamical-systems-and-ergodic-theory/146-sinais-positive-entropy-conjecture-for-the-standard-map.md
148	2	1	751	lean/docs/148.md	dynamical-systems-and-ergodic-theory/148-dimension-formula-for-self-similar-measures-on-the-line.md
149	1	1	564	lean/docs/149.md	dynamical-systems-and-ergodic-theory/149-permanence-for-weakly-reversible-reaction-networks.md
150	1	1	481	lean/docs/150.md	dynamical-systems-and-ergodic-theory/150-weak-mixing-of-irrational-triangular-billiards.md
151	1	1	508	lean/docs/151.md	dynamical-systems-and-ergodic-theory/151-a-c-1-counterexample-to-shubs-entropy-conjecture.md
152	1	1	583	lean/docs/152.md	dynamical-systems-and-ergodic-theory/152-zero-entropy-does-not-guarantee-a-smooth-positive-volume-model.md
155	1	1	502	lean/docs/155.md	combinatorics/155-a-counterexample-to-periodic-tiling-in-dimension-three.md
156	1	1	435	lean/docs/156.md	combinatorics/156-borsuks-conjecture-fails-in-dimension-nine.md
157	2	2	849	lean/docs/157.md	combinatorics/157-counterexamples-to-the-hadwiger-and-colin-de-verdi-ere-conjectures.md
158	2	1	396	lean/docs/158.md	combinatorics/158-euclidean-plane-cannot-be-colored-with-five-colors.md
159	1	1	481	lean/docs/159.md	combinatorics/159-erdoss-reciprocal-sum-conjecture-and-quasipolynomial-szemer-bounds.md
160	1	1	459	lean/docs/160.md	combinatorics/160-superexponential-van-der-waerden-numbers.md
161	1	1	415	lean/docs/161.md	combinatorics/161-counterexamples-to-sidorenkos-conjecture-and-the-forcing-conjecture.md
162	3	2	1084	lean/docs/162.md	combinatorics/162-counterexamples-to-rysers-covering-and-gy-tree-cover-conjectures.md
165	2	2	781	lean/docs/165.md	combinatorics/165-exact-crossing-numbers-of-complete-and-complete-bipartite-graphs.md
167	2	2	906	lean/docs/167.md	combinatorics/167-pinned-distances-and-a-power-saving-for-planar-unit-distances.md
168	1	1	375	lean/docs/168.md	combinatorics/168-combinatorial-invariance-of-kazhdan-lusztig-polynomials.md
169	1	1	523	lean/docs/169.md	combinatorics/169-shareshian-wachs-e-positivity-conjecture.md
170	2	2	843	lean/docs/170.md	combinatorics/170-sharp-logarithmic-exponents-for-off-diagonal-ramsey-numbers.md
172	7	1	919	lean/docs/172.md	combinatorics/172-classification-of-finite-euclidean-ramsey-configurations.md
173	1	1	393	lean/docs/173.md	combinatorics/173-seymours-second-neighborhood-conjecture.md
174	2	2	935	lean/docs/174.md	combinatorics/174-deterministic-construction-of-strong-thin-spanning-trees.md
175	2	2	858	lean/docs/175.md	combinatorics/175-talagrands-conjectures-and-graph-decompositions-at-expectation-thresholds.md
176	1	1	421	lean/docs/176.md	combinatorics/176-second-kahn-kalai-conjecture.md
177	1	1	506	lean/docs/177.md	combinatorics/177-bounded-degree-coboundary-expanders-in-every-dimension.md
179	2	1	559	lean/docs/179.md	combinatorics/179-circulant-hadamard-conjecture.md
180	1	1	280	lean/docs/180.md	combinatorics/180-barnettes-hamiltonian-cycle-conjecture.md
181	1	1	421	lean/docs/181.md	combinatorics/181-erdos-gallai-cycle-decomposition-conjecture.md
182	1	1	311	lean/docs/182.md	combinatorics/182-power-savings-for-polynomial-difference-free-sets.md
183	1	1	496	lean/docs/183.md	combinatorics/183-power-savings-for-planar-halving-lines-and-k-sets.md
184	1	1	335	lean/docs/184.md	combinatorics/184-coloring-and-independence-in-graphs-with-forbidden-subgraphs.md
185	2	1	667	lean/docs/185.md	combinatorics/185-counterexamples-to-infinite-matroid-intersection-and-packing-covering.md
186	1	1	500	lean/docs/186.md	combinatorics/186-friedgut-kalai-graph-and-hypergraph-threshold-conjectures.md
187	3	1	726	lean/docs/187.md	combinatorics/187-snaky-in-21-maker-moves.md
188	1	1	443	lean/docs/188.md	combinatorics/188-sharp-constant-in-random-triangle-removal.md
189	1	1	345	lean/docs/189.md	combinatorics/189-exact-cycle-clique-ramsey-numbers.md
190	1	1	498	lean/docs/190.md	combinatorics/190-polynomial-removal-fails-for-ordered-binary-matrices.md
191	1	1	514	lean/docs/191.md	combinatorics/191-a-power-improvement-in-the-heilbronn-triangle-problem.md
192	1	1	467	lean/docs/192.md	combinatorics/192-a-counterexample-to-the-gopalan-servedio-conjecture.md
194	1	1	598	lean/docs/194.md	algebra/194-lechs-multiplicity-conjecture.md
195	1	1	511	lean/docs/195.md	algebra/195-a-counterexample-to-the-small-cohen-macaulay-module-conjecture.md
196	1	1	378	lean/docs/196.md	algebra/196-a-counterexample-to-kaplanskys-zero-divisor-conjecture.md
197	4	3	2249	lean/docs/197.md	algebra/197-nonsofic-groups-and-group-ring-counterexamples.md
198	2	1	634	lean/docs/198.md	algebra/198-a-counterexample-to-the-little-finitistic-dimension-conjecture.md
199	2	2	1108	lean/docs/199.md	algebra/199-counterexamples-to-conjectures-of-auslander-reiten-tachikawa-and-nakayama.md
205	2	2	908	lean/docs/205.md	algebra/205-saxls-conjecture-and-universal-tensor-squares.md
206	1	1	510	lean/docs/206.md	algebra/206-finite-lattice-representation-counterexamples-and-undecidability.md
207	2	1	594	lean/docs/207.md	algebra/207-1-bass-and-complex-bass-trace-conjectures.md
210	1	1	493	lean/docs/210.md	algebra/210-foulkes-conjecture-for-sixth-powers-and-quadratic-stabilization.md
211	1	1	466	lean/docs/211.md	probability-and-statistical-mechanics/211-geometry-diffusion-and-spectra-of-random-planar-maps.md
212	2	1	524	lean/docs/212.md	probability-and-statistical-mechanics/212-no-bigeodesics-and-smooth-limit-shapes-in-planar-first-passage-percolation.md
213	2	2	677	lean/docs/213.md	probability-and-statistical-mechanics/213-no-infinite-critical-clusters-on-quasi-transitive-graphs.md
214	2	1	757	lean/docs/214.md	probability-and-statistical-mechanics/214-benjamini-schramm-nonuniqueness-conjecture.md
215	1	1	474	lean/docs/215.md	probability-and-statistical-mechanics/215-massive-continuum-limits-and-exact-mass-asymptotics-for-planar-o-n-models.md
218	1	1	585	lean/docs/218.md	probability-and-statistical-mechanics/218-conformal-universality-for-weakly-interacting-and-disordered-ising-models.md
220	3	2	1277	lean/docs/220.md	probability-and-statistical-mechanics/220-directional-zero-one-laws-and-ballisticity-in-random-environments.md
221	1	1	439	lean/docs/221.md	probability-and-statistical-mechanics/221-m-parisi-formula-for-diluted-spin-glasses.md
222	3	2	1064	lean/docs/222.md	probability-and-statistical-mechanics/222-perceptron-free-energies-and-microscopic-jamming.md
227	5	4	2748	lean/docs/227.md	probability-and-statistical-mechanics/227-dynamical-phase-transition-in-the-sherrington-kirkpatrick-model.md
228	3	2	1045	lean/docs/228.md	probability-and-statistical-mechanics/228-continuum-phase-transitions-for-radial-pair-potentials.md
229	2	1	654	lean/docs/229.md	probability-and-statistical-mechanics/229-sharp-three-and-four-state-reconstruction-thresholds.md
230	1	2	333	lean/docs/230.md	probability-and-statistical-mechanics/230-exact-hausdorff-measure-for-sle.md
231	2	1	650	lean/docs/231.md	probability-and-statistical-mechanics/231-free-uniform-spanning-forest-is-a-factor-of-iid.md
234	1	1	775	lean/docs/234.md	probability-and-statistical-mechanics/234-all-temperature-pressure-for-orthogonally-invariant-ising-spin-glasses.md
235	4	3	1663	lean/docs/235.md	probability-and-statistical-mechanics/235-random-sat-thresholds-sharp-variance-and-computability.md
236	1	1	428	lean/docs/236.md	probability-and-statistical-mechanics/236-factor-of-iid-threshold-for-free-ising-states-on-trees.md
237	4	4	2118	lean/docs/237.md	probability-and-statistical-mechanics/237-three-quarter-diameter-exponent-for-honeycomb-walks.md
238	13	10	6237	lean/docs/238.md	probability-and-statistical-mechanics/238-optimal-logarithmic-mixing-of-the-thorp-shuffle.md
240	1	1	584	lean/docs/240.md	mathematical-logic/240-shelahs-eventual-categoricity-conjecture.md
241	1	1	375	lean/docs/241.md	mathematical-logic/241-rigidity-of-the-turing-degrees.md
242	1	1	502	lean/docs/242.md	mathematical-logic/242-single-fold-diophantine-representations.md
243	2	2	857	lean/docs/243.md	mathematical-logic/243-choiceless-counting-does-not-capture-polynomial-time.md
244	2	1	674	lean/docs/244.md	mathematical-logic/244-partition-principle-does-not-imply-choice.md
245	1	1	397	lean/docs/245.md	mathematical-logic/245-barendregt-geuvers-klop-conjecture.md
246	1	1	428	lean/docs/246.md	group-theory/246-cannons-conjecture.md
247	1	1	525	lean/docs/247.md	group-theory/247-an-infinite-finitely-presented-residually-finite-2-group.md
248	1	1	359	lean/docs/248.md	group-theory/248-thompsons-group-f-is-nonamenable.md
249	1	1	382	lean/docs/249.md	group-theory/249-a-finitely-generated-counterexample-to-eilenberg-ganea.md
250	3	3	1293	lean/docs/250.md	group-theory/250-boone-higman-conjecture-and-higher-finiteness.md
251	2	1	558	lean/docs/251.md	group-theory/251-amenability-unitarizability-and-ulam-stability.md
252	1	1	348	lean/docs/252.md	group-theory/252-a-non-residually-finite-torsion-free-hyperbolic-group.md
253	1	1	295	lean/docs/253.md	group-theory/253-an-infinite-finitely-presented-simple-amenable-group.md
254	3	3	1416	lean/docs/254.md	group-theory/254-classifying-spaces-and-geometric-obstructions-for-artin-groups.md
255	1	1	606	lean/docs/255.md	group-theory/255-quasi-isometric-rigidity-of-virtually-polycyclic-groups.md
256	1	1	502	lean/docs/256.md	group-theory/256-howies-conjecture-on-equations-over-groups.md
257	1	1	491	lean/docs/257.md	group-theory/257-a-hyperbolic-group-with-no-geometric-cat-0-action.md
260	1	1	871	lean/docs/260.md	mathematical-physics/260-spacetime-penrose-inequalities-and-rigidity.md
261	1	1	474	lean/docs/261.md	mathematical-physics/261-localization-and-delocalization-in-the-anderson-model.md
262	1	1	423	lean/docs/262.md	mathematical-physics/262-sharp-one-dimensional-lieb-thirring-inequalities.md
263	2	2	1144	lean/docs/263.md	mathematical-physics/263-ionization-and-generalized-ionization-conjectures.md
266	2	2	1063	lean/docs/266.md	mathematical-physics/266-exactly-three-mutually-unbiased-bases-in-dimension-six.md
267	1	1	630	lean/docs/267.md	mathematical-physics/267-positive-temperature-bose-einstein-condensation-and-quantum-depletion.md
269	4	2	1241	lean/docs/269.md	mathematical-physics/269-laughlin-gap-and-stability-under-scalar-disorder.md
271	1	1	523	lean/docs/271.md	mathematical-physics/271-blochs-law-and-spontaneous-ferromagnetic-order.md
272	2	1	569	lean/docs/272.md	mathematical-physics/272-entanglement-without-secret-key-and-the-ppt-square-conjecture.md
273	1	1	614	lean/docs/273.md	mathematical-physics/273-entropy-photon-number-inequality.md
274	2	2	1108	lean/docs/274.md	mathematical-physics/274-moores-parity-conjecture-for-qac-0.md
275	1	2	1125	lean/docs/275.md	mathematical-physics/275-qma-hardness-of-continuum-coulomb-energy.md
276	1	1	522	lean/docs/276.md	mathematical-physics/276-classical-capacity-of-generalized-amplitude-damping.md
277	1	1	588	lean/docs/277.md	mathematical-physics/277-threshold-repetition-for-entangled-games.md
279	1	1	440	lean/docs/279.md	mathematical-physics/279-exact-quantum-factoring-over-a-fixed-finite-gate-set.md
280	1	1	585	lean/docs/280.md	mathematical-physics/280-strong-locality-for-strongly-rational-unitary-vertex-operator-algebras.md
281	2	2	1339	lean/docs/281.md	mathematical-physics/281-qaoa-optimality-for-the-sk-model.md
287	1	1	400	lean/docs/287.md	operator-algebras/287-all-nonabelian-free-group-factors-are-isomorphic.md
288	2	1	574	lean/docs/288.md	operator-algebras/288-kadisons-similarity-conjecture.md
289	1	1	433	lean/docs/289.md	operator-algebras/289-strong-kadison-kastler-conjecture.md
290	1	1	559	lean/docs/290.md	operator-algebras/290-connes-bicentralizer-conjecture-and-relative-bicentralizers.md
291	1	1	732	lean/docs/291.md	operator-algebras/291-toms-winter-and-equivariant-jiang-su-stability.md
292	1	1	457	lean/docs/292.md	operator-algebras/292-a-counterexample-to-kirchbergs-norm-ultrapower-embedding-problem.md
293	6	2	1526	lean/docs/293.md	operator-algebras/293-a-counterexample-to-the-hyperinvariant-subspace-problem.md
294	2	1	674	lean/docs/294.md	operator-algebras/294-a-counterexample-to-kaplanskys-quasitrace-conjecture.md
295	1	1	416	lean/docs/295.md	operator-algebras/295-kadison-ringrose-cohomology-conjecture.md
296	2	1	685	lean/docs/296.md	operator-algebras/296-generator-problem-for-finite-factors.md
297	1	1	474	lean/docs/297.md	operator-algebras/297-a-zfc-counterexample-to-naimarks-problem.md
298	1	1	516	lean/docs/298.md	operator-algebras/298-a-counterexample-to-voiculescus-free-entropy-equality-conjecture.md
299	1	1	423	lean/docs/299.md	operator-algebras/299-kirchberg-r-rdam-character-criterion.md
301	1	1	817	lean/docs/301.md	operator-algebras/301-classification-by-trace-cones-after-razak-jacelon-stabilization.md
303	2	1	464	lean/docs/303.md	operator-algebras/303-from-ordinary-to-strong-pure-infiniteness.md
307	1	1	536	lean/docs/307.md	topology/307-failure-of-rational-injectivity-for-maximal-coarse-assembly.md
312	1	1	479	lean/docs/312.md	topology/312-grothendieck-homotopy-hypothesis.md
317	1	1	568	lean/docs/317.md	topology/317-thomason-model-structures-in-every-strict-higher-dimension.md
322	1	1	450	lean/docs/322.md	functional-analysis/322-tingleys-sphere-isometry-problem.md
323	1	1	572	lean/docs/323.md	functional-analysis/323-relative-independence-of-the-separable-quotient-problem.md
324	2	2	762	lean/docs/324.md	functional-analysis/324-lipschitz-equivalence-without-linear-isomorphism.md
325	5	2	1323	lean/docs/325.md	functional-analysis/325-complete-crouzeix-conjecture.md
326	1	1	302	lean/docs/326.md	functional-analysis/326-cotype-cotype-conjecture-under-the-approximation-property.md
327	1	1	542	lean/docs/327.md	functional-analysis/327-markov-type-characterizes-superreflexivity.md
328	1	1	418	lean/docs/328.md	functional-analysis/328-fixed-points-of-nonexpansive-maps-in-reflexive-banach-spaces.md
329	1	1	501	lean/docs/329.md	functional-analysis/329-a-counterexample-to-pietschs-metric-entropy-duality-conjecture.md
330	2	1	654	lean/docs/330.md	functional-analysis/330-a-negative-answer-to-kaltons-lipschitz-free-approximation-question.md
331	7	7	5449	lean/docs/331.md	functional-analysis/331-asymptotic-midpoint-uniform-convexity-without-asymptotically-uniformly-convex-renorming.md
333	1	1	310	lean/docs/333.md	differential-geometry/333-smooth-isometric-immersions-of-surfaces-into-r-4.md
334	1	1	387	lean/docs/334.md	differential-geometry/334-a-smooth-surface-metric-with-no-local-immersion-in-r-3.md
337	2	1	686	lean/docs/337.md	differential-geometry/337-cartan-hadamard-isoperimetry-and-cat-0-fillings.md
342	1	1	380	lean/docs/342.md	differential-geometry/342-donaldsons-tamed-to-compatible-conjecture.md
343	2	1	545	lean/docs/343.md	differential-geometry/343-sharp-symplectic-ball-packing-criteria-in-higher-dimensions.md
347	1	1	479	lean/docs/347.md	differential-geometry/347-counterexamples-to-strong-forms-of-arnolds-fixed-point-conjecture.md
348	1	1	414	lean/docs/348.md	differential-geometry/348-nonnegatively-curved-einstein-four-manifolds-and-a-topological-gap.md
350	3	3	1402	lean/docs/350.md	differential-geometry/350-yaus-nodal-conjecture-surfaces-and-counterexamples.md
353	1	1	580	lean/docs/353.md	differential-geometry/353-sharp-dimension-threshold-for-affine-bernstein-rigidity.md
354	1	1	500	lean/docs/354.md	differential-geometry/354-isoperimetric-regions-in-the-cubic-three-torus.md
356	1	1	611	lean/docs/356.md	differential-geometry/356-giglis-characterization-of-alexandrov-curvature.md
358	1	1	542	lean/docs/358.md	differential-geometry/358-a-three-manifold-with-no-conjugate-points-and-no-nonpositively-curved-metric.md
359	1	1	474	lean/docs/359.md	differential-geometry/359-negative-k-ahler-curvature-without-bounded-holomorphic-coordinates.md
360	2	2	1118	lean/docs/360.md	differential-geometry/360-villanis-convexity-conjecture-and-regular-optimal-transport.md
361	1	1	575	lean/docs/361.md	differential-geometry/361-counterexamples-to-yaus-harmonic-dimension-bound.md
362	1	1	519	lean/docs/362.md	partial-differential-equations/362-global-smoothness-for-relativistic-vlasov-maxwell.md
363	1	1	654	lean/docs/363.md	partial-differential-equations/363-boltzmann-nonuniqueness-with-exact-local-conservation.md
365	1	1	444	lean/docs/365.md	partial-differential-equations/365-joint-metric-and-connection-recovery-from-one-boundary-patch.md
367	1	1	437	lean/docs/367.md	partial-differential-equations/367-critical-dimension-for-the-one-phase-bernoulli-problem.md
369	1	1	514	lean/docs/369.md	partial-differential-equations/369-hot-spots-conjecture-for-simply-connected-planar-domains.md
370	1	1	453	lean/docs/370.md	partial-differential-equations/370-subcritical-lane-emden-and-h-lane-emden-conjectures.md
371	1	1	685	lean/docs/371.md	partial-differential-equations/371-stable-blowup-for-a-defocusing-schr-odinger-equation.md
372	1	1	432	lean/docs/372.md	partial-differential-equations/372-global-uniqueness-in-smooth-isotropic-elasticity.md
373	1	1	619	lean/docs/373.md	partial-differential-equations/373-nonattainment-in-three-marginal-coulomb-transport.md
374	1	1	657	lean/docs/374.md	partial-differential-equations/374-sharp-one-third-stability-of-optimal-transport-maps.md
376	6	4	3234	lean/docs/376.md	partial-differential-equations/376-universal-computation-in-forced-navier-stokes-flows.md
