term	pattern	fams	title	abstract	scope	path	status	page
abelian-varieties	abelian variet|jacobian|picard number|complex torus|polarized|\bk3\b	8	3	7	1	0	assigned	topics/abelian-varieties.md
additive-combinatorics	additive combinatoric|sumset|freiman|sum-free|arithmetic progression|cramer|sidon|reciprocal sum|hindman|finite sums|goldbach|difference-free|van der waerden	6	4	5	4	0	assigned	topics/additive-combinatorics.md
algebraic-geometry	algebraic geometr|birational|moduli space|moduli of|anticanonical|gotsman--linial|newton polytope|coherent sheaf|\bklt\b|fano|minimal model|abundance|iitaka|seshadri|line bundle|\bample\b|\bnef\b|severi|ogeri|bridgeland|gromov-witten|virasoro|complete intersection|projective bundle|derived category|p=w\b|hikita|quiver|shafarevich|zariski|lipman|griffiths|kobayashi|pixton|kuznetsov|gepner|mukai|campana|peternell|fujita|nagata|bloch's conjecture|hodge conjecture|zilber-pink|siegel threefold|affine fibration|spherical shell|lebrun|salamon|projective contact	35	30	34	5	1	assigned	topics/algebraic-geometry.md
algebraic-topology	homotopy|homology|cohomology|fundamental group|cobordism|model structure|obstruction|fixed-point problem|smith--toda|quillen|eilenberg--ganea|d\(2\)|wall's|classifying space	42	10	29	21	0	assigned	topics/algebraic-topology.md
algorithms	algorithm\b|polynomial-time algorithm|almost-linear-time|near-linear-time|randomized algorithm|integer multiplication|exact matching in	24	2	10	16	0	assigned	topics/algorithms.md
analytic-number-theory	zeta function|l-function|dirichlet character|dirichlet series|dirichlet l|dirichlet's|dirichlet probabilit|sieve|exponential sum|circle method|m[oö]bius function|chowla conjecture|elliott conjecture|gauss sum|riemann hypothesis|euler product|divisor problem|large sieve|squarefree	8	4	8	4	0	assigned	topics/analytic-number-theory.md
arithmetic-geometry	arithmetic geometr|p-adic|padic|section conjecture|lang's conjecture|mordell|faltings|height of|integral points|character variet|shafarevich|milnor k|bogomolov|global field	9	5	8	2	0	assigned	topics/arithmetic-geometry.md
automorphic-forms	modular form|maass|hecke operator|hecke eigenvalue	0	0	0	0	0	negative	topics/automorphic-forms.md
banach-spaces	banach|l\u005ep space|lp space|\bell_\d|schur|basic sequence|cotype|superreflexiv|lipschitz-free|renorming|midpoint uniform convexity|separable quotient|pietsch|kalton|markov cotype	13	10	13	11	2	assigned	topics/banach-spaces.md
calculus-of-variations	calculus of variations|minimizing sequence|energy functional|gamma-convergence|relaxation|lower semicontinuity|mountain pass|mumford--shah|free boundary|one-phase bernoulli|direct method	4	2	3	3	0	assigned	topics/calculus-of-variations.md
category-theory	\bcategory|functor|topos|abelian category|derived category|model structure|presheaf|kan extension|homotopy hypothesis	7	2	6	3	1	assigned	topics/category-theory.md
cluster-algebras	cluster algebra|cluster variet|mutation of a cluster	0	0	0	0	0	negative	topics/cluster-algebras.md
coding-theory	error-correcting|coding theor|reed-solomon|binary code|list decod|polar code|ldpc|locally testable|locally decodable|deletion trace|superstring|shannon capacity	3	2	1	3	1	assigned	topics/coding-theory.md
combinatorial-games	maker|breaker|snaky|positional game|picker	1	1	1	1	0	assigned	topics/combinatorial-games.md
combinatorial-optimization	scheduling|bin-packing|k-median|k-server|shortest common superstring|packing gap|round-up conjecture|prophet inequality|optimal-order	7	4	2	7	0	assigned	topics/combinatorial-optimization.md
commutative-algebra	commutative ring|noetherian|regular ring|depth of|krull dimension|ideal of a polynomial|cohen--macaulay|multiplicity conjecture|serre's intersection|lech|finitistic dimension|auslander--reiten|tachikawa|nakayama|lex-plus-powers|initial ideal|groebner|algebraic k-theory	8	6	6	4	1	assigned	topics/commutative-algebra.md
complex-analysis	entire function|riemann surface|several complex variables|meromorphic|koebe|circle-domain|brennan|bounded holomorphic	3	3	3	3	0	assigned	topics/complex-analysis.md
complex-geometry	hler|calabi-yau|compact complex|\boka\b|\bsyz\b|kodaira|canonical-ampleness|uniformization|complex surface	20	7	19	4	3	assigned	topics/complex-geometry.md
complexity-theory	complexity theor|unique games|2-to-1 games|p vs np|hardness of approximation|inapproxurab|\bpcp\b|ppad|circuit|quasipolynomial|matrix multiplication|permanent|subset sum|weisfeiler--leman|star height|state costs|derandomization|mean-payoff|parity games|exponential semidefinite|depth-three|depth-five|space simulation|sensitivit	27	17	21	18	3	assigned	topics/complexity-theory.md
computability	computab|turing|decidab|halting|undecidab|np-complete|np-hard|complexity class|turing degrees	22	3	13	9	10	assigned	topics/computability.md
condensed-matter	haldane|laughlin|bloch's law|ferromagnetic|bose--einstein|quantum depletion|anderson model|area law|jamming|perceptron|bfss|qaoa	11	9	10	6	1	assigned	topics/condensed-matter.md
conformal-universality	conformal universality|conformal limit|\bsle\b|\bcle\b|gaussian free field|scaling limit|continuum limit|critical universality|\bbkt\b|universality for	11	11	9	3	0	assigned	topics/conformal-universality.md
convex-geometry	convex bod|brunn--minkowski|convex geometr|polytope|zonotope|simplex|covering density|steinitz|mahler|petty|isotropic|log-concave|subgaussian|slicing|projection-volume|intersection body|illumination|bang|propeller|dimension reduction|logarithmic sobolev	20	12	12	16	3	assigned	topics/convex-geometry.md
convex-optimization	semidefinite|convex optimization|linear programming|gradient descent|integer programming|hyperbolicity cone|\bsdp\b|interior point|ellipsoid method	4	3	4	3	0	assigned	topics/convex-optimization.md
curves	\bcurves?\b|genus [0-9iv]+|nodal|plane cubic	17	2	17	2	1	assigned	topics/curves.md
differential-geometry	differential geometr|levi-civita|connection on|curvature tensor|holonomy|isometric immersion|cartan--hadamard|katok|entropy rigidity|conjugate points|alexandrov|\bcd\b|no local immersion	7	6	7	4	0	assigned	topics/differential-geometry.md
diophantine-equations	diophantin|integer solution|s-unit|thue|pythagorean|hilbert's tenth|catalan's constant|rational points|totient|egyptian fraction|irrationality	10	5	10	6	0	assigned	topics/diophantine-equations.md
discrete-geometry	sphere packing|lattice packing|packing density|covering density|covering bound|covering of|lattice point|halving line|k-set|distinct distances|unit distances|crossing number|heilbronn|convex position|erdos-szekeres|voronoi|moat|borsuk|hadwiger's covering|illumination|bin-packing|periodic tiling|triangulat	13	11	10	11	2	assigned	topics/discrete-geometry.md
disordered-systems	anderson model|localization|delocalization|random sat|satisfiability|perceptron|jamming|disorder|spin glass|sherrington|replica|diluted|orthogonally invariant|pair potentials	15	10	11	11	1	assigned	topics/disordered-systems.md
dynamical-systems	dynamical system|lyapunov|periodic orbit|attractor|renormalization|teichm[uü]ller|standard map|birkhoff|billiard|bernoulli convolution|reaction network|shub|hilbert's sixteenth|cycle bounds|entropy conjecture|positive-entropy	11	8	6	7	0	assigned	topics/dynamical-systems.md
elliptic-curves	elliptic curve|birch--swinnerton-dyer|selmer|\bsha\b|modular curve|genus one	4	1	4	0	0	assigned	topics/elliptic-curves.md
enumerative-combinatorics	sign matric|alternating sign|symmetric function|e-positivity|kazhdan--lusztig|hadamard|circulant|lattice path|honeycomb walks|standard young	7	5	6	5	1	assigned	topics/enumerative-combinatorics.md
ergodic-theory	ergodic|measure-preserving|measure preserving|weak mixing|ergodic average|lebesgue spectrum|multiple mixing|mixing transformations	8	2	6	5	0	assigned	topics/ergodic-theory.md
expanders-and-spectral-graphs	ramanujan|expander|coboundary|thin spanning|spectral gap|graph switches|cosmat	9	5	5	5	0	assigned	topics/expanders-and-spectral-graphs.md
extremal-combinatorics	extremal|tur[aá\\]n|forbidden subgraph|sidorenko|forcing conjecture|removal|regularity lemma|supersaturation|flag algebra|andrasfai|zykov	5	4	3	4	1	assigned	topics/extremal-combinatorics.md
fluid-dynamics	fluid|vortex|turbulen|euler system|boussinesq|tayler|navier--stokes|prandtl|leray|couette|poiseuille	1	1	0	1	0	assigned	topics/fluid-dynamics.md
formal-languages	star height|regular language|finite word|monoid|semigroup of words	2	1	2	1	0	assigned	topics/formal-languages.md
fractal-geometry	fractal|hausdorff|self-similar|self affine|self-similarity|box-counting|snowflake|besicovitch|furstenberg|dimension formula	9	2	6	6	0	assigned	topics/fractal-geometry.md
functional-analysis	functional analysis|bounded operator|resolvent|compact operator|semigroup|crouzeix|hilbert space|approximation property|fixed points of|sphere-isometry|linear isomorphism	16	5	11	12	1	assigned	topics/functional-analysis.md
galois-theory	galois|field extension|etale|absolute galois	4	1	3	2	0	assigned	topics/galois-theory.md
game-theory	game theor|nash|payoff game|parity game|mean-payoff|entangled game|mechanism design|auction|stochastic game	3	2	2	2	0	assigned	topics/game-theory.md
general-relativity	penrose|cosmic censorship|\bkerr\b|spacetime|schwarzschild|general relativity|positive-energy	5	3	4	2	0	assigned	topics/general-relativity.md
geometric-measure-theory	varifold|rectifiable|perimeter|bounded variation|plateau|stationary integral|integral current|monotonicity formula|singular-set bounds|isoperimetric regions	6	2	5	2	0	assigned	topics/geometric-measure-theory.md
geometric-topology	surgery|disk embedding|coarse assembly|singer|hilbert--smith|borel rigidity|invariant-ideal	7	7	5	1	0	assigned	topics/geometric-topology.md
graph-coloring	coloring|three-colorable|five colors|chromatic polynomial|chromatic number|chromatic index|chromatic symmetric|chromatic uniqueness|chromatic-	10	3	9	7	2	assigned	topics/graph-coloring.md
graph-theory	\bgraph|graph coloring|independence number|clique|spanning tree|hamiltonian|matching in|treewidth	43	14	37	34	3	assigned	topics/graph-theory.md
group-theory	group theory|finite group|simple group|solvable group|nilpotent group|free group|amenable|nonamenable|residually finite|hyperbolic group|polycyclic|artin group|cannon's|thompson's group|eilenberg--ganea|boone--higman|ulam stability|fixed price|howie|sofic|equations over groups|2-group	27	15	26	16	1	assigned	topics/group-theory.md
harmonic-analysis	fourier transform|fourier restriction|fourier coefficien|fourier convergen|fourier-convergence|calder[oö]n|singular integral|restriction for|hardy space|oscillatory integral|kakeya|bochner--riesz|local smoothing|littlewood polynomial|maximal function|hilbert transform|riesz transform|carleson|sogge|decoupling|square function|sparsest|l\+log l|convergence problem	17	13	13	10	1	assigned	topics/harmonic-analysis.md
hilbert-problems	hilbert's tenth|hilbert's sixteenth|hilbert's seventeenth|hilbert's twenty|hilbert's eighth|hilbert's twenty-fourth|hilbert problem	2	2	2	1	0	assigned	topics/hilbert-problems.md
hypergraphs	hypergraph	2	1	2	2	0	assigned	topics/hypergraphs.md
information-theory	channel capacity|information theor|shannon|mutual information|rate-distortion|source coding|entropy photon|amplitude damping|secret key|hellinger|courtade--kumar|perfect-matching entropy|metric-entropy	8	6	4	8	0	assigned	topics/information-theory.md
kinetic-theory	boltzmann|vlasov|kinetic limit|fluid|vortex|turbulen|euler system|boussinesq|tayler|navier--stokes	4	4	3	3	1	assigned	topics/kinetic-theory.md
knot-theory	\bknot|legendrian|heegaard|cosmetic surgery	1	1	1	0	0	assigned	topics/knot-theory.md
lie-theory	lie group|lie algebra|lie-theoretic|root system|weyl group|spin group|algebraic group|reductive	7	1	6	2	0	assigned	topics/lie-theory.md
logic	zfc|set theory|large cardinal|model theor|descriptive set theory|forcing|independence from|categoricit|shelah|axiom of choice|choiceless|partition principle|proof theory|type theory|barendregt|existential theory of the reals	13	7	13	10	2	assigned	topics/logic.md
machine-learning	neural|machine learning|generalization bound|transformer|deep learning	0	0	0	0	0	negative	topics/machine-learning.md
manifolds	manifold	31	4	31	8	1	assigned	topics/manifolds.md
mathematical-physics	quantum field|gauge|renormalization|conformal field|spin chain|integrable system|boltzmann|virasoro constraint|vertex operator|\bqft\b|penrose|cosmic censorship|\bkerr\b|spacetime|bfss|haldane|laughlin|bloch's law|bose--einstein|coulomb energy|kohn--sham|lieb--thirring|ionization	21	16	19	8	2	assigned	topics/mathematical-physics.md
matroids	matroid|polymatroid|base polytope|independence oracle	3	3	3	3	2	assigned	topics/matroids.md
measure-theory	measure theor|\bmeasurable|radon measure|borel|self-similar measures|measure-preserving	16	2	10	9	0	assigned	topics/measure-theory.md
metric-geometry	metric space|gromov|cat\(0\)|cat\(-1\)|distortion|embedding of|embeddings of|warped metric|quasi-isometr|coarse|bi-lipschitz|markov type|edit distance|treewidth|nonexpansive	25	10	19	21	3	assigned	topics/metric-geometry.md
minimal-surfaces	minimal surface|mean curvature|plateau|soap|least-volume|willmore|tangent flow|varifold	3	3	3	0	0	assigned	topics/minimal-surfaces.md
modular-representation	alperin weight|donovan|benson--etingof--ostrik|block of|modular representation|brauer|defect group	4	3	3	1	0	assigned	topics/modular-representation.md
modularity	modularit|modular form|automorphic|langlands|ramanujan|arthur parameter|galois representation	5	5	5	0	0	assigned	topics/modularity.md
noncommutative-algebra	division ring|kaplansky's zero-divisor|group ring|nonsofic|bass trace|lattice representation|gersten's conjecture|small cohen	8	7	7	4	0	assigned	topics/noncommutative-algebra.md
number-fields	number field|ring of integers|class group|unit group|ideal class|local field|valued field|function field|discrete valuation ring	9	1	8	2	0	assigned	topics/number-fields.md
operator-algebras	c\*algebra|c\*-algebra|von neumann|operator algebra|tracial|trace cone|quantum group|connes|popa|vaes|kirchberg|kadison|bicentralizer|kaplansky's quasitrace|jiang--su|pure infiniteness|quasitrace|baum--connes|ultrapower|similarity conjecture|generator problem|naimark|voiculescu|ringrose|toms--winter|razak|jacelon|phillips--toms|free group factor	24	20	21	18	1	assigned	topics/operator-algebras.md
optimal-transport	optimal transport|monge|kantorovich|wasserstein|coulomb transport|three-marginal|transport maps|villani	4	3	3	4	0	assigned	topics/optimal-transport.md
partial-differential-equations	partial differential|navier--stokes|euler equation|wave equation|heat equation|stokes equation|elliptic regularity|weak solution|vlasov--maxwell|boltzmann|mumford--shah|ball--evans|hot spots|lane--emden|de giorgi|infinity-harmonic|elastici|blowup|global smoothness|one-phase bernoulli|defocusing|schr[oö]dinger|stationary integral varifold	17	14	12	8	0	assigned	topics/partial-differential-equations.md
percolation	percolation|infinite critical cluster	4	3	3	2	0	assigned	topics/percolation.md
planar-maps-and-lattice-models	planar map|first-passage|benjamini--schramm|limit shape|square-lattice|random-cluster|ashkin--teller|six-vertex|dimer|honeycomb|xy model|o\(n\) model|self-avoiding	13	9	13	4	0	assigned	topics/planar-maps-and-lattice-models.md
potential-theory	potential theor|\bcapacity\b|subharmonic|green function|logarithmic energy|equilibrium measure|infinity-harmonic	7	2	4	6	0	assigned	topics/potential-theory.md
primes	prime number|\bprimes\b|prime gap|prime predecessor|jacobsthal|prime ideal|largest prime factor|twin prime|primitive root	11	6	10	6	1	assigned	topics/primes.md
probabilistic-combinatorics	talagrand|kahn--kalai|threshold conjecture|expectation threshold|concentration|random triangle removal|second-neighborhood|friedgut	7	5	6	7	0	assigned	topics/probabilistic-combinatorics.md
probability	brownian|markov chain|random walk|large deviation|central limit|stochastic process|zero--one law|coupling|martingale|first-passage|ballisticity|random environment|diffusion|uniform spanning|factor of iid|gaussian field|regression	11	6	8	7	1	assigned	topics/probability.md
quantum-computing	qac\W{0,3}0\b|\bqma\b|qaoa|unitary synthesis|quantum factoring|gate set|query exponent|quantum circuit|boolean oracle	6	6	5	4	0	assigned	topics/quantum-computing.md
quantum-information	entanglement|qubit|entangled game|secret key|\bppt\b|amplitude damping|mutual information|photon-number|free-entropy|quantum depletion	11	6	7	9	0	assigned	topics/quantum-information.md
quantum-theory	quantum|schr[oö]dinger|qubit|entanglement|bell inequality|mutually unbiased	13	6	12	8	1	assigned	topics/quantum-theory.md
ramsey-theory	ramsey	4	4	1	3	1	assigned	topics/ramsey-theory.md
random-graphs	random graph|erdos-r[eé]nyi|erd\\H\{o\}s-r[eé]nyi|erdős-r[eé]nyi|g\(n, ?p\)|random regular graph|random triangle removal	6	2	3	3	0	assigned	topics/random-graphs.md
random-matrices	random matric|matrix ensemble|\bgoe\b|\bgue\b|wigner|tracy-widom|covariance matric|singular value|eigenvalue spacing|band matrix|kovalev	1	1	0	0	0	assigned	topics/random-matrices.md
representation-theory	representation theor|irreducible representation|kac--moody|character of|hecke algebra|kazhdan--lusztig|crystal|tensor saturation|saxl|universal tensor|foulkes|fusion category	9	4	6	5	2	assigned	topics/representation-theory.md
ricci-flow	ricci flow	1	0	1	0	0	assigned	topics/ricci-flow.md
riemannian-geometry	riemannian|ricci|sectional curvature|geodesic|scalar curvature|isoperimet|einstein manifold|einstein metric|einstein four-manifold|three-manifold|four-manifold|three-torus|blaschke|bernstein rigidity|nonnegatively curved	29	10	26	17	0	assigned	topics/riemannian-geometry.md
sampling-and-counting	approximate counting|sampling|contingency table|polymatroid bases|margins|log-concave sampling|perfect-matching entropy	6	4	3	6	0	assigned	topics/sampling-and-counting.md
spectral-theory	spectral gap|eigenvalue|laplacian|isospectral|weyl law|hot spots|spectral scalar|kovalev-lindner|adjacency matrix	15	2	9	9	0	assigned	topics/spectral-theory.md
spin-glasses	spin glass|replica symmetry|parisi|sherrington--kirkpatrick|sk model|spin glasses	5	5	4	3	0	assigned	topics/spin-glasses.md
stable-homotopy	smith--toda|kervaire invariant|chromatic splitting|chromatic smith|chromatic homotopy|chromatic filtration|chromatic tower|k\(n\)-local|quillen|curtis's|thomason|cobordism|stable homotopy|homotopy hypothesis	8	8	7	2	0	assigned	topics/stable-homotopy.md
statistical-mechanics	ising|statistical mechanic|partition function|gibbs measure|phase transition|bkt|xy model|ashkin--teller|six-vertex|dimer|o\(n\) model|area law|haldane|bose--einstein|ferromagnetic|bloch's law|laughlin|low-temperature	21	15	19	9	2	assigned	topics/statistical-mechanics.md
surfaces	\bsurface	15	9	14	5	0	assigned	topics/surfaces.md
symplectic-geometry	symplectic|floer|poisson bracket|moment map|lagrangian|hamiltonian|ball-packing|hypersymplectic|contact|arnold|calabi flow	12	8	10	6	1	assigned	topics/symplectic-geometry.md
tropical-geometry	tropical	0	0	0	0	0	negative	topics/tropical-geometry.md
