stem	fam	files	page
basic-semidefinite-threshold-np-hardness	102	basic-semidefinite-threshold-np-hardness.pdf	theoretical-computer-science/102-unique-games-conjecture-and-optimal-approximation-thresholds.md
free-group-factor-isomorphism	287	free-group-factor-isomorphism.pdf	operator-algebras/287-all-nonabelian-free-group-factors-are-isomorphic.md
irrationality-exponent-of-pi	017	irrationality-exponent-of-pi.pdf	number-theory/017-irrationality-exponent-of-is-2.md
kaplansky-direct-finiteness-characteristic-two	197	kaplansky-direct-finiteness-characteristic-two.pdf	algebra/197-nonsofic-groups-and-group-ring-counterexamples.md
mezard-parisi-formula	221	mezard-parisi-formula.pdf|mezard-parisi-formula.tex	probability-and-statistical-mechanics/221-m-parisi-formula-for-diluted-spin-glasses.md
ordinary-two-point-correlations	007	ordinary-two-point-correlations.pdf	number-theory/007-two-point-chowla-and-the-corrected-binary-elliott-conjecture.md
quasipolynomial-arithmetic-progressions	159	quasipolynomial-arithmetic-progressions.pdf	combinatorics/159-erdoss-reciprocal-sum-conjecture-and-quasipolynomial-szemer-bounds.md
relativistic-vlasov-maxwell	362	relativistic-vlasov-maxwell.pdf	partial-differential-equations/362-global-smoothness-for-relativistic-vlasov-maxwell.md
spontaneous-magnetization-quantum-heisenberg-ferromagnet	271	spontaneous-magnetization-quantum-heisenberg-ferromagnet.pdf	mathematical-physics/271-blochs-law-and-spontaneous-ferromagnetic-order.md
symmetric-and-general-mahler-conjectures	087	symmetric-and-general-mahler-conjectures.pdf	convex-and-metric-geometry/087-mahler-conjectures-and-symplectic-width.md
